date,close,volume,外資,投信,自營商,三大法人合計(張),融資增減(張),K,D,RSI14,BB_upper,BB_lower,KD落入20以下,出現黃金交叉,趨勢向上非鈍化
2021-08-10,278.0,5277133,-2286,69,-257,-2474,,,,,,,False,False,False
2021-08-11,280.0,4529869,-692,18,-68,-742,,,,,,,False,False,False
2021-08-12,276.5,6088160,-2797,-12,-6,-2815,,,,,,,False,False,False
2021-08-13,274.0,7527257,-775,-455,-64,-1294,,,,,,,False,False,False
2021-08-16,279.0,6126427,777,-610,26,192,,,,,,,False,False,False
2021-08-17,262.0,13984799,-5945,14,-222,-6153,,,,,,,False,False,False
2021-08-18,267.0,13853377,-3724,71,69,-3584,,,,,,,False,False,False
2021-08-19,269.0,10480744,1890,75,-105,1860,,,,,,,False,False,False
2021-08-20,263.0,7558765,-3633,34,-124,-3723,,29.82,29.82,,,,False,False,False
2021-08-23,270.0,6074835,1092,-1377,90,-195,,39.38,33.01,,,,False,False,False
2021-08-24,268.0,4667138,-1158,-144,49,-1253,,43.56,36.53,,,,False,False,False
2021-08-25,277.5,6014849,753,30,34,817,,58.53,43.86,,,,False,False,False
2021-08-26,276.5,5811545,-821,-111,-32,-964,,66.18,51.3,,,,False,False,False
2021-08-27,279.0,5216537,601,-245,188,544,,74.37,58.99,,,,False,False,False
2021-08-30,279.5,3406797,-503,-5,-20,-528,,80.44,66.14,64.89,,,False,False,False
2021-08-31,270.5,13910947,-5341,-296,23,-5613,,67.14,66.47,54.31,,,False,False,False
2021-09-01,272.0,6737853,545,-140,30,435,,60.98,64.64,55.61,,,False,False,False
2021-09-02,268.5,5262670,-484,-389,-70,-943,,49.22,59.5,51.9,,,False,False,False
2021-09-03,272.0,5484830,644,-156,70,557,,48.05,55.69,55.12,,,False,False,False
2021-09-06,273.5,5386994,2125,-509,20,1635,,50.13,53.83,56.47,283.72,261.83,False,False,False
2021-09-07,271.5,5490679,1428,-311,-44,1072,,47.71,51.79,54.14,283.12,261.78,False,False,False
2021-09-08,270.5,4144768,279,-340,-212,-272,,45.35,49.64,52.96,282.06,261.89,False,False,False
2021-09-09,269.5,3262307,-232,-66,-8,-306,,41.69,46.99,51.75,281.53,261.72,False,False,False
2021-09-10,269.0,4632851,-892,-607,-1,-1500,,39.7,44.56,51.12,281.28,261.47,False,False,False
2021-09-13,263.5,8249708,-4031,-370,-10,-4410,,30.31,39.81,44.68,280.42,260.78,False,False,False
2021-09-14,263.5,4286100,368,-1048,-21,-701,,24.05,34.56,44.68,280.24,261.11,False,False,False
2021-09-15,258.0,7248862,-1765,280,-413,-1898,,16.04,28.38,38.98,281.25,259.2,False,False,False
2021-09-16,260.0,4406960,-1159,48,-56,-1167,,15.45,24.07,41.88,281.71,257.84,True,False,False
2021-09-17,256.0,8633675,-1554,-227,10,-1771,,11.97,20.04,37.99,282.55,256.3,True,False,False
2021-09-22,250.0,13073343,-1782,14,-220,-1987,,13.73,17.93,33.03,284.15,252.7,True,False,False
2021-09-23,251.5,4186548,-53,13,-10,-50,,17.18,17.68,35.3,285.06,250.14,True,False,False
2021-09-24,260.0,8349895,990,-169,81,902,,31.45,22.27,46.41,283.85,249.6,True,True,False
2021-09-27,258.0,6170750,-367,-199,-29,-596,,38.65,27.73,44.47,282.69,248.91,False,False,False
2021-09-28,252.5,6992850,-1117,-8,-2,-1127,,37.13,30.87,39.59,281.17,247.78,False,False,False
2021-09-29,248.5,8176227,-1224,97,-279,-1407,,30.06,30.6,36.45,279.5,246.35,False,False,False
2021-09-30,252.0,7346411,-102,91,5,-6,,30.64,30.61,40.87,278.86,245.14,False,True,False
2021-10-01,248.0,6401002,-1457,90,8,-1359,,24.98,28.73,37.65,278.07,243.53,False,False,False
2021-10-04,240.0,7606264,-2614,110,5,-2498,,17.84,25.1,32.19,278.57,240.18,False,False,False
2021-10-05,245.0,9473941,-818,144,148,-526,,20.78,23.66,38.22,277.28,238.77,True,False,False
2021-10-06,244.5,5931818,-616,-124,-72,-812,,22.19,23.17,37.85,275.28,237.87,False,False,False
2021-10-07,248.5,3944000,377,-77,193,493,,31.1,25.82,42.55,273.06,237.79,False,True,False
2021-10-08,250.5,4182013,360,8,-19,349,,42.16,31.27,44.8,270.68,238.17,False,False,False
2021-10-12,247.0,4859003,-696,11,-9,-694,,48.94,37.16,41.72,268.22,238.38,False,False,False
2021-10-13,246.5,4147073,-62,49,17,3,,52.42,42.25,41.29,265.41,238.94,False,False,False
2021-10-14,235.5,9780934,-3983,-184,6,-4161,,34.95,39.81,33.09,264.86,236.69,False,False,False
2021-10-15,240.0,9740496,-276,-69,11,-334,,33.21,37.61,38.47,263.12,236.08,False,False,False
2021-10-18,249.5,11667731,-1427,3647,-52,2168,,46.53,40.58,47.98,262.11,236.24,False,True,False
2021-10-19,259.0,11351102,-2455,3395,151,1092,,60.72,47.29,55.4,261.89,236.36,False,False,False
2021-10-20,254.5,9545918,-2936,40,56,-2839,,64.72,53.1,51.64,261.66,236.44,False,False,False
2021-10-21,253.0,5999358,-730,-50,-90,-870,,65.57,57.26,50.42,261.93,236.47,False,False,False
2021-10-22,244.0,8862261,-2532,-137,-15,-2685,,55.23,56.58,43.7,261.71,235.94,False,False,False
2021-10-25,242.5,5570521,-1271,-56,0,-1326,,46.52,53.23,42.68,259.99,235.91,False,False,False
2021-10-26,244.5,6563215,20,54,-53,21,,43.13,49.86,44.54,258.42,236.13,False,False,False
2021-10-27,244.5,5497868,393,-169,18,241,,40.88,46.87,44.54,257.8,235.95,False,False,False
2021-10-28,252.5,9107767,2157,-5,61,2213,,45.5,46.41,51.79,258.27,235.88,False,False,False
2021-10-29,245.0,9955504,-1508,-11,69,-1450,,36.69,43.17,45.75,257.71,235.74,False,False,False
2021-11-01,257.5,11586092,2712,315,42,3069,,54.19,46.84,55.14,259.19,235.21,False,True,False
2021-11-02,252.0,10822782,-3061,1520,130,-1412,,55.94,49.88,50.96,259.47,236.13,False,False,False
2021-11-03,247.0,9326306,-3321,126,53,-3141,,48.11,49.29,47.44,259.51,236.29,False,False,False
2021-11-04,253.5,9037097,1964,-27,10,1947,,54.59,51.06,52.08,260.1,236.6,False,True,False
2021-11-05,262.0,10784782,4372,-33,146,4485,,68.14,56.75,57.37,262.27,235.78,False,False,False
2021-11-08,259.5,6807337,-1772,-49,-43,-1865,,71.94,61.82,55.43,263.51,235.44,False,False,False
2021-11-09,266.0,7107013,1334,-52,27,1310,,81.3,68.31,59.29,266.22,234.63,False,False,False
2021-11-10,265.0,6373621,844,-10,-173,661,,83.18,73.27,58.45,268.3,234.4,False,False,False
2021-11-11,259.0,4532358,-2302,-10,-14,-2326,,75.74,74.09,53.56,268.05,237.0,False,False,False
2021-11-12,261.0,3753645,104,-34,57,127,,73.22,73.8,54.91,268.36,238.79,False,False,False
2021-11-15,260.0,4539459,-1106,-157,89,-1174,,70.03,72.54,54.07,269.02,239.18,False,False,False
2021-11-16,256.0,6695666,-1836,-12,62,-1787,,59.51,68.2,50.69,268.72,239.18,False,False,False
2021-11-17,261.5,7065536,1037,-416,619,1239,,56.95,64.45,54.86,269.45,239.15,False,False,False
2021-11-18,260.0,6053159,-504,-246,-3,-753,,51.55,60.15,53.53,270.0,239.3,False,False,False
2021-11-19,261.0,3614326,388,-80,-69,240,,50.42,56.91,54.33,270.23,240.77,False,False,False
2021-11-22,259.0,2317632,-610,-30,22,-618,,44.72,52.84,52.4,269.79,242.86,False,False,False
2021-11-23,255.0,4821683,-1157,-79,-1,-1237,,31.67,45.78,48.67,269.14,244.56,False,False,False
2021-11-24,256.0,3221967,-203,21,35,-147,,26.67,39.41,49.63,268.27,246.58,False,False,False
2021-11-25,259.0,4508576,99,19,-47,71,,34.44,37.76,52.52,268.36,247.14,False,False,False
2021-11-26,252.0,6718220,-1668,24,45,-1599,,22.96,32.83,45.92,267.31,248.89,False,False,False
2021-11-29,253.5,3195619,773,26,63,863,,23.95,29.87,47.44,267.33,248.47,False,False,False
2021-11-30,256.0,11610712,916,31,-49,898,,30.78,30.17,49.97,267.17,249.03,False,True,False
2021-12-01,258.0,2931663,42,-13,73,101,,41.85,34.07,51.96,266.07,251.23,False,False,False
2021-12-02,261.5,5943337,637,-73,-35,529,,58.57,42.23,55.32,266.16,251.94,False,False,False
2021-12-03,261.5,5303737,-291,50,-44,-285,,65.48,49.98,55.32,266.09,251.96,False,False,False
2021-12-06,261.0,4449113,-487,56,1,-430,,68.94,56.3,54.69,266.22,251.98,False,False,False
2021-12-07,263.0,3668936,356,-13,-9,334,,74.85,62.49,56.81,265.57,252.33,False,False,False
2021-12-08,261.0,4185042,-128,-128,35,-221,,72.82,65.93,54.08,264.82,252.68,False,False,False
2021-12-09,269.0,7646881,3661,-3,50,3709,,81.88,71.25,61.97,266.86,251.64,False,False,True
2021-12-10,271.0,7569090,1052,324,24,1401,,84.22,75.57,63.65,268.98,250.52,False,False,True
2021-12-13,270.0,5815472,-283,83,4,-196,,81.37,77.5,62.17,270.56,249.94,False,False,True
2021-12-14,269.0,5362877,-153,1024,-61,811,,77.67,77.56,60.65,271.71,250.09,False,False,True
2021-12-15,267.5,4316887,-956,62,-26,-920,,70.53,75.22,58.35,272.4,250.0,False,False,True
2021-12-16,266.0,5712654,-1029,-78,2,-1105,,62.64,71.02,56.06,272.89,250.11,False,False,True
2021-12-17,269.0,6886836,901,-39,10,871,,62.45,68.17,59.48,273.77,250.03,False,False,True
2021-12-20,264.0,3285042,-1363,-6,-160,-1530,,49.04,61.79,52.18,273.97,250.33,False,False,True
2021-12-21,266.0,2364906,331,22,8,361,,42.42,55.33,54.58,274.14,251.26,False,False,True
2021-12-22,265.5,1620027,-315,-54,-8,-377,,34.34,48.34,53.85,274.22,252.13,False,False,True
2021-12-23,270.0,3858283,-16,-75,47,-44,,42.59,46.42,59.14,274.99,252.46,False,False,True
2021-12-24,270.5,2160977,562,-88,-29,446,,54.32,49.05,59.69,274.85,254.45,False,True,True
2021-12-27,275.5,4632946,2112,-12,143,2244,,66.98,55.03,64.81,275.63,255.87,False,False,True
2021-12-28,277.5,3859876,-529,-72,-16,-617,,75.77,61.94,66.64,276.91,256.74,False,False,True
2021-12-29,278.0,3669085,50,-78,4,-24,,79.8,67.9,67.1,278.19,257.46,False,False,True
2021-12-30,275.0,2325690,-90,-149,13,-226,,76.43,70.74,61.61,278.89,258.11,False,False,True
2022-01-03,282.0,6016868,621,37,48,706,,83.36,74.95,68.16,280.99,258.06,False,False,True
2022-01-04,297.0,15957471,3598,705,365,4668,,87.88,79.26,77.14,287.5,255.15,False,False,True
2022-01-05,290.5,10289849,-415,13,95,-306,,81.27,79.93,68.17,290.49,254.91,False,False,True
2022-01-06,291.0,7366728,1333,-6,-5,1322,,76.06,78.64,68.47,292.87,255.53,False,False,True
2022-01-07,283.0,7297571,-1102,0,-136,-1238,,63.61,73.63,58.79,293.8,256.0,False,False,True
2022-01-10,283.5,5786182,-384,-2,48,-338,,52.9,66.72,59.18,294.7,256.35,False,False,True
2022-01-11,287.0,10416887,566,29,39,634,,50.08,61.17,61.89,296.02,256.73,False,False,True
2022-01-12,282.0,6907656,1370,-8,94,1455,,42.03,54.79,56.16,296.51,257.54,False,False,True
2022-01-13,277.0,6562426,-1380,-38,-49,-1467,,30.49,46.69,51.07,296.46,258.54,False,False,True
2022-01-14,271.5,6807498,-613,-318,-95,-1026,,23.76,39.05,46.12,296.18,259.37,False,False,True
2022-01-17,273.5,3436517,242,-158,-25,58,,21.23,33.11,48.09,296.06,259.94,False,False,True
2022-01-18,274.0,2738285,-80,53,-108,-135,,22.15,29.46,48.59,295.45,261.55,False,False,True
2022-01-19,275.0,4780260,536,132,-298,370,,24.1,27.67,49.65,294.96,262.94,False,False,True
2022-01-20,272.5,7289150,-775,-123,19,-878,,22.59,25.98,47.04,294.35,264.25,False,False,True
2022-01-21,272.5,4605998,295,105,81,481,,21.58,24.51,47.04,294.18,264.67,False,False,True
2022-01-24,272.0,2422888,-254,90,-28,-191,,20.18,23.07,46.48,294.08,264.92,False,False,True
2022-01-25,269.0,7845713,-1244,183,-220,-1281,,19.17,21.77,43.13,294.41,263.94,False,False,True
2022-01-26,268.0,5296973,-1656,147,-21,-1531,,18.84,20.79,42.04,294.72,262.68,True,False,True
2022-02-07,271.0,11535033,146,87,57,290,,27.05,22.88,46.41,294.74,261.96,True,True,True
2022-02-08,269.0,14044237,-2501,978,59,-1465,,26.73,24.16,44.02,294.91,261.19,False,False,True
2022-02-09,269.5,5602310,-1768,792,200,-776,,27.97,25.43,44.79,294.59,260.26,False,False,True
2022-02-10,269.5,6223557,-1894,0,30,-1864,,28.79,26.55,44.79,290.86,261.24,False,False,True
2022-02-11,265.5,7225115,-1934,618,-29,-1345,,19.19,24.1,39.76,288.67,260.93,False,False,False
2022-02-14,256.0,8280971,-3539,195,-258,-3603,,13.55,20.58,30.89,287.14,258.96,True,False,False
2022-02-15,253.5,8309813,-2259,-50,-63,-2373,,11.0,17.39,29.05,287.35,255.8,True,False,False
2022-02-16,258.5,5341127,-116,23,-16,-109,,15.83,16.87,37.11,286.09,254.56,True,False,False
2022-02-17,261.0,5381391,-711,29,135,-546,,22.32,18.68,40.73,283.21,254.84,True,True,False
2022-02-18,261.5,2362009,-236,65,4,-167,,30.32,22.56,41.46,281.16,254.84,False,False,False
2022-02-21,260.0,2219114,-835,57,40,-737,,34.25,26.46,39.88,280.05,254.25,False,False,False
2022-02-22,257.0,4363669,-1342,255,-106,-1193,,31.61,28.18,36.85,279.92,252.93,False,False,False
2022-02-23,259.0,3458502,-17,318,48,349,,34.8,30.38,40.11,279.15,252.25,False,False,False
2022-02-24,253.5,6870801,-1877,114,-22,-1785,,27.36,29.38,34.79,278.58,250.77,False,False,False
2022-02-25,246.5,16782733,-7912,246,62,-7603,,19.25,26.0,29.44,278.48,248.02,False,False,False
2022-03-01,256.5,15815080,2245,79,248,2571,,34.05,28.68,42.94,277.31,247.59,True,True,False
2022-03-02,255.0,5954975,-721,121,128,-472,,40.88,32.75,41.66,275.99,247.16,False,False,False
2022-03-03,256.0,7976318,-1726,157,84,-1484,,48.09,37.86,42.89,274.52,247.03,False,False,False
2022-03-04,254.5,5939934,-594,196,-57,-455,,50.95,42.22,41.47,273.49,246.61,False,False,False
2022-03-07,247.0,13996103,-2851,563,-146,-2434,,36.19,40.21,35.23,273.09,244.91,False,False,False
2022-03-08,235.5,13417566,-5801,483,108,-5209,,25.98,35.47,28.21,273.7,240.75,False,False,False
2022-03-09,241.5,7176588,-1555,176,839,-540,,27.73,32.89,35.44,272.77,238.93,False,False,False
2022-03-10,254.5,10337175,1665,534,-14,2185,,46.96,37.58,47.71,270.75,239.45,False,True,False
2022-03-11,262.0,10922131,3080,1314,-300,4093,,62.42,45.86,53.24,269.24,240.21,False,False,False
2022-03-14,257.5,4388711,-940,122,-297,-1115,,67.72,53.15,49.84,268.01,240.64,False,False,False
2022-03-15,251.5,6432804,821,275,-391,705,,64.59,56.96,45.65,267.82,240.38,False,False,False
2022-03-16,249.0,9183097,-2419,512,-133,-2040,,59.73,57.88,43.99,267.78,239.97,False,False,False
2022-03-17,260.5,8834656,2625,-4,175,2796,,69.26,61.68,52.53,268.05,239.9,False,False,False
2022-03-18,256.0,10350076,572,-62,-21,489,,70.62,64.66,49.36,267.45,240.0,False,False,False
2022-03-21,261.0,5640871,1570,353,96,2018,,75.74,68.35,52.77,267.36,240.04,False,False,False
2022-03-22,262.0,3973695,1266,50,14,1330,,78.27,71.66,53.45,267.68,239.92,False,False,False
2022-03-23,264.5,3096282,-131,26,108,3,,82.88,75.4,55.18,268.81,239.54,False,False,False
2022-03-24,266.5,5972418,2138,-14,70,2195,,86.96,79.25,56.57,270.06,239.04,False,False,False
2022-03-25,268.0,4900943,1550,-29,-9,1512,,88.41,82.3,57.63,271.9,238.65,False,False,True
2022-03-28,265.0,2745584,-293,6,-94,-381,,85.03,83.21,54.75,272.82,239.58,False,False,False
2022-03-29,266.0,3662412,178,509,57,744,,82.17,82.87,55.55,273.87,239.48,False,False,False
2022-03-30,268.0,4848041,369,510,198,1077,,83.82,83.18,57.17,275.22,239.43,False,True,False
2022-03-31,268.5,3525183,1006,45,-45,1005,,84.86,83.74,57.59,276.51,239.39,False,False,False
2022-04-01,268.5,4924353,863,198,-42,1018,,85.56,84.35,57.59,277.71,239.59,False,False,False
2022-04-06,263.5,6311304,-728,516,72,-139,,71.53,80.08,51.74,277.83,241.12,False,False,False
2022-04-07,261.0,6898781,727,162,-138,751,,54.94,71.7,49.06,275.23,246.27,False,False,False
2022-04-08,261.0,4201444,896,488,-8,1376,,43.87,62.42,49.06,273.02,250.43,False,False,False
2022-04-11,250.5,5596624,-952,191,213,-548,,29.25,51.36,39.17,273.48,249.57,False,False,False
2022-04-12,248.5,5785795,-92,144,110,162,,21.67,41.47,37.61,274.14,247.56,False,False,False
2022-04-13,255.5,4437755,434,93,84,611,,26.77,36.57,45.73,274.18,247.32,False,False,False
2022-04-14,253.0,2718447,272,31,-51,252,,26.73,33.29,43.55,274.05,247.6,False,False,False
2022-04-15,249.5,2275697,-615,70,-124,-669,,21.61,29.4,40.63,273.98,247.72,False,False,False
2022-04-18,247.5,2368243,-653,139,-84,-598,,17.24,25.34,39.02,274.63,245.77,False,False,False
2022-04-19,247.5,1912810,-344,9,49,-286,,14.91,21.87,39.02,275.19,244.36,True,False,False
2022-04-20,251.0,4848039,537,252,-60,729,,19.34,21.03,43.56,275.16,243.39,True,False,False
2022-04-21,253.0,3026359,407,172,-15,564,,27.18,23.08,46.04,274.9,242.75,True,True,False
2022-04-22,246.0,6195362,-3118,-111,78,-3151,,19.51,21.89,39.51,274.71,241.09,False,False,False
2022-04-25,236.5,7779870,-3442,100,-97,-3439,,13.78,19.19,32.73,275.21,237.59,True,False,False
2022-04-26,252.0,8554987,3190,-14,-26,3150,,33.99,24.12,48.31,273.68,237.52,True,True,False
2022-04-27,245.0,7106050,-272,270,-104,-106,,38.88,29.04,43.42,272.71,236.49,False,False,False
2022-04-28,246.5,5052885,-405,45,104,-256,,44.84,34.31,44.71,271.24,236.01,False,False,False
2022-04-29,250.0,5199982,736,22,-152,606,,55.12,41.24,47.71,269.04,236.41,False,False,False
2022-05-03,242.5,3831679,-1234,-107,19,-1321,,48.46,43.65,42.4,266.55,236.3,False,False,False
2022-05-04,241.0,3346859,-256,-291,9,-538,,41.31,42.87,41.41,263.55,236.55,False,False,False
2022-05-05,241.0,3422465,-857,-271,6,-1122,,37.96,41.23,41.41,261.42,236.43,False,False,False
2022-05-06,234.0,7888369,-3191,51,28,-3112,,29.37,37.28,36.75,260.4,234.75,False,False,False
2022-05-09,230.0,5124854,-1207,2,-34,-1240,,22.36,32.31,34.38,259.5,232.55,False,False,False
2022-05-10,226.5,5508998,-1154,29,61,-1064,,19.91,28.17,32.4,260.68,228.97,False,False,False
2022-05-11,223.5,4253982,-250,-164,-29,-443,,14.94,23.76,30.77,261.95,225.2,True,False,False
2022-05-12,218.5,4792688,-115,-238,-131,-484,,10.92,19.48,28.22,262.36,221.09,True,False,False
2022-05-13,221.0,4967212,567,-1122,162,-392,,11.32,16.76,31.28,262.0,218.25,True,False,False
2022-05-16,223.0,3106413,316,-270,89,135,,14.45,15.99,33.72,261.48,216.12,True,False,False
2022-05-17,225.0,4420048,-124,50,113,39,,19.15,17.04,36.17,260.77,214.58,True,True,False
2022-05-18,231.0,5088159,866,-26,-12,828,,36.1,23.4,42.96,259.64,214.06,True,False,False
2022-05-19,222.0,4505088,-1554,-117,-93,-1764,,34.49,27.09,36.66,258.09,212.71,False,False,False
2022-05-20,226.5,4390844,589,146,28,763,,42.78,32.32,41.29,255.5,212.65,False,False,False
2022-05-23,225.0,2846212,-477,74,42,-361,,45.19,36.61,40.24,254.04,212.01,False,False,False
2022-05-24,220.0,2556439,-568,0,-5,-573,,36.38,36.53,36.85,253.93,210.47,False,False,False
2022-05-25,222.5,4524643,2163,-1860,123,426,,35.71,36.26,39.59,250.73,210.72,False,False,False
2022-05-26,224.0,2682678,532,63,-58,536,,34.06,35.53,41.23,248.71,210.64,False,False,False
2022-05-27,231.5,5473693,734,326,228,1287,,51.1,40.72,48.75,246.27,211.58,False,True,False
2022-05-30,238.5,5288426,415,239,164,818,,66.52,49.32,54.59,243.36,213.34,False,False,False
2022-05-31,241.5,7771519,1210,18,-34,1195,,77.68,58.77,56.86,243.12,213.48,False,False,False
2022-06-01,241.5,2461392,614,29,-94,550,,83.64,67.06,56.86,243.24,213.41,False,False,False
2022-06-02,236.5,2764307,-123,0,-37,-160,,80.2,71.44,51.85,242.33,213.87,False,False,False
2022-06-06,239.0,3501505,232,-250,66,48,,81.62,74.84,54.03,243.18,213.52,False,False,False
2022-06-07,233.0,5514275,-1820,-22,58,-1784,,73.67,74.45,48.37,243.46,213.54,False,False,False
2022-06-08,234.5,2569910,-182,8,125,-49,,69.11,72.67,49.79,244.06,213.74,False,False,False
2022-06-09,235.0,3516530,467,-152,35,350,,65.12,70.15,50.28,244.64,214.31,False,False,False
2022-06-10,237.0,3202529,599,-98,93,594,,61.47,67.26,52.28,244.99,215.81,False,False,False
2022-06-13,228.0,4705066,-2070,21,-82,-2130,,44.11,59.54,43.74,244.72,216.78,False,False,False
2022-06-14,228.5,4558653,-420,56,-12,-376,,38.81,52.63,44.28,244.56,217.49,False,False,False
2022-06-15,225.0,4681984,-1189,10,21,-1158,,29.79,45.02,41.27,244.56,217.49,False,False,False
2022-06-16,227.5,6206389,119,158,-15,262,,28.95,39.66,44.19,244.48,217.22,False,False,False
2022-06-17,227.0,7288646,-699,319,-20,-400,,32.63,37.32,43.72,244.22,217.98,False,False,False
2022-06-20,220.0,4525643,-1494,135,0,-1359,,23.42,32.69,37.7,244.67,216.88,False,False,False
2022-06-21,232.5,4738342,1466,429,371,2266,,38.12,34.5,50.75,244.79,217.51,False,True,False
2022-06-22,226.5,3824024,-832,254,437,-141,,37.91,35.63,45.79,244.28,218.67,False,False,False
2022-06-23,234.0,7554481,368,1154,644,2167,,54.69,41.98,52.09,244.18,219.92,False,False,False
2022-06-24,239.0,7647712,712,402,824,1938,,66.76,50.24,55.78,244.68,220.92,False,False,False
2022-06-27,236.5,6113362,-544,401,119,-24,,71.02,57.17,53.56,245.03,221.07,False,False,False
2022-06-28,236.0,5713340,-437,673,-20,215,,73.11,62.48,53.1,244.71,221.14,False,False,False
2022-06-29,227.5,6744311,-1459,404,-56,-1111,,61.62,62.19,45.95,243.52,220.93,False,False,False
2022-06-30,221.5,6259215,31,127,200,358,,43.46,55.95,41.68,242.61,219.84,False,False,False
2022-07-01,221.5,8490123,-784,333,80,-370,,32.76,48.22,41.68,242.36,218.59,False,False,False
2022-07-04,219.0,7115072,-2334,1602,334,-399,,28.01,41.48,39.89,241.7,217.25,False,False,False
2022-07-05,220.5,6868597,33,1637,322,1992,,26.7,36.56,41.51,241.58,216.12,False,False,False
2022-07-06,210.5,7356320,-944,265,-59,-738,,17.8,30.3,34.77,242.49,212.81,False,False,False
2022-07-07,221.0,7628167,1360,1652,265,3277,,23.53,28.05,44.89,241.65,212.25,True,False,False
2022-07-08,227.5,7396934,-284,1635,155,1507,,35.57,30.56,50.06,240.4,212.55,False,True,False
2022-07-11,229.5,3607082,-1366,1117,-29,-278,,56.19,39.1,51.56,240.53,212.57,False,False,False
2022-07-12,231.0,5352617,-684,1297,-330,283,,67.83,48.68,52.71,240.77,212.58,False,False,False
2022-07-13,239.5,11478333,-1800,1785,400,386,,74.97,57.44,58.7,242.58,212.22,False,False,False
2022-07-14,239.5,9231421,-1557,420,250,-888,,78.83,64.57,58.7,244.12,211.88,False,False,False
2022-07-15,245.0,8337631,685,256,130,1071,,84.06,71.07,62.28,246.7,211.1,False,False,False
2022-07-18,245.0,6454944,-1494,524,15,-955,,86.3,76.15,62.28,248.81,211.49,False,False,False
2022-07-19,246.0,4058648,607,95,-30,671,,88.52,80.27,62.96,250.78,210.87,False,False,False
2022-07-20,249.0,5998691,599,111,10,720,,90.2,83.58,64.99,253.36,210.54,False,False,True
2022-07-21,250.0,5954625,-232,-286,1174,656,,90.8,85.99,65.67,255.63,209.87,False,False,False
2022-07-22,248.0,6404851,101,-291,1367,1177,,87.94,86.64,63.05,256.93,209.47,False,False,True
2022-07-25,250.5,5645128,909,-65,802,1646,,88.63,87.3,64.93,258.84,208.96,False,False,True
2022-07-26,249.0,3565803,1463,23,-234,1252,,85.01,86.54,62.86,260.38,208.72,False,False,False
2022-07-27,254.0,5613526,806,84,555,1445,,90.01,87.69,66.68,262.88,208.87,False,True,True
2022-07-28,262.0,11733773,1929,1705,-25,3609,,88.46,87.95,71.69,266.39,209.41,False,False,True
2022-07-29,258.0,8407316,-1295,193,-58,-1160,,80.92,85.61,66.32,268.47,210.98,False,False,True
2022-08-01,258.5,5504307,-1023,330,154,-539,,76.71,82.64,66.66,269.87,213.53,False,False,True
2022-08-02,258.5,10858156,-181,203,-208,-186,,73.91,79.73,66.66,270.86,216.34,False,False,True
2022-08-03,264.0,8447302,1784,306,-51,2040,,80.98,80.15,70.42,270.15,222.4,False,True,True
2022-08-04,261.0,11719192,-379,429,-88,-39,,80.18,80.16,66.04,269.83,226.72,False,False,True
2022-08-05,262.5,5516430,774,22,-170,626,,81.38,80.56,67.14,270.11,229.94,False,False,True
2022-08-08,264.5,3207239,558,42,74,674,,85.73,82.29,68.6,270.37,233.18,False,False,True
2022-08-09,265.0,6644213,-1193,191,90,-912,,84.24,82.94,68.98,270.2,236.75,False,False,True
2022-08-10,272.0,10408955,813,567,27,1407,,89.49,85.12,73.67,272.41,237.79,False,False,True
2022-08-11,272.5,8694098,-86,43,-179,-222,,93.0,87.75,73.98,274.09,239.41,False,False,True
2022-08-12,267.0,7833269,-2682,-536,174,-3044,,86.39,87.29,65.1,274.84,240.86,False,False,True
2022-08-15,274.0,7097852,2524,117,-240,2402,,90.02,88.2,70.03,276.62,241.98,False,True,True
2022-08-16,272.5,3813224,506,79,-130,455,,89.18,88.53,67.82,277.71,243.54,False,False,True
2022-08-17,272.5,5804784,-265,-99,156,-208,,86.12,87.73,67.82,278.75,244.85,False,False,True
2022-08-18,272.5,3244528,1116,-83,-59,974,,84.08,86.51,67.82,279.56,246.29,False,False,True
2022-08-19,272.5,2935977,734,-104,24,654,,82.49,85.17,67.82,279.74,248.56,False,False,True
2022-08-22,269.5,5441753,353,-271,169,250,,69.28,79.87,62.51,279.45,250.75,False,False,True
2022-08-23,266.0,6883085,388,22,-444,-34,,51.98,70.58,56.91,278.14,253.76,False,False,True
2022-08-24,267.0,4295091,888,-53,-30,805,,43.35,61.5,58.06,277.41,255.79,False,False,True
2022-08-25,268.0,3155740,571,-320,487,737,,40.5,54.5,59.24,277.51,256.29,False,False,True
2022-08-26,268.0,5633190,1130,-264,-174,691,,38.59,49.2,59.24,277.15,257.65,False,False,True
2022-08-29,262.5,6330407,-79,17,-312,-374,,29.18,42.52,50.24,276.72,258.48,False,False,True
2022-08-30,264.0,5617081,697,-190,-32,475,,27.14,37.4,52.37,276.13,259.62,False,False,True
2022-08-31,263.0,4871258,-1047,-192,43,-1195,,26.14,33.64,50.81,276.19,259.46,False,False,True
2022-09-01,258.5,7501336,-961,-359,-427,-1747,,24.27,30.52,44.41,276.56,258.84,False,False,True
2022-09-02,255.0,5348874,-175,-65,137,-103,,18.14,26.39,40.17,277.63,257.02,False,False,True
2022-09-05,255.5,3225244,222,6,-5,223,,15.03,22.61,41.04,278.41,255.34,True,False,True
2022-09-06,257.5,4194272,218,371,-22,567,,17.09,20.77,44.5,278.76,254.24,True,False,True
2022-09-07,257.0,4342047,0,270,-241,29,,19.01,20.18,43.81,278.42,253.08,True,False,True
2022-09-08,268.0,7861366,1195,542,41,1778,,43.93,28.1,58.94,277.84,253.21,True,True,True
2022-09-12,270.0,5180786,645,98,11,754,,57.62,37.94,60.99,278.14,253.21,False,False,True
2022-09-13,269.0,5441917,-1000,114,120,-766,,65.08,46.98,59.39,277.38,253.47,False,False,True
2022-09-14,268.0,6242749,-584,942,-68,290,,68.39,54.12,57.76,276.75,253.65,False,False,True
2022-09-15,270.5,4779338,-7,416,40,449,,74.76,61.0,60.67,276.42,253.78,False,False,True
2022-09-16,264.5,6930504,-1655,-53,-124,-1833,,69.0,63.67,51.5,275.47,253.93,False,False,True
2022-09-19,269.0,3618870,577,16,-12,581,,72.67,66.67,56.78,274.87,254.18,False,False,True
2022-09-20,271.0,4435642,302,27,421,751,,78.45,70.59,58.92,275.12,254.08,False,False,True
2022-09-21,267.0,3445371,-427,6,74,-346,,73.13,71.44,53.24,275.2,254.1,False,False,True
2022-09-22,270.0,3947671,-133,61,293,221,,73.0,71.96,56.61,275.58,254.02,False,False,True
2022-09-23,266.5,3275336,-232,251,-5,14,,62.3,68.74,51.9,275.43,254.02,False,False,True
2022-09-26,260.5,5898794,-2022,379,-19,-1662,,46.3,61.26,44.99,275.1,253.6,False,False,True
2022-09-27,262.0,5054872,-321,100,303,82,,39.2,53.9,46.9,275.09,253.56,False,False,True
2022-09-28,252.0,7137981,-965,120,-151,-997,,26.13,44.65,37.56,275.82,251.63,False,False,False
2022-09-29,252.5,6470745,-95,78,-61,-78,,21.77,37.02,38.23,276.3,250.1,False,False,False
2022-09-30,253.0,6887222,-1397,151,57,-1189,,25.04,33.03,38.92,276.66,249.19,False,False,False
2022-10-03,252.0,2777656,-163,61,19,-84,,26.57,30.87,38.0,276.93,248.62,False,False,False
2022-10-04,258.5,3870415,-47,152,260,365,,35.95,32.57,46.83,276.82,249.03,False,True,False
2022-10-05,269.5,8613900,2164,-3,5,2166,,55.45,40.19,57.79,277.47,249.58,False,False,True
2022-10-06,278.5,11926595,6178,696,23,6897,,68.91,49.77,64.28,279.69,249.51,False,False,True
2022-10-07,275.0,6700054,-290,249,-138,-179,,73.87,57.8,60.39,280.68,249.22,False,False,True
2022-10-11,264.5,12360422,-4733,184,214,-4335,,67.71,61.1,50.52,280.23,249.12,False,False,True
2022-10-12,272.0,9180429,727,265,156,1148,,70.37,64.19,56.05,280.61,249.04,False,False,True
2022-10-13,268.0,7903746,-3136,874,-97,-2359,,68.53,65.64,52.67,280.61,249.04,False,False,True
2022-10-14,266.0,6284511,-1499,163,136,-1200,,63.64,64.97,51.01,280.17,249.03,False,False,True
2022-10-17,268.5,8521075,1360,123,150,1633,,60.04,63.33,53.0,280.47,249.13,False,False,True
2022-10-18,272.5,7976399,448,637,221,1306,,60.48,62.38,56.08,280.92,249.03,False,False,True
2022-10-19,268.0,4380952,-490,-51,375,-166,,53.96,59.57,51.96,280.58,249.07,False,False,True
2022-10-20,265.5,7629960,-372,291,180,99,,45.82,54.99,49.77,280.48,249.02,False,False,True
2022-10-21,267.0,7053025,1731,161,-41,1850,,46.23,52.07,51.1,280.18,249.02,False,False,True
2022-10-24,268.5,7141308,415,429,413,1258,,48.53,50.89,52.46,280.35,249.05,False,False,True
2022-10-25,259.5,13151518,-4021,63,794,-3164,,41.77,47.85,44.49,280.36,248.94,False,False,False
2022-10-26,256.0,7492981,1065,-90,499,1475,,32.81,42.84,41.83,280.5,248.2,False,False,False
2022-10-27,258.0,5945462,820,-24,114,909,,29.68,38.45,43.89,280.04,249.26,False,False,False
2022-10-28,258.0,9294142,630,-66,-39,525,,27.59,34.83,43.89,279.58,250.27,False,False,False
2022-10-31,257.5,7963942,-1253,478,85,-690,,26.52,32.06,43.45,279.16,251.14,False,False,False
2022-11-01,261.0,7942722,-242,-319,171,-390,,31.85,31.99,47.48,278.35,252.85,False,False,False
2022-11-02,268.5,9398258,2496,-95,-3,2398,,47.9,37.29,54.9,278.46,253.74,False,True,True
2022-11-03,267.0,4362147,-564,81,17,-466,,56.1,43.56,53.28,278.24,253.71,False,False,True
2022-11-04,269.5,4090938,-151,-34,151,-34,,68.03,51.72,55.63,276.44,254.61,False,False,False
2022-11-07,273.0,5509750,1339,-150,-7,1182,,78.69,60.71,58.76,276.0,254.85,False,False,True
2022-11-08,274.0,6527111,1463,-252,281,1493,,82.46,67.96,59.64,277.14,254.66,False,False,True
2022-11-09,274.0,5240371,-459,-30,-3,-492,,84.24,73.38,59.64,277.5,254.5,False,False,False
2022-11-10,271.0,3721654,134,-46,-66,22,,80.55,75.77,55.53,277.83,254.47,False,False,False
2022-11-11,283.5,13423092,5052,-53,234,5233,,85.25,78.93,66.03,281.05,253.0,False,False,True
2022-11-14,285.5,7002961,2956,-16,-453,2486,,87.44,81.77,67.35,284.16,251.59,False,False,True
2022-11-15,293.0,10781385,4438,33,-578,3894,,91.63,85.06,71.8,288.62,249.18,False,False,True
2022-11-16,288.5,9478161,529,226,-652,103,,88.1,86.07,65.99,291.5,248.35,False,False,True
2022-11-17,292.0,4341817,1525,-11,75,1589,,89.73,87.29,68.15,294.84,247.66,False,False,True
2022-11-18,293.0,4257975,973,182,-284,871,,89.38,87.98,68.76,297.95,247.15,False,False,True
2022-11-21,293.5,5565437,-281,584,-25,278,,88.68,88.22,69.08,300.77,246.83,False,False,True
2022-11-22,293.5,5837613,-1073,113,-99,-1059,,88.21,88.21,69.08,302.96,248.04,False,False,True
2022-11-23,295.5,4737019,1958,-1,-53,1904,,88.89,88.44,70.48,304.71,250.24,False,True,True
2022-11-24,302.0,7122131,2783,879,223,3885,,92.59,89.82,74.51,307.39,251.96,False,False,True
2022-11-25,302.0,7198271,248,71,-143,176,,91.73,90.46,74.51,309.33,254.42,False,False,True
2022-11-28,293.0,7980368,956,-1265,-208,-517,,72.92,84.61,61.1,308.98,258.32,False,False,True
2022-11-29,298.0,6486048,1612,-1117,-71,424,,70.18,79.8,64.88,309.21,261.79,False,False,True
2022-11-30,302.0,8239691,951,509,-475,986,,75.95,78.52,67.6,310.56,263.79,False,False,True
2022-12-01,305.0,7400572,1169,120,-115,1174,,81.27,79.43,69.5,311.72,266.43,False,True,True
2022-12-02,305.0,4401540,1422,-634,-171,618,,84.81,81.23,69.5,312.59,269.11,False,False,True
2022-12-05,302.5,2994016,173,-312,-144,-283,,80.68,81.04,65.77,312.93,271.72,False,False,True
2022-12-06,301.0,5724940,975,-3,-69,903,,74.47,78.85,63.56,312.71,274.64,False,False,True
2022-12-07,294.5,6790887,-1819,-107,231,-1696,,56.32,71.34,54.96,311.33,278.07,False,False,True
2022-12-08,294.5,5027976,-711,-16,123,-604,,48.02,63.57,54.96,308.22,283.53,False,False,True
2022-12-09,294.5,4371980,-531,-85,-127,-743,,42.49,56.54,54.96,307.35,285.5,False,False,True
2022-12-12,293.5,3085211,106,34,8,148,,36.9,49.99,53.56,306.59,287.06,False,False,True
2022-12-13,291.5,7234292,814,243,-356,701,,30.9,43.63,50.79,306.66,286.84,False,False,True
2022-12-14,295.5,7215772,1669,133,-1496,306,,34.12,40.46,55.73,306.25,287.95,False,False,True
2022-12-15,295.5,4298674,534,159,-737,-44,,37.03,39.32,55.73,306.14,288.41,False,False,True
2022-12-16,291.0,6725023,59,5,-324,-260,,30.75,36.46,49.28,306.28,288.07,False,False,True
2022-12-19,290.0,2795004,132,-14,-107,12,,27.74,33.55,47.95,306.53,287.47,False,False,True
2022-12-20,283.0,4518295,536,35,-490,81,,20.58,29.23,39.85,307.8,285.15,False,False,True
2022-12-21,283.5,4168115,-299,-134,-384,-817,,17.76,25.41,40.62,308.61,283.14,False,False,True
2022-12-22,286.5,3507026,-614,174,-146,-586,,21.94,24.25,45.17,308.14,282.06,True,False,True
2022-12-23,281.0,5149151,-707,252,-409,-863,,20.32,22.94,39.24,308.1,280.0,False,False,True
2022-12-26,282.0,1926261,797,20,-318,499,,21.65,22.51,40.76,308.55,278.45,False,False,True
2022-12-27,284.0,1541522,-210,373,3,166,,26.15,23.72,43.79,308.26,277.34,False,True,True
2022-12-28,282.5,3634319,-320,73,-551,-798,,27.85,25.1,42.05,307.3,276.35,False,False,True
2022-12-29,281.0,3227331,-764,-309,86,-988,,26.61,25.6,40.33,305.51,275.74,False,False,False
2022-12-30,286.5,4059391,434,-190,42,286,,38.43,29.88,48.65,303.05,276.35,False,False,True
2023-01-03,285.5,4620740,209,-37,192,364,,49.86,36.54,47.35,300.86,276.84,False,False,True
2023-01-04,284.0,5434591,1197,-166,-14,1017,,52.94,42.01,45.41,298.73,277.27,False,False,True
2023-01-05,278.5,6636158,-1155,-402,44,-1513,,39.64,41.22,39.06,298.27,276.13,False,False,False
2023-01-06,272.0,8812006,-2792,-261,99,-2954,,27.41,36.61,33.16,298.51,273.64,False,False,False
2023-01-09,283.0,7378299,2549,-753,58,1854,,40.82,38.02,47.59,297.35,273.65,False,True,True
2023-01-10,283.5,4224685,15,85,-124,-24,,50.74,42.26,48.13,296.25,273.75,False,False,True
2023-01-11,286.0,4971103,284,-60,15,239,,62.26,48.93,50.9,295.57,273.88,False,False,True
2023-01-12,277.0,7302906,-3125,-725,94,-3756,,52.29,50.05,42.18,293.91,273.69,False,False,False
2023-01-13,277.5,6096497,-197,-224,4,-417,,46.98,49.03,42.77,291.75,274.05,False,False,False
2023-01-16,281.5,5960964,708,623,104,1435,,51.52,49.86,47.37,290.42,274.43,False,True,False
2023-01-17,286.0,5492115,737,-309,91,520,,64.56,54.76,52.04,289.6,274.85,False,False,True
2023-01-30,288.5,17765626,27,-39,203,191,,67.15,58.89,54.45,290.39,274.61,False,False,True
2023-01-31,289.0,9685944,1,384,217,603,,68.1,61.96,54.94,291.18,274.37,False,False,True
2023-02-01,294.5,6990307,2123,-324,164,1963,,77.86,67.26,60.03,292.97,273.38,False,False,True
2023-02-02,298.0,8873439,1114,-343,-54,718,,83.79,72.77,62.9,295.78,272.27,False,False,True
2023-02-03,301.5,9055043,3068,-582,-197,2289,,88.55,78.03,65.56,299.06,270.94,False,False,True
2023-02-06,297.0,6355101,1313,-33,-7,1273,,85.83,80.63,59.63,300.68,270.62,False,False,True
2023-02-07,296.0,4489039,958,35,-77,916,,81.46,80.91,58.37,301.96,270.69,False,False,True
2023-02-08,296.0,7198917,1253,-299,42,996,,77.89,79.9,58.37,303.07,271.08,False,False,True
2023-02-09,292.0,8764465,673,-1490,-44,-861,,66.74,75.51,53.15,303.49,271.21,False,False,True
2023-02-10,294.0,5042475,1598,-39,-98,1461,,60.62,70.55,55.3,304.16,271.39,False,False,True
2023-02-13,294.0,5088772,662,61,-114,609,,53.23,64.78,55.3,304.78,271.77,False,False,True
2023-02-14,294.0,3660189,1166,-54,34,1146,,46.6,58.72,55.3,305.07,273.03,False,False,True
2023-02-15,293.0,5009033,-147,-24,178,7,,39.4,52.28,53.76,304.03,276.17,False,False,True
2023-02-16,299.0,6390924,1462,-267,360,1555,,53.54,52.7,60.82,304.95,276.85,False,True,True
2023-02-17,294.5,4572064,-408,-275,-4,-687,,49.33,51.58,54.14,305.14,277.76,False,False,True
2023-02-20,295.0,2922481,753,-168,1,586,,48.04,50.4,54.74,305.43,278.37,False,False,True
2023-02-21,297.5,2865698,230,349,17,597,,54.75,51.85,57.69,304.69,281.16,False,True,True
2023-02-22,290.0,6668539,-1266,5,-222,-1484,,36.5,46.73,47.65,302.96,284.14,False,False,False
2023-02-23,290.0,7995089,-228,-316,-141,-685,,27.11,40.19,47.65,301.71,286.24,False,False,False
2023-02-24,286.5,8684516,-820,2,-14,-832,,19.19,33.19,43.54,301.63,286.37,False,False,False
2023-03-01,289.5,7990833,-451,114,-191,-528,,25.95,30.78,47.7,301.54,286.56,True,False,False
2023-03-02,289.5,4603040,27,-12,-60,-45,,30.46,30.67,47.7,301.5,286.65,False,False,False
2023-03-03,288.0,3963043,-1230,382,0,-849,,32.43,31.26,45.75,301.65,285.85,False,True,False
2023-03-06,290.0,7525112,-343,243,415,315,,37.78,33.43,48.76,301.15,285.55,False,False,False
2023-03-07,301.5,19429277,3907,448,545,4901,,51.19,39.35,61.87,301.15,285.55,False,False,True
2023-03-08,298.5,7874680,-860,61,-28,-827,,56.12,44.94,57.72,301.4,285.45,False,False,True
2023-03-09,295.5,4396144,-1516,-130,-131,-1777,,55.42,48.43,53.83,301.34,285.46,False,False,False
2023-03-10,290.0,6629090,-2488,-69,-479,-3036,,47.61,48.16,47.51,301.08,285.12,False,False,False
2023-03-13,292.0,4467466,726,-588,-50,89,,45.07,47.13,49.82,301.08,285.12,False,False,False
2023-03-14,285.0,9230272,-4555,-230,-115,-4900,,31.5,41.92,42.74,301.4,283.9,False,False,False
2023-03-15,289.0,4645723,-116,-105,-139,-360,,28.25,37.36,47.35,301.27,283.53,False,False,False
2023-03-16,286.5,4002454,-587,-827,-38,-1452,,22.45,32.39,44.91,301.24,282.81,False,False,False
2023-03-17,286.5,5073788,-200,-229,-7,-435,,18.59,27.79,44.91,301.22,282.18,False,False,False
2023-03-20,287.5,3047557,-846,-6,33,-820,,18.54,24.71,46.2,300.17,282.08,True,False,False
2023-03-21,293.0,3500799,900,10,58,967,,30.0,26.47,52.71,300.0,282.1,True,True,False
2023-03-22,295.0,3997180,-213,-6,13,-206,,46.19,33.05,54.85,300.0,282.1,False,False,True
2023-03-23,294.5,3933218,-395,-120,-25,-540,,55.8,40.63,54.19,299.49,282.31,False,False,False
2023-03-24,300.5,8182395,3819,458,173,4450,,68.63,49.96,60.36,301.01,281.84,False,False,True
2023-03-27,300.0,6200182,1969,-417,-12,1540,,76.14,58.69,59.64,302.21,281.64,False,False,True
2023-03-28,298.5,6578382,1522,-8,-52,1462,,74.69,64.02,57.43,302.88,282.17,False,False,True
2023-03-29,295.5,6444279,-476,-8,-15,-499,,67.81,65.29,53.17,303.16,282.49,False,False,True
2023-03-30,295.5,4734399,-224,-71,135,-160,,63.23,64.6,53.17,303.4,282.85,False,False,True
2023-03-31,301.0,6186880,2075,-465,125,1734,,68.82,66.01,59.55,304.33,283.22,False,True,True
2023-04-06,294.5,7698570,-1148,-156,-14,-1318,,54.85,62.29,50.75,304.4,283.6,False,False,True
2023-04-07,294.0,3682143,-1382,-5,1,-1387,,44.26,56.28,50.14,303.41,283.84,False,False,True
2023-04-10,295.0,2585253,664,-382,42,324,,36.75,49.77,51.41,302.99,283.91,False,False,True
2023-04-11,299.0,5497096,1687,-599,491,1580,,43.34,47.63,56.19,303.45,283.8,False,False,True
2023-04-12,298.5,4240449,754,-578,46,222,,46.29,47.18,55.46,303.95,284.15,False,False,True
2023-04-13,300.5,5037307,1385,2,-32,1355,,57.52,50.63,57.83,304.73,284.22,False,True,True
2023-04-14,314.5,21809352,4496,614,850,5960,,62.01,54.42,69.93,308.66,283.24,False,False,True
2023-04-17,310.0,7912307,-2314,-285,79,-2520,,60.15,56.33,63.61,310.72,283.28,False,False,True
2023-04-18,307.5,5328768,-526,-367,86,-807,,56.23,56.3,60.35,311.6,284.5,False,False,True
2023-04-19,305.5,7330361,222,23,47,291,,51.47,54.69,57.8,311.78,286.22,False,False,True
2023-04-20,306.5,5392269,835,-44,-3,788,,48.44,52.6,58.74,311.93,287.97,False,False,True
2023-04-21,303.0,7302177,85,153,-226,12,,42.06,49.09,54.19,312.04,288.86,False,False,True
2023-04-24,302.5,3327871,572,140,47,759,,34.96,44.38,53.55,312.15,289.5,False,False,True
2023-04-25,297.0,7313764,583,70,-176,477,,25.09,37.95,47.0,312.04,289.86,False,False,True
2023-04-26,294.0,11607032,-2100,196,244,-1660,,20.71,32.2,43.84,312.14,289.11,False,False,False
2023-04-27,295.5,5594447,34,-12,29,50,,20.99,28.47,45.8,312.14,288.66,False,False,True
2023-04-28,300.0,7434152,-1473,513,103,-857,,28.49,28.47,51.29,312.18,288.77,False,True,True
2023-05-02,298.0,9789646,-2924,154,-377,-3148,,32.0,29.65,48.92,312.14,289.06,False,False,True
2023-05-03,298.5,3169154,289,46,12,347,,35.16,31.48,49.54,312.08,289.42,False,False,True
2023-05-04,304.0,5777319,462,31,258,752,,48.66,37.21,55.96,312.33,289.47,False,False,True
2023-05-05,303.0,4195903,-1091,-47,-11,-1149,,59.52,44.65,54.6,312.38,290.27,False,False,True
2023-05-08,305.5,4119219,517,23,134,674,,71.0,53.43,57.38,312.54,291.26,False,False,True
2023-05-09,304.0,3173462,-411,88,-19,-342,,74.78,60.55,55.2,312.51,292.19,False,False,True
2023-05-10,301.5,3349404,-287,15,-51,-323,,69.09,63.39,51.66,312.52,292.43,False,False,True
2023-05-11,297.0,3547427,-525,-70,-50,-645,,51.61,59.47,45.95,312.59,292.21,False,False,True
2023-05-12,297.5,5086906,-1728,5,-78,-1801,,45.12,54.69,46.66,312.64,291.86,False,False,True
2023-05-15,300.5,4193096,346,105,74,525,,47.94,52.44,50.81,310.21,292.89,False,False,True
2023-05-16,300.5,4067570,-899,11,504,-384,,49.82,51.56,50.81,308.78,293.37,False,False,True
2023-05-17,305.0,6923403,1881,177,1014,3072,,61.78,54.97,56.67,308.28,293.62,False,True,True
2023-05-18,306.5,7760909,1823,-13,622,2432,,68.46,59.47,58.44,308.48,293.52,False,False,True
2023-05-19,306.5,6389994,971,13,-40,943,,72.91,63.95,58.44,308.48,293.52,False,False,True
2023-05-22,305.5,3623556,-321,-281,11,-591,,73.86,67.25,56.65,308.82,293.43,False,False,True
2023-05-23,302.5,3739832,-537,-64,75,-526,,68.43,67.65,51.53,308.82,293.43,False,False,True
2023-05-24,305.0,3214653,-76,5,134,64,,69.86,68.39,55.16,309.15,293.9,False,False,True
2023-05-25,308.0,7524669,1254,-176,193,1271,,76.46,71.08,59.13,309.5,294.95,False,False,True
2023-05-26,318.0,14899293,4570,-151,597,5015,,81.28,74.48,68.97,312.87,293.83,False,False,True
2023-05-29,315.5,7553384,1157,-133,-180,844,,75.2,74.72,64.77,314.93,293.32,False,False,True
2023-05-30,314.0,5520276,460,-170,-19,271,,68.97,72.8,62.32,316.18,293.67,False,False,True
2023-05-31,316.5,11194160,1419,16,140,1576,,68.45,71.35,64.71,317.77,293.88,False,False,True
2023-06-01,316.5,5432290,-203,-7,16,-194,,68.09,70.27,64.71,319.27,293.63,False,False,True
2023-06-02,315.0,9424081,-2203,147,159,-1896,,65.69,68.74,61.97,320.31,293.79,False,False,True
2023-06-05,319.5,7620849,2849,387,36,3271,,70.6,69.36,66.55,322.1,293.4,False,True,True
2023-06-06,316.0,5708915,-1524,-29,40,-1513,,67.7,68.81,60.45,323.04,293.66,False,False,True
2023-06-07,328.5,13324131,4887,478,1486,6851,,76.71,71.44,70.76,326.54,292.86,False,True,True
2023-06-08,325.0,10271572,-1220,147,-224,-1297,,74.72,72.54,65.6,328.15,294.05,False,False,True
2023-06-09,323.0,7441459,-2374,412,84,-1879,,70.14,71.74,62.79,328.95,295.8,False,False,True
2023-06-12,336.0,16288071,4160,952,537,5648,,72.91,72.13,71.38,332.84,295.46,False,True,True
2023-06-13,343.0,18463875,-1064,1279,-31,184,,77.5,73.92,74.76,337.87,294.68,False,False,True
2023-06-14,353.0,20295142,-15,1516,343,1844,,82.46,76.77,78.65,345.12,292.23,False,False,True
2023-06-15,370.0,22801004,-1629,2869,408,1648,,86.57,80.03,83.34,356.2,287.5,False,False,True
2023-06-16,371.5,29044254,-1515,-384,-518,-2417,,84.57,81.55,83.68,365.16,285.04,False,False,True
2023-06-19,375.5,13652251,1306,500,-64,1742,,84.99,82.69,84.58,373.4,283.8,False,False,True
2023-06-20,369.0,12861764,-517,-21,84,-454,,81.39,82.26,77.1,378.41,285.44,False,False,True
2023-06-21,364.0,15108233,-748,74,355,-319,,76.3,80.27,71.83,381.65,288.1,False,False,True
2023-06-26,348.0,18423078,-5692,98,660,-4934,,63.47,74.67,58.15,382.21,291.54,False,False,True
2023-06-27,345.0,10050101,-239,81,-102,-260,,48.98,66.11,55.99,382.8,293.65,False,False,True
2023-06-28,347.0,5813361,-602,-55,310,-347,,34.32,55.51,57.13,383.2,296.4,False,False,True
2023-06-29,349.5,7963949,-1358,133,721,-505,,26.63,45.89,58.58,383.41,299.74,False,False,True
2023-06-30,344.5,7880902,-1073,-93,-7,-1173,,21.42,37.73,54.62,383.12,302.83,False,False,True
2023-07-03,362.5,14820956,-2733,-30,455,-2308,,34.19,36.55,64.05,384.29,306.26,False,False,True
2023-07-04,367.0,10778736,-314,229,-322,-407,,48.98,40.7,65.95,385.29,310.46,False,True,True
2023-07-05,366.0,7940165,197,7,-385,-181,,61.15,47.51,65.13,385.93,314.47,False,False,True
2023-07-06,354.0,12127719,-1092,191,-524,-1425,,56.36,50.46,56.06,384.01,320.19,False,False,True
2023-07-07,348.0,8628641,642,-488,-77,78,,46.71,49.21,52.14,383.09,323.06,False,False,True
2023-07-10,348.5,5654386,-319,-78,-122,-519,,40.82,46.41,52.44,381.33,327.17,False,False,True
2023-07-11,359.5,8013674,449,45,361,855,,48.72,47.18,58.55,378.87,333.28,False,True,True
2023-07-12,363.0,7463383,4,101,-239,-135,,57.75,50.7,60.3,378.33,336.52,False,False,True
2023-07-13,370.5,14699794,801,37,0,839,,60.58,53.99,63.82,379.33,338.27,False,False,True
2023-07-14,368.0,10209501,-2006,24,-182,-2164,,59.94,55.98,61.85,380.28,338.82,False,False,True
2023-07-17,368.5,6087153,1208,-1763,-38,-592,,59.96,57.3,62.1,380.05,338.9,False,False,True
2023-07-18,365.5,7996505,1347,-947,-154,246,,57.31,57.3,59.56,379.18,339.17,False,False,True
2023-07-19,357.0,8698531,827,-1179,-1028,-1380,,47.98,54.2,52.95,376.73,339.77,False,False,True
2023-07-20,356.5,3254312,511,-319,-46,147,,41.32,49.91,52.58,375.41,339.84,False,False,True
2023-07-21,359.5,7315979,526,-232,-103,191,,39.55,46.45,54.63,374.96,339.84,False,False,True
2023-07-24,361.0,6395526,-907,-103,22,-988,,39.7,44.2,55.66,375.1,341.0,False,False,True
2023-07-25,364.0,10658916,2057,-299,65,1823,,42.47,43.62,57.73,375.08,342.92,False,False,True
2023-07-26,360.5,4797542,-412,-21,6,-428,,44.16,43.8,54.53,374.73,344.62,False,True,True
2023-07-27,358.5,4462797,41,-810,-12,-781,,43.1,43.57,52.74,374.42,345.83,False,False,True
2023-07-28,366.5,7813935,489,-409,355,435,,51.14,46.09,58.61,373.73,348.72,False,True,True
2023-07-31,365.5,23859972,-830,404,704,278,,49.39,47.19,57.65,374.02,348.73,False,False,True
2023-08-01,372.5,16914591,-568,35,-127,-661,,53.71,49.36,62.32,375.02,348.28,False,False,True
2023-08-02,361.0,25265818,-4262,449,-965,-4778,,47.57,48.76,52.14,374.62,348.18,False,False,True
2023-08-04,361.5,10975526,789,226,2,1018,,41.67,46.4,52.5,374.53,349.02,False,False,True
2023-08-07,363.5,9357316,2252,-22,-31,2199,,39.47,44.09,54.01,373.54,351.56,False,False,True
2023-08-08,360.5,5077204,-155,-26,-462,-644,,35.4,41.19,51.38,372.01,354.29,False,False,True
2023-08-09,357.5,4241283,-459,-64,19,-504,,30.1,37.49,48.82,372.13,353.97,False,False,True
2023-08-10,351.5,8225901,-1677,29,-193,-1841,,25.04,33.34,44.09,372.92,352.03,False,False,True
2023-08-11,357.0,7296831,2534,49,81,2664,,25.89,30.86,48.97,371.8,351.8,False,False,True
2023-08-14,350.5,5574632,-1122,193,-188,-1117,,22.22,27.98,44.08,371.67,350.18,False,False,True
2023-08-15,351.5,8269758,2258,-299,58,2016,,20.67,25.54,44.99,370.99,349.16,False,False,True
2023-08-16,350.0,5789677,-547,-109,-215,-870,,20.19,23.76,43.83,370.78,347.82,False,False,True
2023-08-17,348.0,8065595,-58,-613,274,-397,,18.91,22.14,42.28,371.37,346.33,False,False,False
2023-08-18,341.5,9967400,-2971,-463,-300,-3733,,19.71,21.33,37.6,372.81,343.39,True,False,False
2023-08-21,343.0,3974044,800,-253,57,604,,23.2,21.96,39.27,373.44,341.11,True,True,False
2023-08-22,349.5,5250878,1495,-84,3,1414,,33.71,25.87,46.01,373.12,340.28,False,False,False
2023-08-23,348.0,3854938,-564,-18,-39,-621,,38.82,30.19,44.77,372.38,339.42,False,False,False
2023-08-24,357.0,8545311,4924,-547,60,4437,,53.56,37.98,52.93,372.07,339.38,False,False,True
2023-08-25,345.5,5178209,-841,-378,-239,-1458,,48.91,41.62,43.99,371.98,338.17,False,False,False
2023-08-28,342.5,4626121,120,-571,-39,-490,,43.72,42.32,42.0,370.78,336.97,False,False,False
2023-08-29,346.5,5281908,836,-358,-9,469,,46.18,43.61,45.54,369.2,336.65,False,False,False
2023-08-30,346.5,4471238,-23,152,51,180,,47.83,45.01,45.54,365.25,338.0,False,False,False
2023-08-31,346.0,6097016,794,-705,18,107,,44.5,44.84,45.14,363.97,337.78,False,False,False
2023-09-01,346.0,3694459,-152,-91,17,-227,,42.28,43.99,45.14,362.36,337.84,False,False,False
2023-09-04,346.0,4043386,-661,-242,-53,-956,,40.8,42.92,45.14,359.85,338.6,False,False,False
2023-09-05,348.5,3577755,-472,-32,150,-354,,44.32,43.39,47.99,357.82,339.43,False,True,False
2023-09-06,345.0,6886689,-1945,-1262,-19,-3226,,44.93,43.9,44.5,356.32,339.68,False,False,False
2023-09-07,343.0,5077160,275,-474,-32,-231,,41.06,42.96,42.6,356.01,339.14,False,False,False
2023-09-08,340.0,3633402,-1447,-309,-84,-1840,,27.38,37.76,39.84,354.56,338.89,False,False,False
2023-09-11,331.5,6774596,-2426,-304,-231,-2961,,20.63,32.05,33.28,355.94,335.61,False,False,False
2023-09-12,332.5,5045975,-1125,-60,197,-989,,17.72,27.28,34.64,356.22,333.43,False,False,False
2023-09-13,331.5,5152807,-1196,-162,-147,-1505,,16.26,23.6,33.9,356.47,331.33,True,False,False
2023-09-14,338.0,7947263,1093,142,78,1313,,24.91,24.04,42.56,356.08,330.72,True,True,False
2023-09-15,340.0,6571482,451,-333,18,136,,34.44,27.51,44.95,356.07,330.58,False,False,False
2023-09-18,330.5,5235177,-3393,-122,-146,-3661,,26.06,27.02,37.06,356.68,328.72,False,False,False
2023-09-19,330.5,4941995,-1224,-82,6,-1300,,21.88,25.31,37.06,356.35,327.15,False,False,False
2023-09-20,330.5,4440047,169,1,-173,-3,,22.2,24.27,37.06,355.98,325.77,False,False,False
2023-09-21,325.0,8086104,-1974,50,-16,-1939,,21.0,23.18,32.89,353.97,324.58,False,False,False
2023-09-22,328.5,4295373,513,24,121,659,,26.6,24.32,37.7,353.56,323.29,False,True,False
2023-09-25,336.5,8180708,1449,31,-180,1300,,42.17,30.27,47.04,353.16,323.09,False,False,False
2023-09-26,326.5,7176057,-3366,-109,-69,-3544,,37.75,32.76,39.14,352.47,321.78,False,False,False
2023-09-27,323.0,8034273,-1776,-301,-41,-2118,,29.61,31.71,36.81,351.86,320.04,False,False,False
2023-09-28,324.5,5702683,-335,-98,187,-246,,28.31,30.58,38.5,350.83,318.92,False,False,False
2023-10-02,335.5,6821414,1551,223,93,1866,,46.8,35.99,49.22,349.43,319.27,False,True,False
2023-10-03,336.5,8611673,-1070,78,-4,-995,,55.65,42.54,50.08,347.98,319.77,False,False,False
2023-10-04,333.0,5928246,-1153,-162,-224,-1538,,56.36,47.14,47.1,345.41,320.79,False,False,False
2023-10-05,338.0,6274475,-143,34,-48,-157,,64.24,52.84,51.53,343.99,321.51,False,False,False
2023-10-06,337.5,3328114,-864,135,71,-659,,68.41,58.03,51.07,342.89,322.06,False,False,False
2023-10-11,338.5,8932421,-1345,193,202,-949,,72.74,62.93,52.0,342.61,322.19,False,False,False
2023-10-12,336.0,5609581,-1675,-88,43,-1719,,71.75,65.87,49.48,342.95,322.3,False,False,False
2023-10-13,328.5,7698110,-2353,-674,70,-2957,,57.23,62.99,42.78,342.91,321.94,False,False,False
2023-10-16,325.0,5236813,-1878,-115,-12,-2006,,39.08,55.02,40.05,343.1,321.1,False,False,False
2023-10-17,321.5,4214162,-1372,-48,73,-1347,,26.05,45.37,37.48,342.87,319.68,False,False,False
2023-10-18,317.5,5822570,-2110,-246,213,-2143,,17.37,36.03,34.74,342.52,317.78,False,False,False
2023-10-19,317.5,5761592,-1205,-126,-177,-1508,,19.11,30.39,34.74,343.1,315.9,True,False,False
2023-10-20,309.0,15030641,-3720,-472,-274,-4466,,14.21,25.0,29.43,344.81,312.04,True,False,False
2023-10-23,309.5,4180401,-278,-62,55,-285,,11.43,20.48,30.11,345.77,308.98,True,False,False
2023-10-24,308.0,8010471,-1481,-283,16,-1748,,11.38,17.44,29.2,346.85,306.2,True,False,False
2023-10-25,305.5,8432280,-2336,-866,57,-3145,,10.27,15.05,27.71,347.73,303.02,True,False,False
2023-10-26,298.0,9253489,-3201,-283,-369,-3853,,6.85,12.32,23.77,348.26,298.64,True,False,False
2023-10-27,295.0,7990977,-2249,-120,120,-2249,,5.06,9.9,22.41,349.69,294.06,True,False,False
2023-10-30,295.0,5094642,-1597,-14,12,-1600,,5.71,8.5,22.41,350.76,290.19,True,False,False
2023-10-31,290.5,9094155,-2980,122,-8,-2867,,4.96,7.32,20.36,351.8,285.75,True,False,False
2023-11-01,287.0,10773671,-3231,-163,213,-3181,,5.73,6.79,18.92,351.28,281.42,True,False,False
2023-11-02,298.5,11188729,443,-296,-181,-34,,20.49,11.35,35.18,348.89,280.01,True,True,False
2023-11-03,304.0,9217330,375,79,-158,296,,38.99,20.57,41.25,346.58,279.42,False,False,False
2023-11-06,308.0,10003947,-863,157,-342,-1048,,53.87,31.67,45.26,343.0,280.0,False,False,False
2023-11-07,306.0,4671725,-1358,-384,-31,-1772,,61.37,41.57,43.65,339.01,280.84,False,False,False
2023-11-08,301.0,7049133,-1543,-504,37,-2010,,60.31,47.81,39.85,334.05,282.05,False,False,False
2023-11-09,302.0,5990152,-638,-120,1,-757,,60.81,52.15,40.96,328.86,283.84,False,False,False
2023-11-10,303.5,6727118,830,0,0,830,,62.96,55.75,42.66,325.07,285.13,False,False,False
2023-11-13,299.5,4114746,-1551,-184,38,-1697,,59.55,57.02,39.39,321.58,286.07,False,False,False
2023-11-14,299.5,6291894,-525,-604,166,-963,,53.34,55.79,39.39,318.48,286.97,False,False,False
2023-11-15,306.5,9067610,955,-138,-474,343,,57.13,56.24,47.55,316.46,287.89,False,True,False
2023-11-16,305.0,5414256,-1223,33,47,-1143,,56.71,56.4,46.12,313.98,289.12,False,False,False
2023-11-17,305.0,4081263,-334,-200,30,-504,,59.65,57.48,46.12,313.4,289.3,False,False,False
2023-11-20,306.0,4077824,-164,3,11,-150,,63.9,59.62,47.35,312.82,289.53,False,False,False
2023-11-21,310.5,5914132,683,-664,-45,-26,,74.86,64.7,52.58,313.3,289.3,False,False,False
2023-11-22,307.5,3791991,-602,-13,20,-594,,75.71,68.37,49.08,313.58,289.22,False,False,False
2023-11-23,312.5,4653005,719,-16,-30,673,,81.11,72.62,54.52,315.15,289.1,False,False,False
2023-11-24,316.5,7526211,634,355,-45,944,,80.99,75.41,58.35,317.26,289.14,False,False,False
2023-11-27,314.5,4202133,-594,-2,-79,-676,,75.66,75.49,55.82,318.54,289.81,False,False,False
2023-11-28,318.5,7415181,262,-5,44,301,,78.37,76.45,59.59,319.78,291.37,False,False,False
2023-11-29,317.0,6196288,-347,26,-157,-478,,76.18,76.36,57.6,319.21,294.94,False,False,False
2023-11-30,316.5,9905040,-353,-27,-133,-513,,73.86,75.53,56.92,320.1,295.85,False,False,False
2023-12-01,319.5,4192034,-813,-10,-21,-844,,76.32,75.79,59.98,321.76,295.74,False,True,False
2023-12-04,320.5,3983239,-358,-13,-26,-397,,79.92,77.17,60.98,323.39,295.36,False,False,False
2023-12-05,310.5,8713802,-2838,9,-203,-3031,,59.02,71.12,48.1,323.53,295.67,False,False,False
2023-12-06,310.0,4444344,-1148,17,84,-1047,,40.63,60.96,47.56,323.38,296.72,False,False,False
2023-12-07,311.0,3319334,-562,-123,12,-674,,32.03,51.31,48.8,323.29,297.71,False,False,False
2023-12-08,312.5,3044923,236,-182,-114,-61,,29.99,44.21,50.68,323.33,298.57,False,False,False
2023-12-11,310.5,4677517,-859,-4,-20,-883,,24.76,37.72,48.14,322.65,300.35,False,False,False
2023-12-12,301.0,10905685,-3592,-1395,-101,-5087,,18.06,31.17,38.3,322.4,300.75,False,False,False
2023-12-13,303.0,7624915,637,-154,45,529,,16.69,26.34,41.03,322.67,300.13,True,False,False
2023-12-14,305.5,5852685,-436,-80,0,-516,,19.65,24.11,44.35,322.64,300.21,True,False,False
2023-12-15,313.0,13196218,4619,-113,-117,4388,,38.59,28.94,52.91,322.64,301.01,True,True,False
2023-12-18,307.0,6258948,-1949,-186,-89,-2223,,39.45,32.44,46.72,322.59,301.16,False,False,False
2023-12-19,302.5,5833231,-1983,-146,-54,-2184,,31.2,32.03,42.69,322.97,299.98,False,False,False
2023-12-20,305.5,5045647,651,-67,-389,196,,31.59,31.88,46.03,323.05,299.7,False,False,False
2023-12-21,303.5,2449664,-644,-101,-17,-761,,27.92,30.56,44.18,323.1,298.75,False,False,False
2023-12-22,305.5,2996401,243,-98,-22,123,,29.4,30.17,46.5,322.48,298.27,False,False,False
2023-12-25,306.5,1846175,105,-71,40,74,,32.34,30.9,47.67,322.04,297.91,False,True,False
2023-12-26,310.5,4875000,-1699,-126,125,-1700,,40.45,34.08,52.17,320.96,298.19,False,False,False
2023-12-27,313.0,4800914,245,-193,53,106,,51.41,39.86,54.79,320.34,298.41,False,False,False
2023-12-28,313.0,4667759,-4,-64,-33,-101,,63.61,47.78,54.79,319.79,298.61,False,False,False
2023-12-29,313.5,3842486,-1250,15,-116,-1351,,73.07,56.21,55.36,318.57,299.23,False,False,False
2024-01-02,310.0,4352094,-777,21,-69,-825,,69.55,60.65,50.57,316.39,300.36,False,False,False
2024-01-03,304.5,5343505,-1640,-25,-131,-1796,,51.92,57.74,44.12,316.2,299.95,False,False,False
2024-01-04,304.0,2746942,-760,-8,44,-724,,37.51,51.0,43.58,316.04,299.51,False,False,False
2024-01-05,304.5,3836322,-473,70,292,-111,,29.36,43.79,44.32,315.7,299.2,False,False,False
2024-01-08,306.0,2762611,561,-107,32,486,,28.27,38.61,46.58,315.04,299.21,False,False,False
2024-01-09,295.5,13315661,-9510,-20,46,-9484,,18.84,32.02,35.66,315.66,297.09,False,False,False
2024-01-10,291.0,13200940,-3286,-853,96,-4043,,16.88,26.98,32.18,317.23,294.52,True,False,False
2024-01-11,293.0,7819550,-2143,-300,56,-2388,,18.31,24.09,35.21,318.07,292.68,True,False,False
2024-01-12,293.5,4737498,-1162,-138,45,-1255,,20.2,22.79,35.98,318.53,291.02,True,False,False
2024-01-15,295.5,4713370,434,-764,-103,-433,,25.87,23.82,39.09,317.68,290.12,False,True,False
2024-01-16,289.5,12909551,-4258,-899,-3,-5160,,20.35,22.66,33.78,318.13,287.92,False,False,False
2024-01-17,279.5,17889083,-11004,-96,374,-10726,,13.57,19.63,27.16,320.29,283.46,False,False,False
2024-01-18,277.0,11575276,-3865,-80,151,-3794,,9.56,16.27,25.79,321.85,279.05,True,False,False
2024-01-19,285.0,8464560,-1649,-30,179,-1501,,15.51,16.02,36.73,321.95,277.1,True,False,False
2024-01-22,291.0,12166573,-2943,-30,-108,-3081,,32.82,21.62,43.46,321.35,276.25,True,True,False
2024-01-23,293.5,8586524,1493,-402,-44,1047,,48.24,30.49,46.03,320.51,275.79,False,False,False
2024-01-24,289.0,6045798,-1576,-111,-67,-1754,,51.54,37.51,42.3,319.0,275.15,False,False,False
2024-01-25,284.0,9581172,-3523,-166,151,-3537,,45.99,40.33,38.56,316.94,274.31,False,False,False
2024-01-26,287.5,5561061,1107,-50,-79,978,,50.48,43.72,42.4,314.3,274.4,False,False,False
2024-01-29,293.0,5073517,1579,-15,-30,1535,,63.38,50.27,47.91,311.12,275.53,False,False,False
2024-01-30,286.0,8746243,-5355,-131,92,-5394,,59.37,53.3,42.35,308.35,275.9,False,False,False
2024-01-31,280.0,13287835,-4278,-59,50,-4287,,41.66,49.42,38.26,306.89,274.91,False,False,False
2024-02-01,285.0,7066946,3180,-170,41,3051,,38.89,45.91,43.19,304.89,275.01,False,False,False
2024-02-02,286.0,5289846,-371,-9,-55,-435,,39.26,43.69,44.15,302.38,275.67,False,False,False
2024-02-05,287.5,6106707,-393,-39,-63,-494,,42.84,43.41,45.63,298.8,277.4,False,False,False
2024-02-15,284.5,19721647,-5807,-239,32,-6014,,39.67,42.16,43.16,297.77,277.33,False,False,False
2024-02-16,291.5,9407600,2219,-46,139,2311,,54.84,46.39,49.97,297.83,277.32,False,True,False
2024-02-19,292.0,5961549,-1676,-5,55,-1627,,63.23,52.0,50.43,297.68,277.37,False,False,False
2024-02-20,292.5,4407718,-706,-4,-7,-716,,69.93,57.98,50.91,297.51,277.44,False,False,False
2024-02-21,291.0,5320711,-2119,0,64,-2055,,71.06,62.34,49.36,296.72,277.78,False,False,False
2024-02-22,293.5,4660197,922,-91,35,865,,77.01,67.23,51.99,297.28,277.62,False,False,False
2024-02-23,292.5,9220841,-803,-568,9,-1362,,78.26,70.91,50.85,297.42,278.78,False,False,False
2024-02-26,295.0,3863805,326,-73,54,307,,85.51,75.77,53.58,297.22,280.78,False,False,False
2024-02-27,289.0,8126901,-4444,-61,19,-4487,,74.95,75.5,46.85,297.2,281.2,False,False,False
2024-02-29,294.5,8897414,1271,6,85,1363,,81.45,77.48,52.71,297.69,281.06,False,True,False
2024-03-01,293.5,5261618,-400,-64,-50,-514,,79.79,78.25,51.6,297.69,281.06,False,False,False
2024-03-04,293.5,16757317,-3067,52,310,-2706,,74.86,77.12,51.6,298.11,281.09,False,False,False
2024-03-05,290.5,10178397,-2276,-602,-153,-3031,,61.57,71.94,48.06,298.02,281.83,False,False,False
2024-03-06,295.0,8373571,2035,1,215,2250,,67.72,70.53,53.24,298.62,281.98,False,False,False
2024-03-07,297.0,10244783,1392,-149,-73,1170,,70.78,70.62,55.37,299.27,281.73,False,True,False
2024-03-08,312.0,35531756,9975,1068,646,11689,,77.49,72.91,67.37,304.56,279.04,False,False,False
2024-03-11,308.0,13046049,-2856,465,-151,-2542,,77.12,74.31,62.54,306.64,279.76,False,False,False
2024-03-12,312.5,12016493,-304,-399,643,-60,,79.28,75.97,65.54,309.97,279.18,False,False,True
2024-03-13,314.5,13767665,2190,-277,101,2014,,82.68,78.2,66.8,313.22,278.78,False,False,True
2024-03-14,310.5,9446357,1003,22,-215,811,,80.26,78.89,61.89,315.04,279.26,False,False,False
2024-03-15,303.0,13079318,-3263,284,-12,-2991,,69.88,75.89,53.89,315.1,281.05,False,False,False
2024-03-18,306.0,6387946,-693,-18,258,-452,,66.47,72.75,56.33,315.88,281.72,False,False,True
2024-03-19,320.0,20822556,3956,-61,2365,6260,,75.08,73.53,65.48,319.39,281.01,False,True,True
2024-03-20,316.0,13863971,-1114,524,-727,-1317,,74.13,73.73,61.51,321.44,281.31,False,False,True
2024-03-21,338.0,35792253,4949,1534,2448,8932,,82.75,76.74,71.67,329.01,278.44,False,False,True
2024-03-22,358.0,67165825,7923,6691,1237,15852,,84.83,79.43,77.49,341.5,272.4,False,False,True
2024-03-25,352.5,21460185,-1163,869,261,-33,,83.32,80.73,73.05,349.3,270.6,False,False,True
2024-03-26,343.5,22597917,4846,362,-981,4228,,77.6,79.69,66.34,353.77,270.98,False,False,True
2024-03-27,341.5,13583986,-227,151,-303,-378,,72.73,77.37,64.92,356.81,273.19,False,False,True
2024-03-28,342.5,9263715,-955,368,-111,-698,,69.72,74.82,65.32,359.76,275.04,False,False,True
2024-03-29,341.0,12641566,-243,104,-629,-769,,66.81,72.15,64.13,361.82,277.73,False,False,True
2024-04-01,334.5,12508998,1252,-96,-220,937,,57.74,67.34,59.13,362.45,281.2,False,False,True
2024-04-02,338.0,9009861,757,168,-76,849,,53.08,62.59,60.9,362.61,285.79,False,False,True
2024-04-03,332.0,6394977,-617,228,-42,-431,,38.16,54.45,56.39,362.02,290.08,False,False,True
2024-04-08,334.0,10923707,1285,-313,-70,903,,30.07,46.32,57.52,361.3,294.5,False,False,True
2024-04-09,334.0,5702074,50,-258,-167,-375,,26.85,39.83,57.52,361.63,296.37,False,False,True
2024-04-10,328.0,6887055,-1612,-222,-282,-2116,,17.9,32.52,52.77,361.11,298.89,False,False,True
2024-04-11,319.5,14689158,1328,-1591,-786,-1049,,15.44,26.83,46.86,360.78,299.92,True,False,True
2024-04-12,317.0,8473224,-594,-1316,-156,-2066,,11.61,21.76,45.25,360.65,300.3,True,False,True
2024-04-15,308.0,9895066,-1340,-92,-639,-2072,,8.17,17.23,39.95,360.9,299.8,True,False,True
2024-04-16,293.0,17314336,-2244,-1237,-807,-4289,,5.79,13.41,33.01,362.53,297.17,True,False,False
2024-04-17,300.5,10465859,-1721,-584,-319,-2624,,9.3,12.04,38.74,363.18,295.97,True,False,False
2024-04-18,309.0,14051825,603,-155,209,657,,17.43,13.84,44.53,363.64,294.41,True,True,True
2024-04-19,298.5,14118411,-1666,206,-324,-1784,,16.06,14.58,39.56,364.96,291.34,True,False,False
2024-04-22,300.0,7920560,-1698,511,204,-982,,16.45,15.2,40.58,364.8,287.7,True,False,False
2024-04-23,297.5,7971470,-1550,-327,193,-1684,,16.26,15.56,39.38,360.77,285.68,True,False,False
2024-04-24,304.0,6575893,266,-1,317,582,,23.83,18.32,44.0,356.61,284.99,True,False,False
2024-04-25,306.0,10024949,1991,38,29,2058,,37.32,24.65,45.38,353.64,284.21,False,False,False
2024-04-26,315.0,13740713,386,60,1352,1798,,53.18,34.16,51.2,350.67,284.53,False,False,True
2024-04-29,321.0,12177453,2706,-1418,739,2026,,65.96,44.76,54.67,347.52,285.53,False,False,True
2024-04-30,320.5,9318744,2494,75,30,2599,,71.58,53.7,54.32,344.37,286.63,False,False,True
2024-05-02,309.5,12421500,-2261,15,604,-1642,,63.87,57.09,47.23,341.79,286.71,False,False,True
2024-05-03,327.5,22135377,9894,249,307,10450,,70.85,61.67,57.1,339.72,287.73,False,False,True
2024-05-06,322.0,13564810,-1755,-20,39,-1736,,69.18,64.18,53.79,338.1,288.35,False,False,True
2024-05-07,326.0,6600352,791,63,280,1133,,70.57,66.31,55.8,336.52,289.13,False,False,True
2024-05-08,321.0,5600059,-872,50,58,-764,,66.09,66.24,52.71,334.07,290.28,False,False,True
2024-05-09,323.0,4651295,-283,47,334,98,,63.85,65.44,53.81,333.16,290.69,False,False,True
2024-05-10,319.0,6730152,-1308,34,92,-1182,,57.62,62.83,51.25,333.1,290.7,False,False,True
2024-05-13,316.5,7197809,-1383,42,4,-1337,,50.78,58.82,49.65,333.05,290.7,False,False,True
2024-05-14,316.0,4012070,-571,31,-131,-671,,45.68,54.44,49.32,333.45,291.1,False,False,True
2024-05-15,319.0,6514869,948,27,108,1084,,38.6,49.16,51.41,332.87,294.28,False,False,True
2024-05-16,320.0,4671427,137,6,-41,102,,35.36,44.56,52.12,333.02,296.08,False,False,True
2024-05-17,322.5,6882003,-1138,21,805,-312,,46.65,45.26,53.93,333.83,296.62,False,True,True
2024-05-20,318.0,8024199,-1889,-447,240,-2097,,42.64,44.39,50.25,333.08,299.32,False,False,True
2024-05-21,318.5,3563180,-100,-56,18,-137,,41.25,43.34,50.65,332.19,302.06,False,False,True
2024-05-22,327.5,8933880,2697,-45,602,3254,,57.61,48.1,57.35,331.24,306.01,False,True,True
2024-05-23,329.5,11364656,2867,-12,479,3334,,63.21,53.13,58.69,331.4,308.4,False,False,True
2024-05-24,328.0,7969744,-533,2,-29,-559,,63.81,56.69,57.24,331.01,310.99,False,False,True
2024-05-27,346.0,18759638,3459,-331,577,3706,,73.23,62.2,67.6,337.18,307.92,False,False,True
2024-05-28,346.5,14892593,-1040,-258,197,-1102,,75.39,66.6,67.84,341.92,305.73,False,False,True
2024-05-29,341.5,10778936,-1176,-55,-223,-1454,,72.33,68.51,62.96,344.53,305.22,False,False,True
2024-05-30,330.0,9934939,-1407,-352,-691,-2450,,59.93,65.65,53.43,344.28,307.52,False,False,True
2024-05-31,325.0,20660445,-483,1,-519,-1001,,46.44,59.25,49.9,344.14,307.41,False,False,True
2024-06-03,337.0,9228642,1783,-241,361,1904,,48.1,55.53,57.21,345.46,307.59,False,False,True
2024-06-04,336.5,11530970,1533,121,7,1661,,45.96,52.34,56.84,346.49,307.61,False,False,True
2024-06-05,346.0,13412683,2637,103,367,3107,,55.08,53.25,61.91,349.26,307.34,False,True,True
2024-06-06,345.0,10532422,1129,205,-209,1125,,60.05,55.52,61.1,351.47,307.33,False,False,True
2024-06-07,345.0,8054673,836,-1,-119,716,,63.37,58.14,61.1,353.25,308.15,False,False,True
2024-06-11,340.5,11222129,-1883,482,199,-1203,,61.89,59.39,57.17,353.81,309.99,False,False,True
2024-06-12,344.0,10689870,2522,65,86,2673,,65.07,61.28,59.36,354.5,312.1,False,False,True
2024-06-13,353.5,15171539,6874,538,-286,7126,,76.16,66.24,64.64,356.93,313.12,False,False,True
2024-06-14,353.5,9885548,3846,441,68,4354,,79.51,70.66,64.64,358.89,314.51,False,False,True
2024-06-17,352.0,15327707,754,146,2579,3480,,74.86,72.06,63.14,360.31,316.04,False,False,True
2024-06-18,348.0,11262783,1020,176,-184,1012,,67.39,70.51,59.19,360.05,319.3,False,False,True
2024-06-19,367.0,27860184,12619,1268,-429,13458,,74.84,71.95,69.08,363.39,320.81,False,True,True
2024-06-20,369.5,16308464,4115,-408,62,3769,,81.95,75.28,70.1,367.61,320.79,False,False,True
2024-06-21,383.0,29038438,3460,281,627,4367,,85.26,78.61,74.94,374.97,318.78,False,False,True
2024-06-24,376.5,15147813,-782,1012,-1031,-800,,82.2,79.81,69.14,378.87,319.73,False,False,True
2024-06-25,387.0,19788113,1146,101,168,1415,,85.14,81.58,72.8,385.31,317.39,False,False,True
2024-06-26,385.0,14089707,-1082,587,-300,-794,,84.99,82.72,71.07,390.3,316.25,False,False,True
2024-06-27,386.5,8337145,1347,69,93,1509,,85.91,83.78,71.62,394.93,316.12,False,False,True
2024-06-28,387.5,14760322,-1154,76,181,-897,,85.21,84.26,72.0,398.35,318.45,False,False,True
2024-07-01,390.5,8321690,22,194,-36,180,,85.5,84.67,73.15,400.83,322.52,False,False,True
2024-07-02,383.0,10649997,174,369,-249,294,,77.2,82.18,65.83,402.43,325.52,False,False,True
2024-07-03,379.5,10939685,1035,-24,-86,926,,68.13,77.5,62.68,402.88,329.37,False,False,True
2024-07-04,382.0,8523479,1075,121,-69,1127,,61.15,72.05,64.0,404.05,331.8,False,False,True
2024-07-05,387.0,11967073,2667,503,725,3894,,62.78,68.96,66.56,405.42,334.63,False,False,True
2024-07-08,402.0,20071115,2972,1442,-130,4284,,72.72,70.21,72.81,408.95,336.8,False,True,True
2024-07-09,410.0,20885906,-2018,584,-355,-1790,,79.03,73.15,75.44,412.69,340.01,False,False,True
2024-07-10,420.5,17336525,-1691,2786,-211,883,,84.56,76.95,78.4,418.24,342.11,False,False,True
2024-07-11,434.0,15021720,-1321,2350,-574,455,,89.13,81.01,81.49,427.1,341.3,False,False,True
2024-07-12,422.0,11872825,-190,755,-533,33,,85.28,82.44,71.68,431.14,344.11,False,False,True
2024-07-15,415.0,10193663,1694,105,-98,1701,,78.69,81.19,66.64,432.52,349.03,False,False,True
2024-07-16,412.5,9332116,-664,549,37,-77,,72.28,78.22,64.89,431.59,356.41,False,False,True
2024-07-17,411.0,8443533,426,-31,16,411,,65.84,74.09,63.8,432.25,360.15,False,False,True
2024-07-18,401.5,12856987,-625,292,-37,-370,,54.89,67.69,57.27,431.64,363.96,False,False,True
2024-07-19,399.0,9944168,-308,-52,101,-260,,41.01,58.8,55.65,431.71,365.49,False,False,True
2024-07-22,373.5,17362035,2876,-44,331,3163,,28.13,48.58,42.49,432.01,364.89,False,False,True
2024-07-23,389.5,10434179,26,103,354,483,,28.02,41.72,50.41,431.97,365.18,False,False,True
2024-07-26,388.0,17065929,1053,950,-307,1696,,29.41,37.62,49.72,431.89,365.56,False,False,True
2024-07-29,396.0,12622483,-916,952,-581,-545,,35.97,37.07,53.4,431.9,366.5,False,False,True
2024-07-30,400.0,9224338,-778,716,-24,-85,,45.29,39.81,55.16,432.05,367.6,False,True,True
2024-07-31,414.5,18238394,-1233,1875,-102,540,,61.14,46.92,60.93,433.58,368.47,False,False,True
2024-08-01,424.0,22778657,-1592,2258,-318,348,,72.37,55.4,64.18,436.01,370.14,False,False,True
2024-08-02,390.0,21987561,-3444,475,-502,-3471,,60.32,57.04,48.59,435.26,371.94,False,False,True
2024-08-05,351.0,22994417,-5219,937,-943,-5225,,40.21,51.43,37.37,440.48,363.62,False,False,False
2024-08-06,373.0,23043045,1071,978,-198,1851,,37.64,46.83,45.08,441.41,361.29,False,False,True
2024-08-07,379.5,15361655,-3655,1014,113,-2528,,38.64,44.1,47.14,441.45,359.0,False,False,True
2024-08-08,377.0,14078142,-100,613,-331,181,,38.26,42.15,46.42,440.79,356.36,False,False,True
2024-08-09,387.5,15005116,860,559,-213,1206,,42.38,42.23,49.9,438.09,355.76,False,True,True
2024-08-12,399.0,13576313,1789,324,-815,1298,,49.92,44.79,53.47,432.5,357.85,False,False,True
2024-08-13,399.5,6290770,-853,149,-98,-802,,55.15,48.25,53.62,429.27,358.83,False,False,True
2024-08-14,409.0,9198697,2333,87,-278,2141,,68.32,54.94,56.57,428.32,359.18,False,False,True
2024-08-15,409.0,7347294,661,-60,-232,369,,76.63,62.17,56.57,427.78,359.37,False,False,True
2024-08-16,411.0,9200703,678,-107,23,594,,81.56,68.63,57.24,427.78,359.37,False,False,True
2024-08-19,404.5,6665051,-837,89,-333,-1080,,78.13,71.8,54.33,428.1,359.35,False,False,True
2024-08-20,402.5,5780027,1343,-85,-319,939,,74.31,72.63,53.43,428.42,359.38,False,False,True
2024-08-21,400.0,11486554,4308,-1716,-862,1731,,65.96,70.41,52.26,428.46,361.99,False,False,True
2024-08-22,402.0,4430450,1079,32,-188,923,,54.58,65.13,53.14,429.1,362.6,False,False,True
2024-08-23,402.0,4649801,1544,63,-500,1107,,45.91,58.72,53.14,429.7,363.4,False,False,True
2024-08-26,395.0,6503974,-249,-120,-329,-698,,32.05,49.83,49.44,429.65,363.35,False,False,True
2024-08-27,400.0,3192222,366,26,-87,306,,33.32,44.33,52.01,429.65,363.35,False,False,True
2024-08-28,400.5,3159735,446,-52,-50,344,,34.79,41.15,52.27,427.93,363.67,False,False,True
2024-08-29,397.5,3944898,460,-271,-102,87,,34.05,38.78,50.5,423.77,365.18,False,False,True
2024-08-30,399.5,10063809,866,108,-44,930,,36.65,38.07,51.68,424.24,365.66,False,False,True
2024-09-02,394.5,7413924,945,50,127,1121,,32.05,36.07,48.56,417.9,376.35,False,False,True
2024-09-03,392.5,6066872,407,37,32,476,,25.18,32.44,47.33,415.69,380.51,False,False,True
2024-09-04,372.0,13226059,-3540,344,-744,-3940,,22.85,29.24,37.0,417.21,378.24,False,False,False
2024-09-05,369.0,8221395,212,51,-111,152,,19.02,25.83,35.77,418.82,375.83,False,False,False
2024-09-06,375.5,7832985,1993,39,3,2035,,21.92,24.53,40.39,419.98,373.47,True,False,False
2024-09-09,362.5,9876385,-2102,-906,-56,-3064,,17.45,22.17,34.97,422.69,367.11,False,False,False
2024-09-10,369.0,7432986,811,-38,-201,572,,19.08,21.14,39.35,423.36,363.39,True,False,False
2024-09-11,364.5,8514514,-966,31,15,-920,,16.97,19.75,37.47,422.81,359.49,True,False,False
2024-09-12,389.0,9317959,1744,32,458,2234,,33.18,24.23,51.18,420.68,359.62,True,True,False
2024-09-13,385.0,4880751,-374,3,-210,-581,,45.06,31.17,49.28,417.81,359.89,False,False,False
2024-09-16,385.5,4104019,689,-1061,-81,-453,,56.51,39.62,49.53,415.93,359.87,False,False,False
2024-09-18,380.0,9165277,518,62,-1263,-683,,58.75,46.0,46.77,414.14,359.41,False,False,False
2024-09-19,391.5,7321703,1749,72,221,2041,,71.52,54.51,52.7,413.11,359.59,False,False,False
2024-09-20,387.0,9377882,63,75,-71,67,,72.04,60.35,50.34,411.33,359.87,False,False,False
2024-09-23,390.5,5102479,1092,-97,127,1122,,75.05,65.25,52.13,409.71,360.34,False,False,False
2024-09-24,397.0,3933449,718,-223,110,604,,82.92,71.14,55.36,409.99,360.26,False,False,True
2024-09-25,398.0,8739750,-2026,-25,461,-1591,,84.04,75.44,55.85,409.66,360.39,False,False,True
2024-09-26,396.0,7688086,-2080,385,651,-1044,,82.02,77.63,54.56,408.91,360.69,False,False,True
2024-09-27,400.0,10223004,877,-120,575,1332,,83.17,79.48,56.72,409.34,360.51,False,False,True
2024-09-30,380.5,8858681,-1838,-171,-458,-2467,,60.29,73.08,45.37,407.46,360.49,False,False,False
2024-10-01,384.5,5988958,1455,-326,-65,1064,,47.0,64.39,47.68,406.44,360.51,False,False,False
2024-10-04,366.0,19998727,-7676,-262,-579,-8517,,31.33,53.37,39.37,405.96,358.34,False,False,False
2024-10-07,372.5,16223402,-929,-2556,378,-3107,,28.3,45.01,43.12,405.94,358.41,False,False,False
2024-10-08,382.0,10805050,2553,-171,-97,2286,,34.09,41.37,48.17,405.77,359.88,False,False,False
2024-10-09,381.5,9432998,1895,-188,-394,1313,,37.54,40.09,47.93,405.83,360.42,False,False,False
2024-10-11,380.0,5922762,119,-337,9,-210,,38.61,39.6,47.16,404.61,363.39,False,False,False
2024-10-14,387.5,6674065,1447,56,85,1589,,45.49,41.56,51.33,404.32,365.53,False,True,False
2024-10-15,398.5,12290154,3329,64,485,3877,,61.86,48.33,56.72,404.37,368.88,False,False,False
2024-10-16,389.0,9668211,-1003,-589,-200,-1792,,64.21,53.62,51.43,404.37,368.88,False,False,False
2024-10-17,392.0,7042283,2638,-591,205,2252,,68.48,58.58,52.92,404.86,369.09,False,False,False
2024-10-18,402.0,13313219,5362,194,250,5806,,76.58,64.58,57.61,406.89,368.71,False,False,True
2024-10-21,400.0,5461118,-249,52,-6,-202,,79.62,69.59,56.4,408.26,369.34,False,False,True
2024-10-22,404.5,6391484,1794,101,-1,1894,,85.83,75.01,58.51,410.12,368.78,False,False,True
2024-10-23,398.5,3546282,-455,71,-156,-541,,82.95,77.65,54.71,411.04,369.01,False,False,True
2024-10-24,393.5,5462187,-402,87,-306,-621,,75.18,76.83,51.69,411.25,369.1,False,False,True
2024-10-25,402.0,6743665,3565,-1,19,3583,,78.33,77.33,56.12,411.95,368.9,False,True,True
2024-10-28,405.0,8839968,2580,33,208,2821,,75.86,76.84,57.6,413.04,368.51,False,False,True
2024-10-29,406.0,8861027,675,310,-211,773,,75.42,76.37,58.1,414.46,368.09,False,False,False
2024-10-30,404.0,15484584,358,-54,78,382,,68.61,73.78,56.65,415.04,367.91,False,False,False
2024-11-01,390.5,13680516,-2219,76,-12,-2156,,55.64,67.73,47.91,414.98,368.97,False,False,True
2024-11-04,395.0,8853431,-356,-505,24,-837,,51.67,62.38,50.65,415.27,369.73,False,False,True
2024-11-05,398.5,5889730,2047,-16,-98,1934,,52.68,59.15,52.72,413.28,374.97,False,False,True
2024-11-06,403.0,7390256,904,33,21,959,,58.04,58.78,55.32,412.24,379.06,False,False,True
2024-11-07,399.0,6476590,-1853,-24,14,-1863,,57.44,58.33,52.55,411.84,381.16,False,False,True
2024-11-08,400.0,7875153,1430,-40,98,1489,,58.09,58.25,53.19,411.1,383.75,False,False,True
2024-11-11,401.0,8120403,2812,-519,37,2329,,63.88,60.13,53.85,409.48,387.47,False,True,True
2024-11-12,397.0,12787890,1963,-886,56,1132,,61.63,60.63,50.76,408.71,389.19,False,False,False
2024-11-13,393.5,6338390,-1621,-5,-150,-1776,,55.97,59.08,48.16,408.76,388.64,False,False,False
2024-11-14,389.0,7491836,469,-449,-395,-375,,41.66,53.27,44.97,408.76,388.64,False,False,False
2024-11-15,386.0,5194661,660,-981,-126,-447,,27.77,44.77,42.93,409.59,387.21,False,False,False
2024-11-18,386.5,4289267,-130,-592,-14,-736,,22.44,37.33,43.39,409.87,385.38,False,False,False
2024-11-19,388.0,5237868,-646,27,32,-588,,22.37,32.34,44.83,409.94,384.11,False,False,False
2024-11-20,386.5,6252197,-912,-570,283,-1199,,20.47,28.38,43.63,409.35,382.9,False,False,False
2024-11-21,381.0,10390549,-1972,-1584,-125,-3681,,18.69,25.15,39.47,410.03,380.47,False,False,False
2024-11-22,394.0,9438777,2139,20,48,2207,,30.64,26.98,51.29,410.05,380.5,True,True,False
2024-11-25,393.5,11345997,771,-476,-5,290,,44.74,32.9,50.88,409.29,380.41,False,False,False
2024-11-26,387.5,3585059,-1174,37,-79,-1216,,45.8,37.2,46.1,407.94,380.01,False,False,False
2024-11-27,386.0,2766208,152,56,-21,187,,44.42,39.61,44.96,406.16,379.79,False,False,False
2024-11-28,384.0,5118220,-1830,-78,-78,-1986,,40.72,39.98,43.42,404.66,379.29,False,False,False
2024-11-29,381.0,6491721,-1710,-481,17,-2174,,35.65,38.53,41.15,405.1,377.9,False,False,False
2024-12-02,388.5,2892538,859,-152,21,728,,42.06,39.71,48.42,404.73,377.62,False,True,False
2024-12-03,391.0,4861327,-460,113,65,-281,,49.61,43.01,50.61,403.91,377.69,False,False,False
2024-12-04,395.0,3429329,625,-213,-4,409,,59.87,48.63,53.98,402.39,378.41,False,False,True
2024-12-05,391.5,5217635,107,-460,3,-350,,62.14,53.13,50.72,401.33,378.72,False,False,True
2024-12-06,399.0,6599150,2462,576,191,3229,,74.09,60.12,56.75,401.1,378.85,False,False,True
2024-12-09,405.0,8009179,1926,718,107,2751,,81.16,67.13,60.87,402.24,378.11,False,False,True
2024-12-10,403.0,8313893,-354,-64,-77,-496,,83.8,72.69,58.86,403.51,377.44,False,False,True
2024-12-11,414.5,13688502,4252,1967,125,6344,,86.52,77.3,65.85,408.4,374.65,False,False,True
2024-12-12,417.0,9736640,-672,1104,67,498,,87.2,80.6,67.16,413.22,372.63,False,False,True
2024-12-13,423.0,15401042,3128,1414,-118,4424,,84.19,81.8,70.12,418.81,370.74,False,False,True
2024-12-16,426.0,9332521,1845,72,-94,1823,,84.48,82.69,71.5,424.18,369.32,False,False,True
2024-12-17,419.5,8484705,1067,-260,-89,718,,79.69,81.69,64.54,427.22,369.43,False,False,True
2024-12-18,425.5,6394787,1910,-228,12,1694,,81.1,81.49,67.67,431.01,369.54,False,False,True
2024-12-19,416.5,7102887,-283,106,-70,-248,,71.94,78.31,59.22,432.19,371.91,False,False,True
2024-12-20,412.0,9115312,401,-55,-91,255,,61.19,72.6,55.49,433.16,372.74,False,False,True
2024-12-23,420.0,5535592,1097,-214,52,936,,60.69,68.63,60.28,435.06,373.49,False,False,True
2024-12-24,425.5,5638467,1012,-18,143,1136,,64.64,67.3,63.21,437.28,375.07,False,False,True
2024-12-25,422.5,2048258,135,256,-11,379,,63.36,65.99,60.59,438.4,377.6,False,False,True
2024-12-26,428.0,2595616,485,163,-50,598,,73.35,68.44,63.57,439.64,380.76,False,True,True
2024-12-27,431.5,3192074,507,-12,164,659,,80.31,72.4,65.37,440.22,385.23,False,False,True
2024-12-30,434.5,5097682,874,283,112,1268,,83.11,75.97,66.88,441.67,388.38,False,False,True
2024-12-31,430.5,3753593,-1316,471,-110,-955,,80.68,77.54,62.94,441.95,392.05,False,False,True
2025-01-02,417.0,11380681,3364,47,-67,3344,,64.54,73.2,51.84,440.8,395.4,False,False,True
2025-01-03,414.0,9851603,3815,380,-52,4144,,44.98,63.8,49.74,438.32,400.13,False,False,True
2025-01-06,418.5,7109722,1592,-1,133,1723,,37.83,55.14,52.83,436.77,403.63,False,False,True
2025-01-07,432.0,7751389,3533,47,136,3716,,50.71,53.67,60.64,437.29,405.81,False,False,True
2025-01-08,428.0,12300630,1083,-46,-124,912,,49.23,52.19,57.59,436.12,409.48,False,False,True
2025-01-09,417.5,5235447,-580,-7,-181,-768,,37.8,47.39,50.44,435.94,409.96,False,False,True
2025-01-10,420.0,4405382,406,4,-108,301,,32.66,42.48,51.97,435.87,410.33,False,False,True
2025-01-13,400.0,9734037,-2756,50,-105,-2812,,21.77,35.58,41.05,438.37,405.53,False,False,False
2025-01-14,410.0,10194540,1198,452,47,1697,,21.76,30.97,47.04,438.29,404.01,False,False,True
2025-01-15,400.5,9458307,841,-19,17,838,,15.91,25.95,42.61,439.67,400.73,False,False,False
2025-01-16,418.5,9885870,409,3019,215,3643,,24.64,25.52,51.86,439.17,400.53,True,False,True
2025-01-17,422.0,6581399,964,577,-94,1446,,32.92,27.98,53.43,439.4,400.85,False,True,True
2025-01-20,427.0,4795905,-47,187,-12,128,,41.95,32.64,55.66,439.99,401.76,False,False,True
2025-01-21,421.5,6714879,1319,-1140,-29,151,,51.2,38.82,52.68,440.06,401.84,False,False,True
2025-01-22,437.5,10034866,1983,795,88,2865,,67.04,48.23,59.48,441.97,401.13,False,False,True
2025-02-03,399.0,21442807,-9170,254,226,-8690,,48.14,48.2,43.33,443.13,397.62,False,False,False
2025-02-04,397.0,9832298,-505,9,-47,-543,,34.01,43.47,42.69,443.54,394.11,False,False,False
2025-02-05,405.5,6794679,1886,65,-10,1941,,31.1,39.35,46.36,442.16,392.89,False,False,False
2025-02-06,417.0,8942631,3704,69,-37,3736,,37.98,38.89,50.94,439.96,393.34,False,False,True
2025-02-07,415.0,4903016,-285,-49,-41,-376,,41.03,39.6,50.14,438.26,393.49,False,True,True
2025-02-10,404.5,5455004,-1737,-30,6,-1761,,35.01,38.07,46.04,438.19,392.31,False,False,False
2025-02-11,402.0,6933390,-1703,-8,21,-1689,,29.09,35.08,45.09,438.34,390.96,False,False,False
2025-02-12,401.0,3998133,-1702,187,-4,-1518,,24.37,31.51,44.7,438.15,389.4,False,False,False
2025-02-13,405.0,6701476,-30,-73,118,15,,30.83,31.28,46.71,435.51,389.34,False,False,False
2025-02-14,401.0,5005852,-722,-729,-8,-1458,,27.37,29.98,44.95,433.47,388.68,False,False,False
2025-02-17,406.0,4598247,497,-277,-104,116,,29.06,29.67,47.61,432.79,388.21,False,False,False
2025-02-18,391.0,21321011,-9348,-5362,98,-14612,,19.97,26.44,41.18,432.48,385.62,False,False,False
2025-02-19,392.0,8248001,-1629,-764,80,-2313,,19.47,24.11,41.75,432.99,384.31,True,False,False
2025-02-20,390.0,10129322,-3262,-159,65,-3356,,18.65,22.29,40.9,433.36,381.94,True,False,False
2025-02-21,396.0,9099579,-572,-782,11,-1343,,27.25,23.95,44.53,433.48,381.37,True,True,False
2025-02-24,395.5,7070816,-2444,25,-59,-2478,,32.24,26.71,44.29,432.3,380.25,False,False,False
2025-02-25,393.0,7896486,-1951,48,-28,-1931,,31.86,28.43,43.02,430.39,379.26,False,False,False
2025-02-26,399.0,9935842,-991,-5,64,-932,,40.5,32.45,46.95,426.85,380.0,False,False,False
2025-02-27,402.0,19818567,1856,942,12,2811,,50.7,38.54,48.85,424.28,380.62,False,False,False
2025-03-03,390.0,12654968,-5194,1041,48,-4105,,40.15,39.08,42.32,415.13,385.02,False,False,False
2025-03-04,377.5,20515117,-7904,-2250,-16,-10170,,31.18,36.44,36.8,417.13,380.87,False,False,False
2025-03-05,378.5,10339351,-3570,-238,-27,-3835,,26.18,33.02,37.5,418.39,377.76,False,False,False
2025-03-06,383.5,8387739,-1058,-11,40,-1030,,27.75,31.26,41.03,417.97,375.98,False,False,False
2025-03-07,375.0,9283003,-4642,2,-71,-4710,,20.46,27.66,37.19,415.84,373.91,False,False,False
2025-03-10,375.5,6133006,-1456,178,-91,-1369,,16.09,23.8,37.56,413.32,372.48,False,False,False
2025-03-11,370.5,9688806,-826,-97,-165,-1087,,14.74,20.78,35.31,413.16,369.24,True,False,False
2025-03-12,387.5,13619884,-2120,3684,-86,1478,,27.5,23.02,46.92,411.88,369.07,True,True,False
2025-03-13,388.5,11619792,1980,934,-258,2657,,40.56,28.87,47.52,410.68,369.02,False,False,False
2025-03-14,378.5,9504845,-2448,67,212,-2169,,40.37,32.7,42.39,408.66,368.39,False,False,False
2025-03-17,394.0,12188489,3985,735,-34,4686,,56.14,40.52,51.19,407.63,368.72,False,False,False
2025-03-18,400.0,8481895,360,2538,417,3315,,70.76,50.6,54.11,406.33,369.42,False,False,False
2025-03-19,390.5,7045784,-928,47,282,-598,,71.33,57.51,49.1,406.29,369.41,False,False,False
2025-03-20,393.5,8096266,1092,-624,436,904,,73.84,62.95,50.65,406.45,369.4,False,False,False
2025-03-21,396.0,9864363,1202,-1021,237,417,,77.87,67.93,51.97,407.08,369.37,False,False,False
2025-03-24,392.0,10204406,2955,-326,129,2758,,71.72,69.19,49.68,406.62,369.43,False,False,False
2025-03-25,392.0,4709909,-925,-11,52,-883,,65.05,67.81,49.68,406.21,369.49,False,False,False
2025-03-26,399.0,9663861,6089,57,168,6314,,68.66,68.09,53.8,407.05,369.25,False,True,False
2025-03-27,392.0,5235582,-741,39,117,-585,,60.06,65.41,49.44,406.11,369.49,False,False,False
2025-03-28,376.5,9839778,-3778,-18,-241,-4037,,41.65,57.49,41.44,404.21,368.84,False,False,False
2025-03-31,360.0,9089289,-2472,130,-458,-2801,,27.77,47.58,34.95,406.21,363.84,False,False,False
2025-04-01,371.0,6303543,-1207,99,-13,-1121,,26.48,40.55,41.52,406.56,362.84,False,False,False
2025-04-02,369.5,3560122,-146,-66,-45,-257,,24.54,35.21,40.92,407.0,361.5,False,False,False
2025-04-07,333.0,2702060,944,-1044,-32,-132,,16.36,28.93,29.58,414.03,349.42,False,False,False
2025-04-08,305.0,28828129,183,171,267,621,,12.56,23.47,24.07,425.36,331.09,True,False,False
2025-04-09,280.5,17454496,-71,15,-290,-345,,9.84,18.93,20.48,437.78,309.17,True,False,False
2025-04-10,308.5,3756951,-1032,0,199,-833,,15.86,17.91,32.82,440.96,299.79,True,False,False
2025-04-11,335.0,22276600,1533,1005,-484,2054,,28.51,21.44,42.0,439.55,295.95,True,True,False
2025-04-14,330.0,17883868,-811,-746,-507,-2064,,37.62,26.84,40.86,437.82,291.83,False,False,False
2025-04-15,330.5,7304809,-366,-293,-210,-869,,43.86,32.51,41.04,436.67,288.18,False,False,False
2025-04-16,320.5,7393291,8,-376,-783,-1150,,44.64,36.55,38.62,433.69,283.81,False,False,False
2025-04-17,315.5,12774866,48,-1612,-226,-1790,,47.76,40.29,37.44,429.2,279.85,False,False,False
2025-04-18,319.5,2490057,393,-21,-194,178,,51.62,44.07,39.05,425.2,276.75,False,False,False
2025-04-21,312.0,3296876,-169,48,-236,-357,,50.86,46.33,37.12,420.24,273.56,False,False,False
2025-04-22,310.0,4559786,800,-559,-129,112,,40.3,44.32,36.6,413.87,271.33,False,False,False
2025-04-23,329.5,7258477,1153,273,-52,1374,,46.4,45.01,44.72,407.01,271.94,False,True,False
2025-04-24,326.5,5420602,-333,111,-86,-308,,46.05,45.36,43.79,399.21,273.19,False,False,False
2025-04-25,330.5,8413008,-1556,565,98,-893,,54.8,48.5,45.42,388.43,277.12,False,False,False
2025-04-28,340.5,6350574,824,355,-49,1130,,66.71,54.57,49.37,378.61,281.79,False,False,False
2025-04-29,340.0,7981381,651,-701,125,75,,74.21,61.12,49.18,371.95,284.8,False,False,False
2025-04-30,333.5,8648793,-1517,-313,-156,-1985,,72.94,65.06,46.65,368.11,285.99,False,False,False
2025-05-02,354.0,13425230,2250,1028,94,3372,,80.56,70.23,54.6,364.01,288.39,False,False,False
2025-05-05,358.0,10878687,2112,-61,-572,1479,,83.44,74.63,55.98,360.93,290.32,False,False,False
2025-05-06,359.0,7948677,936,-19,-286,631,,85.59,78.28,56.33,365.16,288.69,False,False,False
2025-05-07,363.5,7876563,1516,-74,-419,1024,,86.95,81.17,57.98,369.93,289.77,False,False,False
2025-05-08,372.0,9971284,1649,452,-86,2015,,89.1,83.81,60.98,371.57,297.28,False,False,False
2025-05-09,374.0,9848583,1432,507,-33,1906,,89.83,85.82,61.68,376.72,298.68,False,False,False
2025-05-12,370.0,4737810,-140,-57,16,-181,,87.43,86.36,59.4,381.02,297.88,False,False,False
2025-05-13,368.0,7787017,-632,41,-8,-598,,84.21,85.64,58.25,384.54,298.16,False,False,False
2025-05-14,372.0,10240371,-796,-531,275,-1053,,84.6,85.29,59.93,388.37,298.48,False,False,False
2025-05-15,370.5,5816005,-149,13,-14,-150,,79.93,83.5,58.97,391.07,300.78,False,False,False
2025-05-16,371.0,4417699,147,-26,21,143,,77.28,81.43,59.2,392.78,304.62,False,False,False
2025-05-19,363.0,4173391,-359,-374,-21,-754,,57.83,73.56,53.9,393.14,308.61,False,False,False
2025-05-20,365.5,4476672,166,37,31,233,,47.38,64.83,55.25,392.06,315.04,False,False,False
2025-05-21,378.5,6573468,1484,342,304,2130,,63.99,64.55,61.55,391.11,322.84,False,False,False
2025-05-22,378.0,7088787,1538,231,-214,1555,,67.85,65.65,61.19,392.19,326.61,False,True,False
2025-05-23,373.5,5335463,1252,-54,-135,1062,,63.75,65.02,57.94,391.17,332.33,False,False,False
2025-05-26,370.5,6228332,693,-8,-754,-69,,56.57,62.2,55.81,389.43,338.07,False,False,False
2025-05-27,367.5,4586098,-644,-18,-268,-930,,47.35,57.25,53.68,388.36,341.84,False,False,False
2025-05-28,370.0,4245970,-48,24,-18,-42,,44.9,53.13,55.21,386.69,346.51,False,False,False
2025-05-29,374.0,13156731,-712,290,-23,-445,,49.19,51.82,57.63,381.56,355.69,False,False,False
2025-06-02,367.5,5974623,-1267,38,-161,-1390,,42.42,48.69,52.66,380.29,358.31,False,False,False
2025-06-03,379.5,14297659,3555,1150,44,4749,,51.3,49.56,59.58,380.9,359.85,False,True,True
2025-06-04,389.0,11792090,211,429,228,868,,67.53,55.55,64.07,384.01,359.74,False,False,True
2025-06-05,398.0,11531913,2398,523,185,3106,,77.86,62.98,67.72,389.83,357.37,False,False,True
2025-06-06,396.0,8508774,-1028,435,135,-458,,82.3,69.42,66.11,393.84,355.76,False,False,True
2025-06-09,397.5,4033914,712,-11,114,815,,86.73,75.19,66.75,397.54,354.41,False,False,True
2025-06-10,402.0,7200415,244,156,624,1024,,89.82,80.07,68.65,401.85,353.3,False,False,True
2025-06-11,402.0,6507002,334,-279,-14,41,,91.46,83.86,68.65,405.42,353.13,False,False,True
2025-06-12,399.5,4870057,-186,222,-13,23,,89.24,85.66,66.21,408.05,353.25,False,False,True
2025-06-13,398.0,6341414,871,-92,-269,510,,85.14,85.48,64.72,410.03,354.02,False,False,True
2025-06-16,400.5,5098369,1766,-319,48,1495,,83.8,84.92,66.09,412.16,354.84,False,False,True
2025-06-17,395.0,7050928,1246,92,-302,1036,,66.62,78.82,60.52,412.49,357.71,False,False,True
2025-06-18,400.5,5709190,1352,201,-284,1268,,64.93,74.19,63.81,413.42,360.28,False,False,True
2025-06-19,404.0,9561457,1642,23,-59,1606,,67.73,72.04,65.76,415.45,360.8,False,False,True
2025-06-20,400.0,20098029,4933,-4212,48,769,,60.71,68.26,61.67,416.6,361.85,False,False,True
2025-06-23,400.0,6204157,1107,86,-76,1117,,56.03,64.18,61.67,417.28,363.82,False,False,True
2025-06-24,417.0,11800480,3790,1762,-57,5495,,69.35,65.91,70.66,420.34,365.41,False,True,True
2025-06-25,423.5,11484758,402,2129,88,2619,,74.87,68.89,73.25,423.66,367.69,False,False,True
2025-06-26,420.0,7443699,494,87,-421,160,,75.27,71.02,69.69,425.43,370.92,False,False,True
2025-06-27,424.0,7476761,1947,93,-901,1140,,79.29,73.77,71.4,427.76,373.59,False,False,True
2025-06-30,413.0,5401385,-194,111,70,-13,,71.21,72.92,61.17,425.58,380.32,False,False,True
2025-07-01,428.0,10597030,4966,237,365,5567,,76.7,74.18,67.92,427.82,382.93,False,True,True
2025-07-02,429.5,7070670,540,406,61,1007,,80.14,76.17,68.51,430.91,383.89,False,False,True
2025-07-03,459.0,23036356,1963,3405,810,6179,,86.24,79.52,77.33,442.94,377.96,False,False,True
2025-07-04,457.0,15179732,6542,-3,-88,6452,,88.3,82.45,75.78,451.3,375.7,False,False,True
2025-07-07,450.0,9170567,1282,608,983,2872,,84.3,83.07,70.46,456.45,375.8,False,False,True
2025-07-08,451.5,10914637,4503,127,107,4737,,82.66,82.93,70.93,461.28,375.92,False,False,True
2025-07-09,451.0,11927165,1785,57,87,1929,,81.22,82.36,70.53,465.32,376.78,False,False,True
2025-07-10,482.5,23205872,474,1709,-553,1630,,86.1,83.61,78.74,476.03,374.37,False,True,True
2025-07-11,483.0,13782938,-1055,988,77,10,,86.93,84.72,78.84,484.73,374.17,False,False,True
2025-07-14,473.0,7066369,1481,31,-311,1201,,82.54,83.99,71.53,489.85,376.3,False,False,True
2025-07-15,494.0,17023193,1199,315,-5,1509,,87.34,85.11,76.47,497.99,378.06,False,True,True
2025-07-16,500.0,23980485,-594,826,-656,-424,,85.62,85.28,77.66,506.28,379.72,False,False,True
2025-07-17,499.0,10285044,-1432,-44,28,-1448,,84.02,84.86,76.96,512.94,382.56,False,False,True
2025-07-18,509.0,7404100,1614,81,214,1909,,87.52,85.75,78.99,519.79,386.61,False,True,True
2025-07-21,515.0,9787095,2168,91,-70,2189,,90.81,87.44,80.13,526.05,391.85,False,False,True
2025-07-22,513.0,14393239,2146,85,15,2245,,84.99,86.62,78.6,531.94,395.56,False,False,True
2025-07-23,520.0,11013566,1516,803,250,2569,,83.0,85.41,80.04,538.41,398.74,False,False,True
2025-07-24,518.0,9392038,-850,-163,124,-890,,80.4,83.74,78.42,542.71,404.24,False,False,True
2025-07-25,517.0,9488939,1413,-118,-110,1185,,76.87,81.45,77.58,545.85,410.4,False,False,True
2025-07-28,522.0,7360367,401,-141,19,279,,76.05,79.65,78.81,546.61,420.54,False,False,True
2025-07-29,525.0,7871375,1029,-180,466,1315,-0.05,77.84,79.05,79.53,548.31,428.54,False,False,True
2025-07-30,530.0,7999698,389,4,-38,355,-0.05,82.28,80.13,80.71,549.24,437.66,False,True,True
2025-07-31,567.0,14649618,1421,-81,-35,1306,0.14,81.43,80.56,86.79,561.13,436.57,False,False,True
2025-08-01,588.0,25566551,2097,409,406,2912,0.32,84.25,81.79,88.92,576.13,434.67,False,False,True
2025-08-04,593.0,11421939,2065,125,55,2245,-0.11,88.0,83.86,89.36,588.42,436.68,False,False,True
2025-08-05,632.0,21914641,-1042,628,454,40,0.64,90.96,86.23,92.03,608.94,434.21,False,False,True
2025-08-06,621.0,21267817,-1066,1019,244,196,-0.26,90.07,87.51,85.52,621.51,438.64,False,False,True
2025-08-07,623.0,16072941,232,-29,117,320,0.12,89.77,88.26,85.72,634.54,439.66,False,False,True
2025-08-08,637.0,12644809,1235,34,102,1370,0.09,93.18,89.9,87.05,648.39,441.21,False,False,True
2025-08-11,638.0,9330673,-204,89,-8,-123,-0.09,94.1,91.3,87.14,658.82,447.28,False,False,True
2025-08-12,642.0,9218415,252,287,3,542,-0.04,93.56,92.05,87.53,669.48,451.42,False,False,True
2025-08-13,675.0,24961378,2333,843,-147,3029,0.23,94.1,92.74,90.14,685.64,452.76,False,False,True
2025-08-14,670.0,12068980,-4549,440,261,-3847,-0.02,92.51,92.66,87.16,697.55,457.95,False,False,True
2025-08-15,686.0,14869022,-804,251,350,-203,0.2,91.85,92.39,88.47,711.08,462.12,False,False,True
2025-08-18,688.0,12689479,-4182,107,196,-3879,-0.04,91.97,92.25,88.63,722.78,467.72,False,False,True
2025-08-19,661.0,14089877,-473,-66,25,-514,-0.16,79.93,88.14,74.03,727.23,478.07,False,False,True
2025-08-20,625.0,28902593,582,-243,311,650,-0.11,53.76,76.68,59.87,726.52,489.28,False,False,True
2025-08-21,648.0,18904498,-2256,775,888,-592,0.15,48.56,67.31,64.54,726.34,502.46,False,False,True
2025-08-22,664.0,10490441,165,685,27,878,-0.13,52.11,62.24,67.38,725.79,517.71,False,False,True
2025-08-25,676.0,9894918,-1515,82,-55,-1488,0.14,59.74,61.41,69.36,724.84,534.06,False,False,True
2025-08-26,685.0,10452749,777,-876,87,-12,0.15,68.77,63.86,70.8,722.2,552.7,False,True,True
2025-08-27,720.0,16908355,-2209,-114,755,-1568,1.7,76.18,67.97,75.58,723.15,570.75,False,False,True
2025-08-28,709.0,9102720,-2790,-248,-161,-3200,0.28,77.81,71.25,71.61,725.17,582.93,False,False,True
2025-08-29,711.0,11303576,-1481,-1,187,-1295,-0.09,79.5,74.0,71.9,728.49,591.91,False,False,True
2025-09-01,688.0,14583681,2094,-559,-364,1172,-1.95,73.72,73.91,63.85,726.44,603.46,False,False,True
2025-09-02,685.0,11619304,1530,503,-56,1977,0.02,68.97,72.26,62.86,727.66,607.54,False,False,True
2025-09-03,680.0,12034963,1979,126,224,2329,0.02,56.16,66.9,61.16,726.64,614.46,False,False,True
2025-09-04,691.0,10307064,-27,484,255,711,0.01,50.14,61.31,63.5,726.0,621.9,False,False,True
2025-09-05,726.0,15305812,4836,783,295,5915,0.16,64.46,62.36,69.74,732.33,624.47,False,True,True
2025-09-08,726.0,11437223,-2212,494,-19,-1737,0.2,67.26,63.99,69.74,737.21,628.39,False,False,True
2025-09-09,784.0,21560823,-1249,1134,216,101,0.69,74.38,67.46,77.23,757.38,622.42,False,False,True
2025-09-10,837.0,23938193,-3268,589,122,-2558,0.51,81.54,72.15,81.69,791.74,604.26,False,False,True
2025-09-11,831.0,27598193,-2415,-154,-251,-2819,-0.44,83.57,75.96,79.78,815.93,596.17,False,False,True
2025-09-12,837.0,20358692,-1288,165,22,-1101,0.21,85.88,79.27,80.28,837.53,589.67,False,False,True
2025-09-15,836.0,12384306,-344,-423,-228,-995,-0.15,87.24,81.92,79.93,855.7,586.3,False,False,True
2025-09-16,841.0,15636646,-563,-256,-218,-1038,-0.09,88.93,84.26,80.39,871.69,588.31,False,False,True
2025-09-17,836.0,10464529,-1291,-66,142,-1215,0.15,88.42,85.65,78.44,880.74,600.36,False,False,True
2025-09-18,892.0,22541317,15,-174,692,533,0.69,90.93,87.41,83.31,901.25,604.25,False,False,True
2025-09-19,888.0,20690681,-4336,-125,-12,-4474,0.13,90.09,88.3,81.89,917.95,609.95,False,False,True
2025-09-22,907.0,14838882,-1099,-87,286,-900,0.09,90.95,89.18,83.35,936.23,614.77,False,False,True
2025-09-23,893.0,18003354,-5726,-858,32,-6551,0.1,85.63,88.0,78.35,948.87,622.93,False,False,True
2025-09-24,891.0,16745252,294,-1050,183,-573,-0.17,81.39,85.8,77.63,960.77,628.13,False,False,True
2025-09-25,884.0,12323755,-1159,-77,303,-933,0.05,76.14,82.58,75.05,969.01,637.39,False,False,True
2025-09-26,848.0,20674889,-2702,-1396,28,-4071,-0.35,60.13,75.1,63.36,971.07,649.03,False,False,True
2025-09-30,854.0,17397008,-1796,-61,427,-1430,0.48,49.0,66.4,64.36,969.7,667.0,False,False,True
2025-10-01,871.0,10214371,1306,209,178,1693,-0.05,46.84,59.88,67.09,966.88,688.42,False,False,True
2025-10-02,894.0,18926279,2995,62,411,3468,0.12,54.97,58.24,70.39,961.8,714.9,False,False,True
2025-10-03,942.0,18806970,2759,624,208,3591,0.25,69.36,61.95,75.84,961.66,740.14,False,True,True
2025-10-07,987.0,25946493,-3645,170,262,-3213,0.19,77.89,67.26,79.63,974.25,753.65,False,False,True
2025-10-08,981.0,12278241,-2771,-42,-40,-2852,-0.04,82.3,72.27,77.88,978.48,774.92,False,False,True
2025-10-09,999.0,15540963,-2339,76,-134,-2397,-0.08,87.01,77.19,79.35,993.34,781.56,False,False,True
2025-10-13,1030.0,24052561,1006,262,589,1857,0.36,88.94,81.1,81.61,1017.77,776.43,False,False,True
2025-10-14,992.0,21048517,-4108,-255,-406,-4769,-0.32,81.78,81.33,71.29,1028.7,781.6,False,False,True
2025-10-15,1015.0,13304315,-684,-240,475,-449,0.31,80.35,81.0,73.48,1042.48,785.62,False,False,True
2025-10-16,1025.0,7987323,1303,-447,213,1068,-0.15,79.92,80.64,74.39,1055.51,791.49,False,False,True
2025-10-17,999.0,12958755,-2324,-543,-287,-3154,-0.03,74.29,78.52,67.85,1061.52,801.28,False,False,True
2025-10-20,1015.0,12374832,-66,-436,255,-247,-0.06,70.25,75.77,69.62,1067.43,813.27,False,False,True
2025-10-21,1020.0,7996535,1954,-248,96,1801,-0.16,66.56,72.7,70.17,1076.45,817.05,False,False,True
2025-10-22,1020.0,5842272,221,-273,183,131,-0.07,63.22,69.54,70.17,1083.89,822.81,False,False,True
2025-10-23,1010.0,5326210,-261,97,55,-110,0.08,57.36,65.48,67.33,1089.47,827.53,False,False,True
2025-10-27,1070.0,14665958,5197,-49,717,5865,0.15,69.7,66.89,74.11,1103.5,831.2,False,True,True
2025-10-28,1075.0,9123838,-1092,489,218,-385,0.25,78.03,70.6,74.58,1115.81,837.29,False,False,True
2025-10-29,1060.0,13037322,-3852,202,93,-3558,0.1,76.93,72.71,70.42,1122.21,848.49,False,False,True
2025-10-30,1010.0,23687176,-7832,-1353,-409,-9594,0.73,59.37,68.26,58.68,1114.32,872.58,False,False,True
2025-10-31,995.0,21049860,-4438,-1409,-1088,-6934,-0.07,42.61,59.71,55.68,1102.02,898.98,False,False,True
2025-11-03,983.0,16545187,-3396,-826,308,-3914,0.14,28.73,49.39,53.34,1088.01,924.19,False,False,True
2025-11-04,975.0,18976367,-3314,73,1208,-2033,0.99,19.15,39.31,51.77,1074.94,945.36,False,False,True
2025-11-05,967.0,18127318,-711,101,131,-478,-0.62,20.73,33.11,50.18,1071.44,951.36,True,False,True
2025-11-06,978.0,10520332,-1244,444,6,-795,0.18,24.14,30.12,52.34,1071.89,950.01,False,False,True
2025-11-07,965.0,9673113,-1833,51,-180,-1963,-0.03,23.62,27.96,49.6,1073.13,947.17,False,False,True
2025-11-10,982.0,11544121,-1091,251,250,-590,0.03,26.93,27.61,53.07,1073.37,945.23,False,False,True
2025-11-11,972.0,11380761,-2054,-14,6,-2062,-0.04,27.95,27.73,50.85,1071.76,941.04,False,True,True
2025-11-12,967.0,14451354,-1001,-288,191,-1098,-0.25,33.15,29.53,49.73,1072.59,937.71,False,False,True
2025-11-13,958.0,11148197,3,-629,-13,-639,-0.03,33.76,30.94,47.7,1072.74,931.86,False,False,True
2025-11-14,922.0,19610238,-3609,-441,-260,-4311,0.11,22.51,28.13,40.56,1075.25,919.05,False,False,True
2025-11-17,916.0,11523207,321,-273,-126,-78,-0.02,15.01,23.76,39.5,1079.09,906.91,False,False,True
2025-11-18,898.0,13615098,-1011,-291,-38,-1341,-0.06,10.0,19.17,36.42,1082.37,891.93,True,False,True
2025-11-19,894.0,12208506,-556,-101,92,-565,-0.05,8.2,15.51,35.76,1083.31,878.39,True,False,True
2025-11-20,954.0,16670416,1006,884,284,2174,0.02,25.34,18.79,50.42,1078.95,876.15,True,True,True
2025-11-21,895.0,17544293,-6853,143,-129,-6840,0.13,18.73,18.77,40.61,1078.36,865.24,False,False,False
2025-11-24,893.0,18856003,-1884,166,174,-1544,0.0,13.94,17.16,40.32,1064.45,861.45,True,False,False
2025-11-25,910.0,10504174,58,69,75,202,-0.05,17.62,17.31,43.94,1043.94,865.46,True,True,True
2025-11-26,945.0,11426896,823,363,540,1727,0.12,36.31,23.65,50.59,1023.18,874.72,True,False,True
2025-11-27,942.0,8820259,-91,-76,11,-156,0.06,47.45,31.58,50.04,1014.01,877.09,False,False,True
2025-11-28,932.0,8363698,-1040,-219,242,-1017,0.1,50.49,37.89,48.17,1006.96,877.84,False,False,True
2025-12-01,973.0,17532398,562,230,2215,3007,0.9,65.12,46.97,55.51,1005.28,878.52,False,False,True
2025-12-02,989.0,20318111,170,376,1402,1947,0.3,73.89,55.94,58.02,1007.81,877.39,False,False,True
2025-12-03,997.0,12779073,-348,169,32,-147,-0.16,80.21,64.03,59.25,1012.95,875.25,False,False,True
2025-12-04,999.0,6988805,1035,170,-78,1126,-0.16,85.02,71.03,59.57,1016.76,873.54,False,False,True
2025-12-05,979.0,9899996,-1322,-229,235,-1315,-0.06,81.84,74.63,54.93,1018.54,873.16,False,False,True
2025-12-08,979.0,5977776,311,-8,43,345,-0.14,78.16,75.81,54.93,1018.09,873.31,False,False,True
2025-12-09,971.0,7892104,549,-167,82,464,0.09,70.72,74.11,53.01,1017.97,873.33,False,False,True
2025-12-10,968.0,6353279,90,-76,23,37,0.02,64.46,70.89,52.27,1018.08,873.32,False,False,True
2025-12-11,945.0,12453039,-3003,-634,-89,-3727,-0.02,48.91,63.57,46.89,1017.2,872.9,False,False,False
2025-12-12,938.0,9967630,-1140,-20,94,-1066,-0.02,36.55,54.56,45.36,1017.27,874.43,False,False,False
2025-12-15,922.0,7161588,-878,-376,46,-1208,0.09,26.62,45.25,41.99,1017.09,875.21,False,False,False
2025-12-16,901.0,11299114,-2951,-85,-86,-3121,0.09,18.37,36.29,38.0,1016.83,875.77,False,False,False
2025-12-17,890.0,14101199,-4677,-260,1238,-3699,0.22,12.25,28.28,36.06,1017.27,874.93,True,False,False
2025-12-18,891.0,6718290,-2171,205,468,-1498,0.24,9.72,22.09,36.38,1018.11,867.79,True,False,False
2025-12-19,911.0,13809520,-873,473,666,267,0.48,15.35,19.84,42.52,1017.08,870.42,True,False,False
2025-12-22,953.0,14176209,588,536,676,1800,0.19,34.51,24.73,52.82,1016.14,877.36,True,True,False
2025-12-23,943.0,6033660,-865,277,-12,-600,0.05,44.12,31.19,50.5,1015.65,881.15,False,False,False
2025-12-24,955.0,5165678,85,32,51,169,0.11,58.52,40.3,53.16,1016.19,881.61,False,False,False
2025-12-26,956.0,3406520,-727,-39,51,-716,0.01,68.55,49.72,53.38,1016.88,882.32,False,False,False
2025-12-29,962.0,6436356,80,-96,246,231,-0.22,74.49,57.98,54.78,1018.07,884.13,False,False,False
2025-12-30,961.0,4664368,-126,-243,1,-368,-0.07,78.07,64.67,54.49,1016.85,884.15,False,False,False
2025-12-31,963.0,9297343,1008,-132,-219,658,-0.27,81.21,70.19,55.01,1013.36,885.04,False,False,False
2026-01-02,995.0,14649316,3400,516,803,4718,-0.06,86.5,75.63,62.41,1012.95,885.25,False,False,True
2026-01-05,1010.0,13808472,4376,162,310,4847,0.36,86.69,79.31,65.29,1015.47,883.83,False,False,True
2026-01-06,1050.0,17611330,5432,17,685,6134,-0.27,91.13,83.25,71.56,1032.05,874.35,False,False,True
2026-01-07,1030.0,18956362,-1886,173,-17,-1731,-0.39,80.7,82.4,65.22,1041.14,870.36,False,False,True
2026-01-08,1010.0,9495549,1844,-49,-399,1396,-0.79,68.62,77.81,59.54,1046.28,869.12,False,False,False
2026-01-09,1015.0,7818509,493,29,33,555,0.17,61.79,72.47,60.47,1052.2,867.9,False,False,True
2026-01-12,1055.0,12690911,2884,462,241,3587,0.25,67.12,70.69,66.98,1066.62,864.48,False,False,True
2026-01-13,1030.0,12476270,-535,-199,-421,-1155,-0.35,64.5,68.63,60.29,1074.27,866.03,False,False,True
2026-01-14,1060.0,9296311,1482,461,146,2089,0.32,69.15,68.8,64.83,1085.92,868.18,False,True,True
2026-01-15,1045.0,8579869,-1023,-86,-168,-1277,0.02,66.36,67.99,61.07,1090.97,877.53,False,False,True
2026-01-16,1125.0,24482607,6223,177,238,6638,1.18,75.38,70.45,70.8,1110.49,881.51,False,True,True
2026-01-19,1120.0,12864701,-1327,-12,-164,-1504,0.0,75.84,72.25,69.63,1123.52,891.38,False,False,True
2026-01-20,1130.0,7555816,305,147,43,495,-0.36,77.83,74.11,70.67,1137.44,899.36,False,False,True
2026-01-21,1135.0,18878632,2395,-315,539,2618,0.06,76.45,74.89,71.21,1153.13,901.87,False,False,True
2026-01-22,1245.0,20586581,3200,779,335,4315,0.58,84.3,78.02,79.87,1195.17,890.03,False,False,True
2026-01-23,1260.0,18187774,-1424,203,26,-1195,0.06,86.33,80.79,80.73,1232.88,882.82,False,False,True
2026-01-26,1230.0,13054383,-2542,208,-505,-2839,-0.42,83.83,81.81,73.98,1255.67,887.43,False,False,True
2026-01-27,1250.0,9071726,-39,383,8,351,-0.27,84.74,82.78,75.45,1278.83,893.07,False,False,True
2026-01-28,1280.0,11623072,1175,245,-14,1406,-0.84,89.08,84.88,77.51,1303.82,899.98,False,False,True
2026-01-29,1255.0,13505064,-947,56,-74,-965,-0.52,83.42,84.39,72.09,1318.36,914.64,False,False,True
2026-01-30,1220.0,10993513,-349,3,-472,-819,-0.36,74.22,81.0,65.21,1326.15,929.35,False,False,True
2026-02-02,1175.0,13451195,299,-1025,-910,-1636,-0.25,59.48,73.83,57.61,1327.38,944.62,False,False,True
2026-02-03,1215.0,11407245,-1110,-41,-241,-1392,0.15,51.48,66.38,61.86,1334.24,954.26,False,False,True
2026-02-04,1210.0,7342941,1112,79,-43,1148,-0.12,45.07,59.28,61.04,1337.42,969.08,False,False,True
2026-02-05,1150.0,15861433,-6112,-39,-49,-6200,-0.05,33.65,50.74,52.06,1331.7,988.8,False,False,True
2026-02-06,1160.0,10693038,-509,476,395,362,-0.17,29.93,43.8,53.3,1324.76,1010.24,False,False,True
2026-02-09,1180.0,9124038,-425,39,32,-354,0.16,30.79,39.46,55.75,1321.86,1025.64,False,False,True
2026-02-10,1185.0,8355167,-929,9,97,-823,0.18,32.19,37.04,56.36,1313.25,1049.75,False,False,True
2026-02-11,1260.0,15443021,1446,684,418,2548,0.33,53.68,42.59,64.38,1314.49,1068.51,False,True,True
2026-02-23,1305.0,22078521,1710,766,103,2579,0.14,59.69,48.29,68.16,1316.79,1092.21,False,False,True
2026-02-24,1385.0,14083155,1949,312,285,2546,0.12,73.13,56.57,73.54,1349.51,1085.49,False,False,True
2026-02-25,1435.0,14709013,708,421,51,1180,-0.0,77.97,63.7,76.24,1389.26,1077.24,False,False,True
2026-02-26,1430.0,17965290,-2362,987,34,-1341,-0.08,80.75,69.39,75.41,1419.42,1077.08,False,False,True
2026-03-02,1425.0,15569999,210,162,104,476,-0.15,82.14,73.64,74.54,1442.44,1083.06,False,False,True
2026-03-03,1340.0,17852498,-2065,-176,-1049,-3290,-0.61,73.04,73.44,61.51,1450.21,1084.79,False,False,True
2026-03-04,1255.0,19185365,-1121,293,-172,-1000,0.18,57.83,68.24,51.76,1450.02,1084.48,False,False,True
2026-03-05,1335.0,13686208,-1505,793,-19,-731,-0.12,55.22,63.9,58.44,1456.79,1088.21,False,False,True
2026-03-06,1320.0,11211730,-777,144,155,-478,0.04,46.96,58.25,56.85,1461.15,1090.85,False,False,True
2026-03-09,1220.0,23398789,654,267,-3689,-2768,0.04,34.23,50.25,47.57,1459.81,1086.19,False,False,True
2026-03-10,1290.0,12096363,140,844,-247,738,0.02,33.93,44.81,53.31,1461.51,1087.99,False,False,True
2026-03-11,1400.0,15114745,-108,270,826,988,0.15,48.9,46.17,60.62,1476.65,1090.85,False,True,True
2026-03-12,1370.0,7808202,-593,-17,153,-458,0.02,55.94,49.43,57.95,1482.93,1104.07,False,False,True
2026-03-13,1385.0,7798371,268,-178,4,94,-0.08,63.68,54.18,58.93,1491.86,1112.14,False,False,True
2026-03-16,1360.0,6238589,-863,-500,1,-1362,-0.01,67.45,58.6,56.58,1495.88,1123.12,False,False,True
2026-03-17,1440.0,13512996,4060,15,411,4485,-0.22,74.67,63.96,61.82,1503.11,1144.89,False,False,True
2026-03-18,1465.0,11442896,1386,53,186,1625,-0.11,80.29,69.4,63.31,1511.37,1167.13,False,False,True
2026-03-19,1455.0,8335494,1193,-126,-48,1019,-0.21,82.9,73.9,62.26,1515.2,1190.8,False,False,True
2026-03-20,1475.0,15939579,2239,-420,141,1960,0.08,81.41,76.4,63.56,1517.89,1217.11,False,False,True
2026-03-23,1410.0,13897471,-2506,324,-96,-2278,0.1,68.1,73.63,56.73,1517.57,1232.43,False,False,True
2026-03-24,1415.0,13206637,2115,264,292,2671,-0.1,58.56,68.61,57.11,1520.16,1240.84,False,False,True
2026-03-25,1550.0,16571563,6440,197,431,7068,0.75,71.59,69.6,65.87,1547.69,1229.81,False,True,True
2026-03-26,1515.0,13856198,-1555,387,717,-451,-0.43,73.31,70.84,62.32,1560.38,1225.12,False,False,True
2026-03-27,1510.0,10527057,-2273,281,471,-1521,0.17,72.02,71.23,61.8,1571.78,1221.72,False,False,True
2026-03-30,1485.0,11853740,-842,89,84,-669,-0.17,66.53,69.67,59.18,1578.83,1220.67,False,False,True
2026-03-31,1380.0,21389778,-5627,262,375,-4990,-0.2,46.86,62.06,49.65,1578.9,1224.6,False,False,True
2026-04-01,1475.0,12559029,441,483,526,1450,-0.12,49.57,57.9,56.48,1578.49,1247.01,False,False,True
2026-04-02,1430.0,9953601,-2172,96,241,-1835,0.08,43.88,53.23,52.83,1579.25,1255.75,False,False,True
2026-04-07,1515.0,11190572,3601,-14,302,3889,-0.35,54.25,53.57,58.31,1587.76,1266.74,False,True,True
2026-04-08,1665.0,13400336,3910,-33,449,4326,0.64,69.5,58.88,65.86,1612.4,1286.6,False,False,True
2026-04-09,1645.0,15129409,1053,-98,871,1827,-0.71,73.79,63.85,64.19,1634.28,1300.22,False,False,True
2026-04-10,1735.0,11557080,581,25,250,857,-0.02,81.23,69.64,68.11,1686.14,1281.86,False,False,True
2026-04-13,1740.0,7069198,-247,-310,35,-523,0.0,85.8,75.03,68.31,1727.18,1277.82,False,False,True
2026-04-14,1750.0,12801739,-2178,-159,94,-2244,0.16,85.4,78.48,68.75,1763.79,1277.71,False,False,True
2026-04-15,1785.0,12877432,1623,-64,166,1726,-0.09,86.25,81.07,70.3,1799.73,1284.27,False,False,True
2026-04-16,1845.0,13254811,2051,-23,162,2191,-0.12,90.83,84.33,72.78,1848.32,1276.18,False,False,True
2026-04-17,1840.0,10769751,-875,357,57,-460,-0.01,91.26,86.64,72.24,1888.58,1273.42,False,False,True
2026-04-20,1900.0,12064485,445,26,19,490,-0.14,86.87,86.71,74.68,1935.82,1270.68,False,False,True
2026-04-21,2015.0,11917108,4,1058,49,1110,0.16,89.58,87.67,78.56,2004.1,1256.4,False,False,True
2026-04-22,2015.0,10968852,-2394,-68,2,-2459,0.13,90.35,88.56,78.56,2056.56,1264.44,False,False,True
2026-04-23,1980.0,17431212,-4522,385,-183,-4319,-0.0,82.45,86.53,74.53,2091.62,1285.88,False,False,True
2026-04-24,2075.0,11571377,535,-38,121,618,0.23,84.65,85.9,77.85,2147.15,1282.85,False,False,True
2026-04-27,2020.0,15898086,-3574,-223,3,-3794,0.17,80.17,83.99,71.99,2182.11,1298.39,False,False,True
2026-04-28,2125.0,15038642,3732,16,59,3807,-0.2,83.67,83.88,75.75,2230.63,1311.37,False,False,True
2026-04-29,2165.0,12261414,-1104,347,48,-709,0.55,88.62,85.46,77.01,2276.01,1333.99,False,True,True
2026-04-30,2165.0,14060511,-663,208,-212,-667,0.01,83.29,84.74,77.01,2296.6,1391.9,False,False,True
2026-05-04,2220.0,12649019,-370,193,123,-54,-0.12,83.14,84.21,78.78,2328.49,1434.51,False,False,True
2026-05-05,2165.0,10559120,-4258,213,-39,-4084,0.19,77.65,82.02,72.76,2328.27,1508.23,False,False,True
2026-05-06,2210.0,15562046,2677,315,-415,2577,-0.31,78.34,80.79,74.48,2336.04,1569.96,False,False,True
2026-05-07,2280.0,15656408,2351,981,-141,3192,0.19,77.66,79.75,76.92,2368.18,1599.32,False,False,True
2026-05-08,2200.0,11802071,-4461,112,31,-4318,-0.08,70.0,76.5,68.83,2372.38,1650.62,False,False,True
2026-05-11,2245.0,9200516,448,28,3,479,-0.15,67.74,73.58,70.69,2387.54,1686.46,False,False,True
2026-05-12,2195.0,13011711,-4268,257,-283,-4294,0.1,61.08,69.42,65.96,2387.44,1732.06,False,False,True
2026-05-13,2165.0,7659621,576,-119,-165,292,-0.02,44.35,61.06,63.23,2376.65,1784.35,False,False,True
2026-05-14,2155.0,7332576,768,-177,-15,577,0.01,31.74,51.28,62.31,2361.77,1836.23,False,False,True
2026-05-15,2075.0,12351492,-1408,-311,-789,-2508,-0.08,21.16,41.24,55.32,2345.09,1875.91,False,False,True
2026-05-18,2020.0,10082191,121,-120,-67,-66,-0.04,17.14,33.21,51.08,2322.01,1916.99,False,False,True
2026-05-19,1915.0,16288903,-343,-1166,-866,-2375,-0.05,11.79,26.07,44.13,2319.42,1921.08,True,False,True
2026-05-20,1915.0,10890054,102,-1010,-72,-981,0.06,10.85,20.99,44.13,2329.96,1900.54,True,False,True
2026-05-21,2030.0,11663874,-146,-253,940,541,-0.04,20.05,20.68,52.37,2329.33,1902.67,True,False,True
2026-05-22,2095.0,8534359,-122,-111,49,-184,-0.03,32.23,24.53,56.29,2325.64,1917.86,False,True,True
2026-05-25,2290.0,12049781,4330,202,385,4918,-0.06,54.03,34.36,65.47,2348.33,1916.67,False,False,True
2026-05-26,2350.0,12198582,2328,161,78,2567,-0.18,65.58,44.77,67.72,2378.64,1919.36,False,False,True
2026-05-27,2520.0,13897689,3516,296,-3,3809,-0.17,73.98,54.5,73.07,2451.5,1886.0,False,False,True
2026-05-28,2390.0,11721062,-1743,-121,-149,-2013,-0.01,73.43,60.81,64.29,2479.53,1880.47,False,False,True
2026-05-29,2445.0,17179076,160,604,44,808,0.01,75.67,65.76,66.15,2515.91,1872.09,False,False,True
2026-06-01,2420.0,9840869,-821,133,-81,-770,0.11,75.98,69.17,64.51,2541.37,1866.63,False,False,True
2026-06-02,2360.0,12331189,-63,-400,-181,-643,0.03,71.38,69.91,60.63,2557.58,1869.92,False,False,True
2026-06-03,2455.0,10882344,2633,42,29,2704,-0.02,72.82,70.88,64.29,2586.33,1865.67,False,False,True
2026-06-04,2425.0,9416420,-154,222,128,195,0.18,68.55,70.1,62.32,2603.84,1862.66,False,False,True
2026-06-05,2300.0,12283892,-2361,-66,55,-2372,0.19,48.39,62.86,54.78,2609.65,1866.85,False,False,True
2026-06-08,2255.0,15374423,-923,186,-131,-869,0.04,43.37,56.36,52.33,2610.22,1867.28,False,False,True
2026-06-09,2415.0,15579800,439,854,452,1744,0.06,53.82,55.52,59.31,2628.72,1870.78,False,False,True
2026-06-10,2200.0,18810727,-6909,-252,-76,-7238,0.24,44.31,51.78,48.94,2629.14,1873.86,False,False,True
2026-06-11,2160.0,15289457,-446,79,185,-182,0.12,35.6,46.39,47.28,2629.13,1874.37,False,False,True
2026-06-12,2215.0,9897155,715,-839,-50,-175,0.19,35.42,42.73,49.8,2627.42,1890.08,False,False,True
2026-06-15,2210.0,9456969,-1604,-389,90,-1904,0.13,34.87,40.11,49.57,2620.44,1916.06,False,False,True
2026-06-16,2230.0,9190426,1794,-810,-63,922,-0.14,36.23,38.82,50.56,2595.49,1972.51,False,False,True
2026-06-17,2155.0,11613654,-1913,-1336,-108,-3356,0.15,31.2,36.28,46.84,2562.94,2029.06,False,False,True
2026-06-18,2150.0,12882319,211,-854,31,-613,0.14,27.37,33.31,46.6,2548.37,2055.63,False,False,True
2026-06-22,2150.0,16874717,930,-2154,-1084,-2308,0.38,24.82,30.48,46.6,2542.47,2067.03,False,False,True
2026-06-23,2080.0,14787242,-1809,-1059,-377,-3245,0.22,16.55,25.84,42.94,2552.39,2036.11,False,False,True
2026-06-24,2000.0,23907070,-2998,-2746,-1184,-6928,0.3,13.89,21.85,39.15,2564.71,1988.79,True,False,False
2026-06-25,1980.0,13727341,-138,-1197,85,-1250,0.06,11.11,18.27,38.25,2542.89,1956.61,True,False,False
2026-06-26,1810.0,28604290,-5479,-1050,-678,-7206,0.28,8.67,15.07,31.55,2565.66,1875.84,True,False,False
2026-06-29,1905.0,16741799,233,-80,556,709,0.21,13.76,14.63,38.07,2549.13,1838.37,True,False,False
2026-06-30,1950.0,14370927,-1444,40,324,-1080,0.13,21.58,16.95,40.95,2524.79,1815.71,True,True,False
2026-07-01,1990.0,8753015,397,68,-49,416,-0.04,30.26,21.39,43.45,2503.2,1800.3,False,False,False
2026-07-02,1970.0,6939618,-1491,89,-37,-1439,0.04,34.99,25.92,42.48,2457.1,1797.9,False,False,False
2026-07-03,2075.0,15207642,437,-455,56,39,0.6,48.32,33.39,48.94,2408.82,1811.18,False,False,False
2026-07-06,1995.0,9220091,-1966,-247,74,-2139,0.09,52.02,39.6,44.81,2383.71,1805.79,False,False,False
2026-07-07,1890.0,9212478,-1265,112,22,-1131,-0.4,44.34,41.18,40.04,2368.93,1784.07,False,False,False
2026-07-08,1885.0,13043190,-1050,37,95,-919,0.03,38.74,40.37,39.82,2307.21,1792.79,False,False,False
2026-07-09,1880.0,8337141,-815,31,7,-777,0.11,30.35,37.03,39.59,2291.74,1776.26,False,False,False
2026-07-13,1890.0,9299583,261,7,38,307,0.1,25.88,33.31,40.34,2278.73,1762.27,False,False,False
2026-07-14,1855.0,10864234,-2403,392,146,-1865,-0.23,24.3,30.31,38.54,2253.74,1751.26,False,False,False
2026-07-15,1890.0,8792634,528,102,4,634,0.06,26.53,29.05,41.35,2222.39,1750.61,False,False,False
2026-07-16,1905.0,8661820,-553,514,39,0,0.04,29.42,29.17,42.57,2178.69,1761.81,False,True,False
2026-07-17,1740.0,14248513,-5362,235,171,-4956,-0.06,20.03,26.12,34.19,2163.06,1735.94,False,False,False
2026-07-20,1705.0,11567901,-840,202,478,-160,-0.06,17.06,23.1,32.71,2145.53,1708.97,False,False,False
2026-07-21,1835.0,11082972,-1381,1886,238,744,0.11,29.36,25.19,42.6,2106.3,1716.7,True,True,False
2026-07-22,1880.0,11813364,-9,763,-77,676,-0.05,42.33,30.9,45.58,2079.71,1723.29,False,False,False
2026-07-23,1880.0,6075442,-382,302,179,99,-0.02,50.97,37.59,45.58,2067.73,1723.27,False,False,False
2026-07-24,1785.0,7041974,-1415,88,-74,-1400,-0.07,48.01,41.06,40.44,2059.9,1711.6,False,False,False
2026-07-27,1755.0,9935415,898,-1084,-158,-345,0.02,42.54,41.55,38.94,2063.8,1702.2,False,False,False
2026-07-28,1580.0,16516645,-5959,-38,219,-5778,0.12,28.36,37.16,31.61,2092.14,1641.36,False,False,False
2026-07-29,1495.0,22356467,-347,171,478,302,-0.48,23.35,32.55,28.78,2120.15,1567.85,False,False,False
2026-07-30,1530.0,22598605,-1198,532,381,-285,0.38,22.23,29.11,31.5,2121.5,1520.5,False,False,False
2026-07-31,1640.0,31456334,-6105,1947,523,-3636,0.95,28.47,28.9,39.35,2106.79,1502.21,False,False,False
2026-08-03,1580.0,17410913,-3342,-215,-13,-3570,0.25,28.82,28.87,36.87,2069.59,1489.91,False,False,False
2026-08-04,1620.0,20958807,3589,-1555,-163,1870,0.13,31.72,29.82,39.6,2040.54,1481.46,False,True,False
2026-08-05,1650.0,16778461,118,-78,221,260,-0.49,37.27,32.31,41.65,2025.82,1472.18,False,False,False
2026-08-06,1680.0,10907572,73,482,39,595,-0.02,48.46,37.69,43.7,2009.48,1468.02,False,False,False
2026-08-07,1650.0,10432120,-1697,56,-158,-1800,0.01,57.73,44.37,42.1,1992.19,1462.31,False,False,False
