date,close,volume,外資,投信,自營商,三大法人合計(張),融資增減(張),K,D,RSI14,BB_upper,BB_lower,KD落入20以下,出現黃金交叉,趨勢向上非鈍化
2021-08-10,108.5,43432544,-23354.0,20.0,-1331.0,-24665.0,,,,,,,False,False,False
2021-08-11,109.0,49868351,-336.0,104.0,-248.0,-480.0,,,,,,,False,False,False
2021-08-12,109.0,18592236,-328.0,44.0,-154.0,-438.0,,,,,,,False,False,False
2021-08-13,109.0,46681998,-8357.0,734.0,-190.0,-7813.0,,,,,,,False,False,False
2021-08-16,107.5,35027999,-9734.0,-400.0,-1791.0,-11925.0,,,,,,,False,False,False
2021-08-17,106.5,26076961,-6380.0,589.0,-1045.0,-6836.0,,,,,,,False,False,False
2021-08-18,107.0,36974897,-4237.0,1041.0,-574.0,-3770.0,,,,,,,False,False,False
2021-08-19,103.0,52199317,-18316.0,483.0,-1779.0,-19612.0,,,,,,,False,False,False
2021-08-20,104.5,30552525,-983.0,377.0,274.0,-332.0,,25.0,25.0,,,,False,False,False
2021-08-23,107.5,24065630,8384.0,103.0,-96.0,8391.0,,39.58,29.86,,,,False,False,False
2021-08-24,109.0,18000797,7728.0,51.0,121.0,7900.0,,55.56,38.43,,,,False,False,False
2021-08-25,108.5,14477188,-1951.0,34.0,56.0,-1861.0,,64.12,46.99,,,,False,False,False
2021-08-26,107.5,13135805,-1527.0,64.0,-217.0,-1680.0,,68.94,54.31,,,,False,False,False
2021-08-27,108.0,13875837,904.0,2.0,839.0,1745.0,,74.53,61.05,,,,False,False,False
2021-08-30,109.0,14000606,2897.0,40.0,-285.0,2652.0,,83.02,68.37,63.73,,,False,False,False
2021-08-31,111.0,30641222,6442.0,-21.0,419.0,6840.0,,88.68,75.14,68.74,,,False,False,False
2021-09-01,111.0,22374844,925.0,-87.0,216.0,1054.0,,89.12,79.8,68.74,,,False,False,False
2021-09-02,111.5,29727679,-589.0,-303.0,638.0,-254.0,,86.08,81.89,69.95,,,False,False,False
2021-09-03,112.5,24501274,920.0,-41.0,802.0,1680.0,,88.16,83.98,72.25,,,False,False,False
2021-09-06,111.0,18445528,-2428.0,-399.0,-42.0,-2869.0,,81.85,83.27,64.29,113.13,103.92,False,False,False
2021-09-07,108.5,23359117,-4829.0,-185.0,-563.0,-5578.0,,64.82,77.12,53.68,113.13,103.92,False,False,False
2021-09-08,107.5,28705746,-6343.0,96.0,-1482.0,-7729.0,,48.34,67.53,50.12,113.07,103.83,False,False,False
2021-09-09,107.0,20446876,-4212.0,-38.0,-175.0,-4425.0,,36.99,57.35,48.39,113.01,103.69,False,False,False
2021-09-10,108.0,13324559,-2535.0,0.0,189.0,-2346.0,,34.18,49.63,51.96,112.95,103.65,False,False,False
2021-09-13,106.5,15455264,-6897.0,-35.0,-174.0,-7106.0,,25.17,41.47,46.73,112.96,103.54,False,False,False
2021-09-14,107.5,19260856,-2314.0,304.0,25.0,-1985.0,,23.92,35.62,50.32,112.95,103.65,False,False,False
2021-09-15,108.5,64013002,-12883.0,3901.0,-1031.0,-10013.0,,27.85,33.03,53.68,112.98,103.77,False,False,False
2021-09-16,107.5,23004506,-10428.0,642.0,-457.0,-10243.0,,25.71,30.59,50.04,112.49,104.71,False,False,False
2021-09-17,108.5,46682899,-3312.0,378.0,31.0,-2903.0,,35.66,32.28,53.44,112.18,105.42,False,True,False
2021-09-22,107.0,38855713,-3436.0,701.0,-1619.0,-4354.0,,31.18,31.91,48.14,112.2,105.35,False,False,False
2021-09-23,106.5,18991583,-3408.0,-122.0,1.0,-3529.0,,24.49,29.44,46.49,112.22,105.08,False,False,False
2021-09-24,107.5,15366616,213.0,-27.0,-77.0,109.0,,27.44,28.77,50.18,112.21,104.99,False,False,False
2021-09-27,107.5,13936074,-1678.0,31.0,250.0,-1397.0,,29.4,28.98,50.18,112.21,104.99,False,True,False
2021-09-28,106.5,22319338,-10712.0,100.0,-110.0,-10722.0,,23.31,27.09,46.46,112.25,104.8,False,False,False
2021-09-29,105.0,32798414,-10656.0,-205.0,-2134.0,-12995.0,,18.32,24.17,41.5,112.35,104.3,False,False,False
2021-09-30,105.0,24317553,-5189.0,1219.0,181.0,-3789.0,,18.27,22.2,41.5,112.11,103.94,True,False,False
2021-10-01,103.0,36074566,-17663.0,1032.0,-666.0,-17297.0,,12.18,18.86,35.62,112.04,103.21,True,False,False
2021-10-04,103.0,25434032,-6016.0,616.0,328.0,-5073.0,,10.9,16.21,35.62,111.68,102.72,True,False,False
2021-10-05,101.5,43345161,-23804.0,1317.0,469.0,-22018.0,,9.49,13.97,31.71,111.09,102.21,True,False,False
2021-10-06,103.0,40294629,-1101.0,556.0,-954.0,-1500.0,,15.21,14.38,38.93,110.47,102.03,True,True,False
2021-10-07,107.0,38383881,14655.0,83.0,1329.0,16067.0,,36.81,21.86,53.15,110.28,102.07,True,False,False
2021-10-08,108.0,27568061,9740.0,200.0,-346.0,9594.0,,57.87,33.86,55.91,110.35,102.05,False,False,False
2021-10-12,105.0,38777410,-8358.0,677.0,-56.0,-7737.0,,57.63,41.79,46.96,110.26,101.94,False,False,False
2021-10-13,105.5,18802301,583.0,450.0,294.0,1327.0,,59.85,47.81,48.44,110.05,101.9,False,False,False
2021-10-14,106.5,17764699,2943.0,527.0,263.0,3733.0,,66.09,53.9,51.37,110.05,101.9,False,False,False
2021-10-15,109.5,49336872,9324.0,16.0,2111.0,11451.0,,75.54,61.11,58.9,110.39,101.76,False,False,False
2021-10-18,107.5,42330142,2703.0,-579.0,-631.0,1492.0,,72.03,64.75,53.01,110.25,101.8,False,False,False
2021-10-19,107.0,26479700,-5005.0,-672.0,367.0,-5309.0,,64.68,64.73,51.62,110.19,101.81,False,False,False
2021-10-20,107.5,29508905,-1578.0,40.0,-521.0,-2059.0,,59.79,63.08,52.95,110.04,101.86,False,False,False
2021-10-21,108.0,30590262,4390.0,-96.0,640.0,4934.0,,57.81,61.32,54.3,110.17,101.83,False,False,False
2021-10-22,107.5,14751899,2068.0,301.0,-18.0,2352.0,,53.92,58.86,52.67,110.27,101.83,False,False,False
2021-10-25,108.0,21266978,1365.0,76.0,149.0,1590.0,,53.9,57.2,54.15,110.33,101.82,False,False,False
2021-10-26,109.0,18109494,2595.0,127.0,184.0,2906.0,,54.45,56.29,57.05,110.56,101.74,False,False,False
2021-10-27,108.0,15933998,-5573.0,58.0,-86.0,-5601.0,,47.41,53.33,53.41,110.71,101.74,False,False,False
2021-10-28,108.5,14245290,3638.0,0.0,-89.0,3549.0,,46.42,51.03,54.96,110.96,101.84,False,False,False
2021-10-29,107.0,20791860,-5064.0,-1177.0,-248.0,-6489.0,,36.5,46.19,49.64,111.02,101.98,False,False,False
2021-11-01,106.5,18216191,-4333.0,-85.0,79.0,-4339.0,,24.34,38.9,47.97,110.88,102.47,False,False,False
2021-11-02,107.5,21351175,5382.0,-708.0,200.0,4874.0,,27.34,35.05,51.48,110.75,103.05,False,False,False
2021-11-03,107.5,12336039,428.0,-219.0,49.0,258.0,,29.33,33.14,51.48,110.09,104.31,False,False,False
2021-11-04,108.0,11377672,-72.0,-63.0,-65.0,-200.0,,36.22,34.17,53.31,109.58,105.32,False,True,False
2021-11-05,109.0,17741997,-1179.0,-367.0,312.0,-1234.0,,51.93,40.09,56.81,109.77,105.33,False,False,True
2021-11-08,107.5,20910258,-2662.0,-289.0,-277.0,-3228.0,,47.95,42.71,50.67,109.74,105.31,False,False,False
2021-11-09,108.0,23994381,-2184.0,-580.0,108.0,-2655.0,,51.97,45.8,52.51,109.55,105.8,False,False,False
2021-11-10,109.0,22997778,6774.0,-281.0,779.0,7272.0,,62.42,51.34,56.05,109.51,106.19,False,False,False
2021-11-11,107.5,18767739,-6494.0,-265.0,300.0,-6459.0,,52.73,51.8,50.03,109.44,106.36,False,False,False
2021-11-12,109.0,26736055,7415.0,-302.0,465.0,7578.0,,61.82,55.14,55.21,109.32,106.43,False,False,True
2021-11-15,108.0,25873466,2454.0,-841.0,-505.0,1108.0,,52.32,54.2,51.39,109.34,106.46,False,False,True
2021-11-16,108.0,16174955,-877.0,-523.0,207.0,-1193.0,,45.99,51.46,51.39,109.32,106.58,False,False,True
2021-11-17,107.0,34385746,-14939.0,-1643.0,-385.0,-16967.0,,35.42,46.12,47.57,109.35,106.5,False,False,False
2021-11-18,107.0,30585311,-10009.0,-448.0,536.0,-9921.0,,28.38,40.2,47.57,109.36,106.39,False,False,False
2021-11-19,106.5,20981372,-7413.0,-508.0,134.0,-7787.0,,18.92,33.11,45.6,109.42,106.23,False,False,False
2021-11-22,106.5,17929580,-5987.0,-157.0,122.0,-6022.0,,12.61,26.28,45.6,109.45,106.05,True,False,False
2021-11-23,106.0,22502493,-9950.0,-226.0,76.0,-10100.0,,8.41,20.32,43.51,109.37,105.83,True,False,False
2021-11-24,105.5,30255836,-13669.0,-270.0,307.0,-13632.0,,11.67,17.44,41.47,109.46,105.49,True,False,False
2021-11-25,105.0,17940754,-3838.0,-664.0,-30.0,-4532.0,,10.81,15.23,39.48,109.51,105.09,True,False,False
2021-11-26,103.5,24721253,-12319.0,176.0,-262.0,-12405.0,,7.21,12.55,34.17,109.91,104.34,True,False,False
2021-11-29,103.5,28063125,-10248.0,89.0,19.0,-10140.0,,10.36,11.82,34.17,110.19,103.76,True,False,False
2021-11-30,103.5,50063743,-13251.0,116.0,-566.0,-13701.0,,12.97,12.2,34.17,110.34,103.21,True,True,False
2021-12-01,105.5,22533336,4720.0,-58.0,857.0,5519.0,,26.83,17.08,46.22,110.26,103.09,True,False,False
2021-12-02,105.0,27492234,-3775.0,-275.0,-645.0,-4695.0,,34.55,22.9,44.05,110.13,102.92,False,False,False
2021-12-03,105.0,18384929,-5969.0,-91.0,-106.0,-6166.0,,41.55,29.12,44.05,109.79,102.86,False,False,False
2021-12-06,106.5,22958298,3349.0,-50.0,72.0,3371.0,,57.33,38.52,51.9,109.7,102.85,False,False,False
2021-12-07,106.0,25348727,-10528.0,-78.0,-3.0,-10609.0,,61.55,46.2,49.41,109.5,102.85,False,False,False
2021-12-08,105.0,36805823,-13335.0,-283.0,179.0,-13439.0,,57.7,50.03,44.78,109.06,102.89,False,False,False
2021-12-09,106.0,15133685,4943.0,-31.0,-7.0,4905.0,,61.8,53.96,49.84,108.9,102.9,False,False,False
2021-12-10,105.0,20489274,-4158.0,-83.0,-127.0,-4368.0,,56.02,54.64,45.37,108.34,103.06,False,False,False
2021-12-13,104.5,17647182,-4942.0,-51.0,-67.0,-5060.0,,45.68,51.65,43.27,107.98,103.07,False,False,False
2021-12-14,104.5,22146940,-4502.0,3196.0,-313.0,-1619.0,,35.21,46.17,43.27,107.55,103.15,False,False,False
2021-12-15,105.0,23023808,-2331.0,156.0,-383.0,-2558.0,,35.98,42.77,46.15,107.31,103.19,False,False,False
2021-12-16,103.5,37191946,-18295.0,-132.0,27.0,-18400.0,,23.98,36.51,39.65,107.11,103.04,False,False,False
2021-12-17,103.5,39330766,-6115.0,-469.0,-49.0,-6633.0,,19.69,30.9,39.65,106.96,102.89,False,False,False
2021-12-20,103.0,18272107,-8456.0,-228.0,-429.0,-9113.0,,13.13,24.98,37.6,106.81,102.69,True,False,False
2021-12-21,104.5,13505921,3781.0,-105.0,7.0,3682.0,,25.42,25.13,46.53,106.66,102.69,True,True,False
2021-12-22,103.5,11876421,-5039.0,-173.0,-57.0,-5269.0,,22.5,24.25,42.19,106.58,102.57,False,False,False
2021-12-23,104.0,13909972,2302.0,-327.0,-3.0,1972.0,,26.11,24.87,44.95,106.54,102.51,False,True,False
2021-12-24,104.0,11661892,620.0,-495.0,78.0,203.0,,28.52,26.09,44.95,106.52,102.58,False,False,False
2021-12-27,104.5,8907924,2571.0,-543.0,-57.0,1971.0,,35.68,29.28,47.84,106.51,102.69,False,False,False
2021-12-28,105.5,15627624,1918.0,-128.0,120.0,1910.0,,51.56,36.71,53.14,106.58,102.82,False,False,False
2021-12-29,105.0,13450079,-3902.0,-435.0,262.0,-4074.0,,61.04,44.82,50.39,106.52,102.83,False,False,False
2021-12-30,104.0,17090958,-4356.0,-809.0,65.0,-5100.0,,54.03,47.89,45.32,106.49,102.76,False,False,False
2022-01-03,103.0,22163293,-6311.0,-300.0,218.0,-6393.0,,36.02,43.93,40.9,106.51,102.54,False,False,False
2022-01-04,103.5,18460781,-6821.0,-155.0,-87.0,-7063.0,,30.68,39.52,43.85,106.18,102.57,False,False,False
2022-01-05,109.0,142927366,7763.0,-226.0,5763.0,13300.0,,45.45,41.49,64.72,107.19,101.86,False,True,True
2022-01-06,107.0,49399140,-7588.0,212.0,-2374.0,-9750.0,,46.97,43.32,56.5,107.51,101.74,False,False,True
2022-01-07,106.5,39268835,1965.0,0.0,-1175.0,790.0,,45.9,44.18,54.63,107.59,101.71,False,False,False
2022-01-10,104.5,34836774,-14370.0,-13.0,-1.0,-14384.0,,36.85,41.73,47.82,107.56,101.69,False,False,False
2022-01-11,104.5,26266891,-6367.0,-16.0,-108.0,-6491.0,,30.81,38.09,47.82,107.56,101.69,False,False,False
2022-01-12,104.5,18941505,-3836.0,-53.0,-528.0,-4417.0,,26.79,34.33,47.82,107.56,101.69,False,False,False
2022-01-13,105.5,19714232,3965.0,164.0,154.0,4283.0,,28.28,32.31,51.59,107.61,101.69,False,False,False
2022-01-14,103.5,39061978,-24401.0,368.0,-845.0,-24877.0,,20.94,28.52,44.64,107.61,101.69,False,False,False
2022-01-17,103.5,16235777,-2370.0,-944.0,20.0,-3294.0,,16.04,24.36,44.64,107.61,101.69,False,False,False
2022-01-18,103.5,14894743,-543.0,225.0,39.0,-279.0,,13.72,20.81,44.64,107.58,101.77,True,False,False
2022-01-19,103.5,24064174,-1702.0,609.0,-822.0,-1915.0,,12.18,17.94,44.64,107.58,101.67,True,False,False
2022-01-20,103.0,29541931,-10538.0,-946.0,120.0,-11364.0,,8.12,14.66,42.7,107.6,101.6,True,False,False
2022-01-21,102.0,34317926,-13889.0,459.0,280.0,-13150.0,,5.41,11.58,39.06,107.71,101.29,True,False,False
2022-01-24,103.0,42011474,-1578.0,294.0,140.0,-1144.0,,13.13,12.1,44.19,107.73,101.17,True,True,False
2022-01-25,103.0,29251026,-8768.0,755.0,-1313.0,-9325.0,,18.28,14.16,44.19,107.71,101.04,True,False,False
2022-01-26,102.0,33435293,-14977.0,838.0,8.0,-14131.0,,12.19,13.5,40.26,107.65,100.75,True,False,False
2022-02-07,103.0,34222573,-3689.0,380.0,386.0,-2923.0,,21.46,16.15,45.48,107.57,100.63,True,True,False
2022-02-08,105.5,43806303,7397.0,3448.0,345.0,11191.0,,43.47,25.26,55.87,107.7,100.65,False,False,False
2022-02-09,106.5,23653775,3221.0,2221.0,517.0,5959.0,,62.31,37.61,59.21,107.98,100.72,False,False,False
2022-02-10,106.5,20202759,3720.0,0.0,2.0,3722.0,,71.54,48.92,59.21,108.23,100.77,False,False,False
2022-02-11,106.0,16707627,-723.0,1300.0,-536.0,41.0,,74.36,57.4,56.72,107.51,101.19,False,False,False
2022-02-14,104.0,22517058,-4818.0,633.0,-556.0,-4741.0,,62.91,59.24,48.01,107.11,101.29,False,False,False
2022-02-15,104.0,13542993,-2428.0,201.0,-162.0,-2390.0,,55.27,57.92,48.01,106.78,101.37,False,False,False
2022-02-16,105.5,13503882,3547.0,180.0,-31.0,3696.0,,60.18,58.67,54.14,106.89,101.36,False,True,False
2022-02-17,106.0,25548971,4310.0,92.0,153.0,4555.0,,66.05,61.13,56.0,107.09,101.31,False,False,False
2022-02-18,105.5,11375198,-974.0,124.0,151.0,-699.0,,64.86,62.37,53.65,107.2,101.3,False,False,False
2022-02-21,106.0,23535017,3972.0,70.0,232.0,4274.0,,67.05,63.93,55.65,107.27,101.28,False,False,False
2022-02-22,104.5,26135723,-11832.0,680.0,-612.0,-11764.0,,54.23,60.7,48.84,107.3,101.35,False,False,False
2022-02-23,105.0,14607481,-683.0,125.0,359.0,-199.0,,50.44,57.28,50.99,107.37,101.43,False,False,False
2022-02-24,102.5,47746141,-19746.0,861.0,-36.0,-18921.0,,33.62,49.39,41.58,107.41,101.29,False,False,False
2022-02-25,103.0,29911231,-7524.0,972.0,266.0,-6286.0,,26.12,41.64,43.81,107.42,101.23,False,False,False
2022-03-01,104.5,30997685,3631.0,323.0,996.0,4950.0,,32.23,38.5,49.99,107.44,101.36,False,False,False
2022-03-02,104.5,13856628,329.0,32.0,420.0,781.0,,36.3,37.77,49.99,107.34,101.71,False,False,False
2022-03-03,104.5,13875811,-3185.0,-124.0,-42.0,-3351.0,,39.01,38.18,49.99,107.33,101.87,False,True,False
2022-03-04,105.0,18504180,890.0,667.0,-262.0,1295.0,,44.53,40.3,52.18,107.32,102.08,False,False,True
2022-03-07,102.5,45910892,-18669.0,2315.0,-644.0,-16998.0,,29.69,36.76,42.22,107.25,102.2,False,False,False
2022-03-08,101.5,61133394,-23578.0,1730.0,706.0,-21143.0,,28.88,34.13,39.02,107.46,101.84,False,False,False
2022-03-09,101.5,29548450,-10615.0,520.0,123.0,-9972.0,,28.35,32.2,39.02,107.56,101.34,False,False,False
2022-03-10,103.0,29400154,2722.0,93.0,371.0,3186.0,,37.08,33.83,46.14,107.29,101.26,False,True,False
2022-03-11,103.5,24223838,2891.0,329.0,132.0,3352.0,,45.93,37.86,48.3,106.97,101.28,False,False,False
2022-03-14,102.5,26933784,-7217.0,477.0,153.0,-6587.0,,45.77,40.5,44.45,106.74,101.16,False,False,False
2022-03-15,101.0,31444438,-11718.0,1219.0,304.0,-10195.0,,36.58,39.19,39.38,106.88,100.72,False,False,False
2022-03-16,101.5,36150101,-6379.0,830.0,-132.0,-5681.0,,34.38,37.59,41.77,106.92,100.43,False,False,False
2022-03-17,104.0,43672218,17282.0,8.0,-400.0,16890.0,,52.55,42.58,51.94,106.74,100.46,False,True,False
2022-03-18,106.0,82471801,13081.0,-2246.0,-98.0,10738.0,,68.37,51.17,58.23,106.74,100.46,False,False,True
2022-03-21,104.5,21258452,-381.0,49.0,123.0,-209.0,,68.66,57.0,52.67,106.59,100.51,False,False,False
2022-03-22,104.0,21111299,-4861.0,399.0,117.0,-4345.0,,66.28,60.1,50.92,106.28,100.62,False,False,False
2022-03-23,105.5,20090168,4024.0,-2.0,450.0,4472.0,,72.39,64.19,55.67,106.44,100.56,False,False,True
2022-03-24,106.5,50697996,-2390.0,0.0,1448.0,-942.0,,75.35,67.91,58.55,106.74,100.41,False,False,True
2022-03-25,106.0,21198835,1828.0,118.0,-472.0,1474.0,,75.23,70.35,56.57,107.05,100.45,False,False,True
2022-03-28,106.0,19925357,-821.0,141.0,13.0,-667.0,,75.15,71.95,56.57,107.33,100.47,False,False,True
2022-03-29,105.5,17591342,-3724.0,169.0,16.0,-3540.0,,66.77,70.22,54.44,107.44,100.46,False,False,True
2022-03-30,105.5,21868440,1729.0,85.0,644.0,2458.0,,59.33,66.59,54.44,107.55,100.45,False,False,True
2022-03-31,106.0,21500251,2633.0,253.0,60.0,2946.0,,58.07,63.75,56.35,107.74,100.41,False,False,True
2022-04-01,104.5,23640400,-10956.0,417.0,-36.0,-10575.0,,46.12,57.87,49.63,107.69,100.41,False,False,False
2022-04-06,105.0,31406042,-7263.0,620.0,-171.0,-6814.0,,39.08,51.61,51.69,107.76,100.59,False,False,False
2022-04-07,103.0,37755211,-13309.0,990.0,-482.0,-12801.0,,26.05,43.09,43.92,107.66,100.84,False,False,False
2022-04-08,103.0,25228715,-10702.0,1113.0,-91.0,-9680.0,,21.07,35.75,43.92,107.54,101.11,False,False,False
2022-04-11,102.0,29147204,-12561.0,1599.0,-725.0,-11686.0,,17.38,29.63,40.4,107.61,100.94,False,False,False
2022-04-12,102.0,17944652,-865.0,-13.0,-57.0,-935.0,,14.92,24.73,40.4,107.67,100.73,True,False,False
2022-04-13,104.0,15917450,3107.0,513.0,541.0,4161.0,,26.61,25.36,49.75,107.65,100.9,True,True,False
2022-04-14,104.0,8950642,1311.0,83.0,89.0,1483.0,,34.41,28.37,49.75,107.44,101.41,False,False,False
2022-04-15,103.0,11788063,-3607.0,378.0,-61.0,-3290.0,,35.44,30.73,45.6,107.27,101.73,False,False,False
2022-04-18,102.5,11467286,-2395.0,472.0,205.0,-1718.0,,33.15,31.54,43.64,107.33,101.52,False,False,False
2022-04-19,102.0,17733292,-7942.0,-88.0,161.0,-7869.0,,26.86,29.98,41.71,107.22,101.23,False,False,False
2022-04-20,103.0,19662727,-4013.0,2242.0,71.0,-1701.0,,34.57,31.51,46.78,107.2,101.1,False,True,False
2022-04-21,103.0,18417433,1629.0,-16.0,-323.0,1290.0,,39.72,34.25,46.78,107.19,101.01,False,False,False
2022-04-22,103.5,16673991,3167.0,446.0,-228.0,3385.0,,48.7,39.06,49.34,107.03,100.97,False,False,False
2022-04-25,100.5,41906690,-25982.0,876.0,-438.0,-25544.0,,32.47,36.86,37.66,106.87,100.53,False,False,False
2022-04-26,101.0,21726110,-156.0,398.0,-452.0,-210.0,,25.81,33.18,40.2,106.64,100.26,False,False,False
2022-04-27,100.0,30138259,-3530.0,1141.0,-740.0,-3129.0,,19.53,28.63,36.95,106.46,99.84,False,False,False
2022-04-28,101.5,29238494,795.0,249.0,277.0,1321.0,,26.98,28.08,44.22,106.14,99.76,True,False,False
2022-04-29,102.0,16075115,2170.0,129.0,-5.0,2293.0,,35.81,30.66,46.44,105.76,99.79,False,True,False
2022-05-03,102.5,17632994,3771.0,266.0,-223.0,3814.0,,45.58,35.63,48.64,105.17,100.03,False,False,False
2022-05-04,104.0,31111663,6587.0,139.0,-13.0,6713.0,,60.25,43.84,54.66,105.07,100.08,False,False,True
2022-05-05,104.5,44182291,8485.0,279.0,-114.0,8650.0,,67.75,51.81,56.48,104.95,100.15,False,False,True
2022-05-06,104.0,27888783,862.0,167.0,-131.0,897.0,,69.88,57.83,54.13,105.08,100.12,False,False,True
2022-05-09,104.0,26841790,967.0,13.0,-753.0,227.0,,71.3,62.32,54.13,105.21,100.09,False,False,False
2022-05-10,104.0,17928513,1340.0,41.0,285.0,1666.0,,72.25,65.63,54.13,105.36,100.14,False,False,False
2022-05-11,103.0,19699065,-4220.0,55.0,118.0,-4047.0,,66.35,65.87,49.03,105.38,100.22,False,False,False
2022-05-12,102.0,22335157,-1792.0,240.0,149.0,-1403.0,,48.4,60.04,44.52,105.24,100.16,False,False,False
2022-05-13,104.0,19748688,2920.0,487.0,860.0,4267.0,,53.1,57.73,53.7,105.24,100.16,False,False,False
2022-05-16,104.5,25235126,317.0,57.0,255.0,628.0,,59.21,58.22,55.68,105.44,100.11,False,True,True
2022-05-17,105.0,28505126,4384.0,256.0,415.0,5054.0,,68.04,61.5,57.62,105.74,100.06,False,False,False
2022-05-18,107.0,56423484,20293.0,182.0,191.0,20666.0,,78.7,67.23,64.37,106.49,99.81,False,False,True
2022-05-19,107.5,38150307,9676.0,140.0,-82.0,9734.0,,85.8,73.42,65.83,107.24,99.51,False,False,True
2022-05-20,107.0,46344487,11941.0,488.0,592.0,13021.0,,81.01,75.95,63.04,107.76,99.39,False,False,True
2022-05-23,108.0,34504056,4618.0,6211.0,334.0,11163.0,,82.58,78.16,66.13,108.43,99.17,False,False,True
2022-05-24,108.0,37409126,-3759.0,9360.0,1191.0,6792.0,,83.62,79.98,66.13,108.89,99.46,False,False,True
2022-05-25,109.5,77602667,8768.0,8041.0,3699.0,20508.0,,86.7,82.22,70.43,109.63,99.57,False,False,True
2022-05-26,109.0,40239038,-401.0,8295.0,1000.0,8894.0,,83.99,82.81,67.36,109.96,100.14,False,False,True
2022-05-27,110.0,52655635,12161.0,1176.0,1957.0,15294.0,,84.57,83.4,70.16,110.56,100.39,False,False,True
2022-05-30,110.5,44021707,7742.0,494.0,2254.0,10490.0,,86.93,84.57,71.48,111.18,100.62,False,False,True
2022-05-31,113.0,98246343,30665.0,235.0,69.0,30969.0,,91.29,86.81,76.96,112.33,100.52,False,False,True
2022-06-01,114.5,74240455,8853.0,3168.0,1305.0,13326.0,,88.64,87.42,79.51,113.75,100.15,False,False,True
2022-06-02,114.0,40493740,-52.0,2333.0,135.0,2416.0,,85.02,86.62,76.48,114.8,100.05,False,False,True
2022-06-06,115.5,36024843,6009.0,592.0,363.0,6964.0,,87.93,87.06,79.06,116.02,99.98,False,True,True
2022-06-07,113.5,37928495,-6428.0,314.0,238.0,-5876.0,,81.54,85.22,68.3,116.62,100.33,False,False,True
2022-06-08,114.0,18702532,4815.0,108.0,380.0,5303.0,,78.8,83.08,69.42,117.19,100.76,False,False,True
2022-06-09,115.5,29946032,2931.0,322.0,178.0,3431.0,,83.49,83.21,72.55,117.81,101.39,False,True,True
2022-06-10,114.0,24455998,-8194.0,1258.0,1081.0,-5855.0,,79.47,81.96,65.34,117.8,102.6,False,False,True
2022-06-13,111.5,45720589,-4417.0,188.0,566.0,-3663.0,,61.31,75.08,55.45,117.6,103.55,False,False,True
2022-06-14,111.5,32230251,-3022.0,119.0,1880.0,-1023.0,,49.21,66.46,55.45,117.35,104.5,False,False,True
2022-06-15,112.0,25173947,-3024.0,226.0,705.0,-2093.0,,43.92,58.94,56.96,117.07,105.48,False,False,True
2022-06-16,111.5,31674634,3653.0,1140.0,53.0,4846.0,,37.61,51.83,54.95,116.94,106.06,False,False,True
2022-06-17,109.5,51770484,-5224.0,1803.0,1140.0,-2281.0,,25.07,42.91,47.71,116.8,106.4,False,False,True
2022-06-20,109.0,33567864,1257.0,4202.0,151.0,5610.0,,19.1,34.97,46.07,116.59,106.81,False,False,True
2022-06-21,112.0,38779129,-87.0,1081.0,2460.0,3453.0,,29.4,33.12,55.85,116.47,107.33,True,False,True
2022-06-22,109.5,31484183,-10883.0,3858.0,130.0,-6895.0,,24.73,30.32,48.03,116.32,107.63,False,False,True
2022-06-23,108.0,46046917,-10618.0,958.0,2470.0,-7190.0,,19.26,26.63,44.05,116.47,107.33,False,False,True
2022-06-24,110.0,29649132,3258.0,394.0,4404.0,8057.0,,26.73,26.67,50.0,116.41,107.49,True,True,True
2022-06-27,111.0,26037844,-941.0,1021.0,1420.0,1500.0,,37.26,30.2,52.71,116.39,107.61,False,False,True
2022-06-28,112.0,28867008,1003.0,3150.0,537.0,4690.0,,49.84,36.75,55.32,116.41,107.74,False,False,True
2022-06-29,111.0,35640396,-3388.0,454.0,1096.0,-1837.0,,56.56,43.35,52.22,116.31,107.64,False,False,True
2022-06-30,109.0,45967258,-10547.0,2970.0,2783.0,-4794.0,,47.71,44.8,46.59,116.06,107.34,False,False,True
2022-07-01,106.0,63133602,-17596.0,2809.0,7555.0,-7232.0,,34.19,41.26,39.69,116.2,106.4,False,False,False
2022-07-04,100.0,70995980,-10383.0,54.0,-667.0,-10997.0,,24.07,35.53,30.08,117.21,103.84,False,False,False
2022-07-05,102.5,45713186,985.0,3758.0,802.0,5546.0,,23.74,31.6,36.93,117.4,102.55,False,False,False
2022-07-06,100.5,45875699,-4357.0,2216.0,-648.0,-2789.0,,18.39,27.2,34.06,117.59,101.01,False,False,False
2022-07-07,103.5,41084778,6421.0,1788.0,14.0,8222.0,,22.52,25.64,41.42,116.83,100.57,True,False,False
2022-07-08,102.0,35186757,-6810.0,-5708.0,-74.0,-12592.0,,21.42,24.23,39.07,116.36,99.84,False,False,False
2022-07-11,101.0,18971045,-2894.0,-154.0,-399.0,-3447.0,,18.13,22.2,37.54,116.25,98.9,False,False,False
2022-07-12,100.5,26222208,-4659.0,626.0,-1064.0,-5097.0,,14.98,19.79,36.77,116.04,98.01,True,False,False
2022-07-13,102.5,32354911,-1565.0,1684.0,1199.0,1318.0,,20.52,20.03,41.93,115.46,97.64,True,True,False
2022-07-14,105.0,46239887,9476.0,1068.0,420.0,10964.0,,41.88,27.32,47.68,114.84,97.61,False,False,False
2022-07-15,105.0,25505254,-2847.0,3989.0,-370.0,772.0,,55.96,36.87,47.68,114.49,97.51,False,False,False
2022-07-18,105.0,17083253,-2085.0,-375.0,229.0,-2230.0,,65.35,46.36,47.68,114.18,97.42,False,False,False
2022-07-19,104.0,20535363,-1925.0,-1474.0,-233.0,-3632.0,,66.32,53.01,45.43,113.28,97.52,False,False,False
2022-07-20,103.5,35585856,-2958.0,-107.0,-2198.0,-5263.0,,64.32,56.78,44.31,112.78,97.42,False,False,False
2022-07-21,105.5,24149090,3526.0,608.0,276.0,4410.0,,73.57,62.38,49.67,112.54,97.41,False,False,False
2022-07-22,106.0,29400418,7014.0,419.0,-154.0,7279.0,,79.93,68.23,50.95,111.98,97.57,False,False,False
2022-07-25,107.5,41471982,15837.0,1013.0,-757.0,16093.0,,83.59,73.35,54.65,111.32,97.88,False,False,True
2022-07-26,108.0,23277125,7064.0,723.0,-1483.0,6304.0,,86.28,77.66,55.85,110.4,98.4,False,False,True
2022-07-27,108.0,30876807,5249.0,-945.0,-118.0,4186.0,,83.16,79.49,55.85,109.67,98.83,False,False,True
2022-07-28,108.5,21932255,23.0,1002.0,-179.0,846.0,,83.65,80.88,57.16,109.56,98.89,False,False,True
2022-07-29,109.0,21951559,3951.0,706.0,2.0,4659.0,,86.53,82.76,58.49,110.08,98.67,False,False,True
2022-08-01,109.0,14996382,-355.0,855.0,291.0,791.0,,88.46,84.66,58.49,110.49,99.16,False,False,True
2022-08-02,108.0,40743180,-8743.0,1174.0,1255.0,-6314.0,,83.97,84.43,54.56,110.83,99.37,False,False,True
2022-08-03,108.5,31052217,-4184.0,345.0,-537.0,-4376.0,,81.91,83.59,56.15,110.99,100.01,False,False,True
2022-08-04,108.0,40577638,-7421.0,-225.0,-246.0,-7892.0,,75.44,80.87,54.12,111.24,100.21,False,False,False
2022-08-05,108.0,25350396,-2489.0,-23.0,-35.0,-2547.0,,66.96,76.23,54.12,111.33,100.72,False,False,False
2022-08-08,108.0,23526674,1740.0,-1991.0,433.0,182.0,,61.31,71.26,54.12,111.19,101.56,False,False,False
2022-08-09,109.0,25851764,427.0,-850.0,72.0,-351.0,,68.65,70.39,57.92,110.87,102.73,False,False,True
2022-08-10,110.0,56629249,4602.0,387.0,494.0,5483.0,,71.69,70.82,61.37,110.95,103.4,False,True,True
2022-08-11,113.0,62481183,23036.0,1150.0,-784.0,23402.0,,81.13,74.26,69.45,112.01,103.14,False,False,True
2022-08-12,112.5,48654945,6798.0,2201.0,-58.0,8941.0,,80.75,76.42,66.94,112.73,103.17,False,False,True
2022-08-15,112.0,29468828,-4720.0,28.0,646.0,-4046.0,,78.28,77.04,64.43,113.19,103.41,False,False,True
2022-08-16,111.0,28989314,-1121.0,-577.0,-219.0,-1917.0,,72.19,75.42,59.61,113.24,104.06,False,False,True
2022-08-17,112.5,33849726,7806.0,557.0,-1586.0,6777.0,,74.79,75.21,63.96,113.31,104.89,False,False,True
2022-08-18,112.0,26002863,62.0,83.0,-104.0,41.0,,74.3,74.91,61.58,113.47,105.38,False,False,True
2022-08-19,111.0,17707131,-1887.0,-120.0,387.0,-1620.0,,68.58,72.8,57.01,113.43,105.92,False,False,True
2022-08-22,111.0,16613929,-110.0,-81.0,76.0,-115.0,,62.39,69.33,57.01,113.51,106.19,False,False,True
2022-08-23,110.0,18158910,-1115.0,-2137.0,240.0,-3012.0,,45.3,61.32,52.48,113.5,106.4,False,False,False
2022-08-24,109.5,24754117,-5399.0,-2529.0,307.0,-7621.0,,33.53,52.06,50.33,113.47,106.58,False,False,False
2022-08-25,109.5,14187366,-912.0,-2551.0,733.0,-2730.0,,26.52,43.54,50.33,113.45,106.7,False,False,False
2022-08-26,110.5,17147941,2212.0,-3502.0,33.0,-1257.0,,31.97,39.69,54.64,113.49,106.81,False,False,False
2022-08-29,108.0,27166245,-7904.0,-1639.0,-998.0,-10541.0,,21.31,33.56,44.3,113.54,106.66,False,False,False
2022-08-30,108.5,21904735,-559.0,-1557.0,-343.0,-2459.0,,17.91,28.34,46.48,113.51,106.74,False,False,False
2022-08-31,109.0,29733770,1624.0,-151.0,79.0,1552.0,,23.05,26.58,48.65,113.49,106.81,True,False,False
2022-09-01,107.5,37780861,-14897.0,-312.0,-2044.0,-17253.0,,19.53,24.23,43.02,113.54,106.71,False,False,False
2022-09-02,107.5,17178614,-603.0,105.0,-118.0,-616.0,,17.19,21.88,43.02,113.59,106.61,True,False,False
2022-09-05,108.0,23510808,1341.0,-1786.0,-83.0,-528.0,,19.79,21.19,45.46,113.59,106.61,True,False,False
2022-09-06,108.5,16470152,-232.0,-2201.0,80.0,-2353.0,,27.48,23.29,47.86,113.6,106.55,True,True,False
2022-09-07,106.0,32007211,-6124.0,107.0,-978.0,-6995.0,,18.32,21.63,38.68,113.85,105.9,False,False,False
2022-09-08,107.0,15510168,139.0,436.0,41.0,615.0,,21.74,21.67,43.36,113.46,105.69,True,True,False
2022-09-12,108.5,18494607,4231.0,-2991.0,-621.0,619.0,,38.3,27.21,49.58,113.03,105.72,False,False,False
2022-09-13,110.0,32868739,8570.0,-55.0,167.0,8682.0,,55.16,36.53,54.91,112.73,105.82,False,False,True
2022-09-14,107.5,26601015,-8386.0,-1353.0,-375.0,-10113.0,,47.89,40.31,46.15,112.54,105.66,False,False,False
2022-09-15,108.0,17777392,-309.0,-181.0,-366.0,-855.0,,46.74,42.46,47.94,111.95,105.8,False,False,False
2022-09-16,107.5,37358400,-2800.0,-2188.0,-600.0,-5588.0,,42.27,42.39,46.28,111.4,105.9,False,False,False
2022-09-19,107.0,17257682,-293.0,395.0,6.0,108.0,,35.59,40.13,44.63,111.06,105.84,False,False,False
2022-09-20,108.5,26209523,3461.0,-794.0,421.0,3088.0,,42.24,40.83,50.37,110.65,106.0,False,True,False
2022-09-21,107.0,25899668,-6307.0,193.0,-538.0,-6653.0,,35.57,39.08,45.31,110.43,105.92,False,False,False
2022-09-22,107.0,24170156,-1942.0,99.0,-178.0,-2021.0,,31.12,36.43,45.31,110.27,105.83,False,False,False
2022-09-23,106.5,16305687,-4086.0,263.0,-74.0,-3897.0,,24.45,32.43,43.61,110.11,105.69,False,False,False
2022-09-26,104.0,41225652,-8258.0,898.0,875.0,-6485.0,,19.63,28.17,36.3,110.07,105.08,False,False,False
2022-09-27,103.5,21421110,-4401.0,546.0,97.0,-3758.0,,16.12,24.15,35.04,110.43,104.27,True,False,False
2022-09-28,100.5,49671045,-15072.0,271.0,88.0,-14712.0,,10.75,19.68,28.59,111.24,102.66,True,False,False
2022-09-29,101.5,40492428,-5012.0,256.0,-233.0,-4989.0,,11.33,16.9,33.02,111.39,101.76,True,False,False
2022-09-30,102.0,28211012,-2291.0,252.0,231.0,-1808.0,,15.4,16.4,35.18,111.51,101.09,True,False,False
2022-10-03,101.0,21183821,-3619.0,39.0,166.0,-3414.0,,14.19,15.66,32.89,111.65,100.3,True,False,False
2022-10-04,102.5,17338770,-3160.0,396.0,544.0,-2220.0,,20.57,17.3,39.26,111.5,99.9,True,True,False
2022-10-05,107.0,52597518,8073.0,643.0,607.0,9323.0,,44.82,26.47,53.52,111.31,99.94,False,False,False
2022-10-06,107.5,28164289,976.0,197.0,370.0,1543.0,,59.29,37.41,54.79,111.44,99.96,False,False,False
2022-10-07,107.5,22004516,820.0,304.0,171.0,1295.0,,68.94,47.92,54.79,111.5,99.95,False,False,False
2022-10-11,104.0,37777028,-8967.0,1029.0,-135.0,-8073.0,,61.65,52.5,44.85,111.17,99.83,False,False,False
2022-10-12,103.0,39428854,-9184.0,195.0,74.0,-8915.0,,52.86,52.62,42.47,110.5,99.8,False,False,False
2022-10-13,103.5,32316574,-1243.0,176.0,-78.0,-1146.0,,48.97,51.4,44.07,110.23,99.67,False,False,False
2022-10-14,105.0,25127634,-4993.0,515.0,1313.0,-3165.0,,51.39,51.4,48.66,109.88,99.72,False,False,False
2022-10-17,105.0,28401379,-6396.0,1465.0,664.0,-4267.0,,49.65,50.82,48.66,109.6,99.75,False,False,False
2022-10-18,103.5,39455842,-13943.0,1367.0,1580.0,-10995.0,,38.65,46.76,44.43,109.32,99.68,False,False,False
2022-10-19,103.0,54152038,-11266.0,4614.0,-354.0,-7006.0,,28.55,40.69,43.08,108.7,99.75,False,False,False
2022-10-20,102.5,58306844,-14452.0,4568.0,657.0,-9227.0,,26.17,35.85,41.72,108.34,99.66,False,False,False
2022-10-21,103.5,24536653,2844.0,82.0,-149.0,2777.0,,34.12,35.27,45.43,107.93,99.72,False,False,False
2022-10-24,103.0,29141002,-5830.0,944.0,2006.0,-2880.0,,36.08,35.54,43.93,107.57,99.73,False,True,False
2022-10-25,103.5,38858324,-406.0,787.0,1721.0,2103.0,,40.72,37.27,45.86,107.54,99.71,False,False,False
2022-10-26,104.0,28329890,4270.0,480.0,1618.0,6368.0,,47.15,40.56,47.8,107.57,99.73,False,False,False
2022-10-27,104.0,31344230,1787.0,2197.0,309.0,4293.0,,51.43,44.18,47.8,107.46,100.19,False,False,False
2022-10-28,104.0,22278147,140.0,882.0,-45.0,977.0,,54.29,47.55,47.8,107.41,100.49,False,False,False
2022-10-31,102.5,53476790,-9614.0,140.0,538.0,-8936.0,,48.69,47.93,42.15,107.39,100.56,False,False,False
2022-11-01,101.5,52125801,-12088.0,-3871.0,575.0,-15384.0,,39.87,45.24,38.85,107.32,100.68,False,False,False
2022-11-02,102.0,35124774,174.0,-190.0,-567.0,-584.0,,37.69,42.73,41.32,107.35,100.6,False,False,False
2022-11-03,101.0,42249526,-9339.0,-1240.0,-225.0,-10804.0,,28.83,38.09,38.01,106.99,100.36,False,False,False
2022-11-04,100.5,49148814,-21959.0,-1772.0,-332.0,-24064.0,,25.28,33.82,36.44,106.41,100.24,False,False,False
2022-11-07,100.0,40826295,-14057.0,-1140.0,155.0,-15042.0,,19.88,29.18,34.88,105.7,100.2,False,False,False
2022-11-08,100.0,30439852,-11130.0,-1019.0,-124.0,-12273.0,,16.29,24.88,34.88,105.75,99.75,True,False,False
2022-11-09,102.5,42446062,3003.0,230.0,-156.0,3077.0,,30.86,26.87,47.79,105.72,99.73,True,True,False
2022-11-10,100.5,39874839,-20094.0,-982.0,-319.0,-21395.0,,30.1,27.95,40.82,105.71,99.44,False,False,False
2022-11-11,100.0,90276048,-41949.0,-4213.0,-1462.0,-47624.0,,25.62,27.17,39.28,105.44,99.21,False,False,False
2022-11-14,101.5,67217227,-3307.0,-523.0,-779.0,-4609.0,,39.3,31.21,45.89,105.02,99.28,False,True,False
2022-11-15,101.5,47027211,8014.0,-4656.0,-2522.0,836.0,,48.42,36.95,45.89,104.86,99.24,False,False,False
2022-11-16,101.5,46862982,-672.0,-798.0,-3081.0,-4551.0,,54.5,42.8,45.89,104.76,99.19,False,False,False
2022-11-17,101.5,26583078,-6079.0,-1032.0,-84.0,-7196.0,,58.56,48.05,45.89,104.7,99.15,False,False,False
2022-11-18,100.5,45343250,-10559.0,-3892.0,-324.0,-14775.0,,50.15,48.75,41.81,104.52,99.03,False,False,False
2022-11-21,100.0,30472000,-8674.0,-283.0,45.0,-8912.0,,38.99,45.5,39.9,104.41,98.84,False,False,False
2022-11-22,100.5,28582534,-8771.0,55.0,46.0,-8670.0,,37.1,42.7,42.71,104.16,98.79,False,False,False
2022-11-23,100.5,32079101,-9218.0,686.0,201.0,-8331.0,,35.85,40.42,42.71,103.74,98.86,False,False,False
2022-11-24,101.0,42611350,-610.0,-9541.0,95.0,-10056.0,,40.56,40.47,45.67,103.23,99.07,False,True,False
2022-11-25,100.5,35032161,-10471.0,-424.0,55.0,-10840.0,,33.71,38.21,43.27,102.58,99.37,False,False,False
2022-11-28,100.0,47154746,-16832.0,-192.0,-1549.0,-18573.0,,27.07,34.5,40.95,102.34,99.36,False,False,False
2022-11-29,100.0,34334057,-3858.0,-1958.0,229.0,-5587.0,,22.64,30.55,40.95,102.28,99.27,False,False,False
2022-11-30,100.5,89148734,-6182.0,-1955.0,-1381.0,-9519.0,,25.44,28.85,44.4,102.09,99.31,False,False,False
2022-12-01,103.0,68347930,14250.0,-92.0,-557.0,13601.0,,50.29,36.0,57.73,102.53,99.07,False,True,False
2022-12-02,105.5,77966393,16712.0,-44.0,-999.0,15669.0,,64.26,45.42,66.4,103.76,98.34,False,False,False
2022-12-05,105.5,46083936,-4219.0,-491.0,-75.0,-4785.0,,69.42,53.42,66.4,104.64,98.01,False,False,False
2022-12-06,103.0,55270666,-17953.0,-170.0,-166.0,-18289.0,,61.59,56.14,53.64,104.81,98.14,False,False,False
2022-12-07,102.0,44811782,-5157.0,-1360.0,58.0,-6459.0,,51.87,54.72,49.54,104.76,98.14,False,False,False
2022-12-08,101.5,31027361,-10219.0,-332.0,-216.0,-10767.0,,43.14,50.86,47.58,104.78,98.22,False,False,False
2022-12-09,102.0,33294761,-3100.0,0.0,-14.0,-3114.0,,39.26,46.99,49.72,104.81,98.39,False,False,False
2022-12-12,102.0,19498779,-3691.0,-42.0,43.0,-3689.0,,35.7,43.23,49.72,104.83,98.42,False,False,False
2022-12-13,101.0,34807666,-18814.0,-112.0,-132.0,-19058.0,,23.8,36.75,45.42,104.82,98.38,False,False,False
2022-12-14,102.5,24772267,3937.0,201.0,579.0,4716.0,,24.2,32.57,52.11,104.9,98.4,False,False,False
2022-12-15,101.5,27539463,-6307.0,-12.0,-263.0,-6582.0,,18.91,28.02,47.89,104.9,98.4,False,False,False
2022-12-16,100.5,72581761,-30661.0,6746.0,-466.0,-24381.0,,16.31,24.11,44.05,104.9,98.4,True,False,False
2022-12-19,101.5,29579834,-7933.0,6598.0,-366.0,-1701.0,,23.37,23.87,48.5,104.88,98.57,True,False,False
2022-12-20,100.0,45367320,-22383.0,5486.0,-165.0,-17062.0,,15.58,21.11,42.98,104.9,98.5,False,False,False
2022-12-21,100.0,28064923,-12424.0,6730.0,-1593.0,-7287.0,,10.39,17.53,42.98,104.92,98.43,True,False,False
2022-12-22,101.0,21298650,-4859.0,6926.0,-177.0,1890.0,,20.26,18.44,47.59,104.92,98.43,True,True,False
2022-12-23,101.0,15490469,403.0,134.0,-494.0,43.0,,26.84,21.24,47.59,104.92,98.48,False,False,False
2022-12-26,101.0,8798497,-484.0,807.0,-107.0,216.0,,31.23,24.57,47.59,104.89,98.61,False,False,False
2022-12-27,100.5,8915931,281.0,-568.0,-102.0,-389.0,,27.48,25.54,45.3,104.86,98.69,False,False,False
2022-12-28,100.5,23260583,-7267.0,951.0,-447.0,-6763.0,,26.66,25.91,45.3,104.86,98.69,False,False,False
2022-12-29,99.7,38383359,-19473.0,190.0,87.0,-19196.0,,20.44,24.09,41.59,104.77,98.45,False,False,False
2022-12-30,99.9,18189761,-183.0,-772.0,-112.0,-1067.0,,20.29,22.82,42.85,103.99,98.67,False,False,False
2023-01-03,99.1,47341828,-9117.0,-70.0,-453.0,-9640.0,,24.0,23.22,39.21,103.02,99.0,False,True,False
2023-01-04,98.1,42812802,-17716.0,245.0,494.0,-16978.0,,16.95,21.13,35.18,102.94,98.59,False,False,False
2023-01-05,98.0,37046103,-10020.0,15.0,130.0,-9875.0,,11.3,17.85,34.8,102.99,98.14,True,False,False
2023-01-06,98.4,20649438,-7527.0,99.0,620.0,-6808.0,,11.35,15.68,37.73,102.97,97.85,True,False,False
2023-01-09,99.1,34166209,-4803.0,-450.0,147.0,-5106.0,,18.04,16.47,42.6,102.78,97.75,True,True,False
2023-01-10,99.4,21706054,-1686.0,429.0,213.0,-1045.0,,30.69,21.21,44.6,102.54,97.73,True,False,False
2023-01-11,99.1,22096447,-2529.0,-116.0,355.0,-2290.0,,35.13,25.85,42.99,102.45,97.63,False,False,False
2023-01-12,98.6,22014869,-4417.0,2.0,12.0,-4403.0,,31.42,27.71,40.37,102.04,97.65,False,False,False
2023-01-13,98.6,18652790,-896.0,19.0,-3.0,-880.0,,31.47,28.96,40.37,101.81,97.59,False,False,False
2023-01-16,98.1,32736172,-15238.0,-626.0,54.0,-15810.0,,22.83,26.92,37.7,101.77,97.39,False,False,False
2023-01-17,98.1,28810658,-5702.0,-3530.0,-249.0,-9481.0,,17.07,23.64,37.7,101.5,97.32,False,False,False
2023-01-30,98.1,88808349,-38423.0,-220.0,379.0,-38264.0,,13.23,20.17,37.7,101.46,97.17,True,False,False
2023-01-31,99.7,82451939,3587.0,1022.0,1184.0,5792.0,,27.71,22.68,50.71,101.43,97.17,True,True,False
2023-02-01,100.0,40082663,-10980.0,50.0,396.0,-10533.0,,40.7,28.69,52.7,101.26,97.24,False,False,False
2023-02-02,100.0,51715604,-24819.0,-165.0,14.0,-24971.0,,49.35,35.58,52.7,101.07,97.33,False,False,False
2023-02-03,99.6,43915390,-17707.0,-1108.0,263.0,-18551.0,,50.68,40.61,49.6,100.81,97.45,False,False,False
2023-02-06,101.5,50479656,9759.0,133.0,200.0,10092.0,,62.95,48.06,61.26,101.08,97.28,False,False,False
2023-02-07,100.5,31412710,-11504.0,7.0,107.0,-11390.0,,62.8,52.97,54.16,101.08,97.28,False,False,False
2023-02-08,100.5,25572350,-3737.0,-308.0,-152.0,-4197.0,,62.7,56.22,54.16,101.2,97.24,False,False,False
2023-02-09,101.0,29347314,5817.0,-9.0,510.0,6317.0,,66.8,59.74,57.05,101.39,97.16,False,False,True
2023-02-10,101.5,25620289,5841.0,98.0,-10.0,5929.0,,73.48,64.32,59.78,101.73,97.06,False,False,True
2023-02-13,101.0,18497222,-1987.0,-397.0,-198.0,-2582.0,,68.99,65.88,55.95,101.89,97.19,False,False,True
2023-02-14,102.0,18440692,7426.0,100.0,-32.0,7494.0,,79.33,70.36,61.29,102.22,97.26,False,False,False
2023-02-15,102.5,38436177,7943.0,-432.0,-141.0,7370.0,,86.22,75.65,63.66,102.63,97.26,False,False,True
2023-02-16,103.5,39872101,5867.0,28.0,429.0,6324.0,,90.81,80.7,67.9,103.25,97.08,False,False,True
2023-02-17,103.5,28987254,2837.0,-127.0,18.0,2728.0,,93.87,85.09,67.9,103.77,96.97,False,False,True
2023-02-20,103.0,22229942,-6366.0,-1088.0,-170.0,-7624.0,,87.58,85.92,63.6,104.1,97.03,False,False,True
2023-02-21,102.5,13906642,1827.0,31.0,-217.0,1641.0,,79.22,83.69,59.54,104.27,97.25,False,False,True
2023-02-22,102.0,26465654,959.0,42.0,-630.0,371.0,,67.1,78.16,55.71,104.33,97.53,False,False,True
2023-02-23,103.0,20893415,6220.0,16.0,106.0,6342.0,,66.96,74.42,61.1,104.41,97.94,False,False,True
2023-02-24,101.0,54293618,-18118.0,-51.0,64.0,-18105.0,,44.64,64.5,48.41,104.22,98.42,False,False,True
2023-03-01,102.0,48149835,3418.0,128.0,-541.0,3005.0,,46.42,58.47,53.6,104.0,99.03,False,False,True
2023-03-02,102.5,27936296,4504.0,-87.0,-126.0,4291.0,,51.78,56.24,55.98,104.02,99.29,False,False,True
2023-03-03,102.5,29276021,890.0,629.0,191.0,1710.0,,55.36,55.95,55.98,104.04,99.52,False,False,True
2023-03-06,103.5,38599819,18145.0,719.0,1140.0,20005.0,,66.07,59.32,60.67,104.18,99.73,False,True,True
2023-03-07,105.0,72773055,14800.0,903.0,1722.0,17425.0,,71.82,63.49,66.44,104.55,99.9,False,False,True
2023-03-08,104.0,31871831,-4903.0,120.0,589.0,-4194.0,,70.11,65.69,60.11,104.78,99.92,False,False,True
2023-03-09,102.5,62246571,-26405.0,11.0,670.0,-25724.0,,60.63,64.0,52.09,104.72,100.18,False,False,True
2023-03-10,102.0,28023340,-3797.0,252.0,-295.0,-3840.0,,51.53,59.85,49.71,104.61,100.44,False,False,False
2023-03-13,103.0,23735276,5012.0,27.0,-21.0,5017.0,,51.02,56.9,54.21,104.6,100.65,False,False,False
2023-03-14,102.0,32014406,-2730.0,52.0,50.0,-2628.0,,37.72,50.51,49.44,104.57,100.73,False,False,False
2023-03-15,102.5,21152568,713.0,47.0,-970.0,-210.0,,32.55,44.52,51.73,104.49,100.96,False,False,False
2023-03-16,102.0,27823368,-871.0,67.0,-57.0,-862.0,,25.4,38.15,49.33,104.49,100.96,False,False,False
2023-03-17,103.5,62542797,6183.0,-427.0,254.0,6010.0,,31.75,36.02,55.94,104.57,100.98,False,False,True
2023-03-20,102.5,21491112,-9338.0,23.0,101.0,-9214.0,,30.69,34.24,51.15,104.49,100.96,False,False,True
2023-03-21,103.5,21169729,7642.0,46.0,-339.0,7349.0,,42.68,37.06,55.27,104.49,100.96,False,True,True
2023-03-22,103.5,22619832,367.0,-64.0,306.0,609.0,,50.68,41.6,55.27,104.54,100.96,False,False,True
2023-03-23,103.5,32467261,1412.0,412.0,487.0,2310.0,,56.01,46.4,55.27,104.62,100.98,False,False,True
2023-03-24,105.5,70639353,13184.0,-732.0,224.0,12676.0,,66.97,53.26,63.07,105.11,100.84,False,False,True
2023-03-27,103.5,33360546,-7561.0,-2033.0,188.0,-9406.0,,57.15,54.55,53.1,105.15,100.85,False,False,True
2023-03-28,103.0,24536833,-5234.0,-119.0,-48.0,-5401.0,,46.43,51.84,50.94,105.04,101.16,False,False,True
2023-03-29,103.5,21518974,244.0,-374.0,142.0,12.0,,40.48,48.06,53.0,105.05,101.3,False,False,True
2023-03-30,104.5,23644023,3619.0,-55.0,162.0,3727.0,,46.03,47.38,56.91,105.21,101.34,False,False,True
2023-03-31,104.0,18383489,-432.0,-101.0,15.0,-518.0,,41.8,45.52,54.47,105.27,101.43,False,False,True
2023-04-06,103.5,39285783,-11418.0,-26.0,152.0,-11292.0,,33.42,41.49,52.07,105.27,101.43,False,False,True
2023-04-07,103.0,11913773,-3277.0,60.0,7.0,-3210.0,,22.28,35.09,49.71,105.01,101.49,False,False,True
2023-04-10,103.0,12576290,-2805.0,-44.0,89.0,-2760.0,,14.85,28.34,49.71,104.93,101.47,False,False,True
2023-04-11,103.5,29392861,-6858.0,-562.0,614.0,-6807.0,,16.57,24.42,52.22,104.95,101.55,True,False,True
2023-04-12,102.5,20658342,-6863.0,-468.0,195.0,-7136.0,,11.05,19.96,47.15,104.91,101.64,True,False,True
2023-04-13,103.0,23559745,-273.0,-2.0,-1.0,-276.0,,12.92,17.61,49.77,104.91,101.64,True,False,True
2023-04-14,104.5,25764557,9766.0,-282.0,176.0,9660.0,,30.84,22.02,56.72,105.01,101.79,True,True,True
2023-04-17,104.0,15419355,-1573.0,16.0,103.0,-1454.0,,37.22,27.09,54.04,105.05,101.9,False,False,True
2023-04-18,104.5,16151848,2094.0,-54.0,-127.0,1913.0,,47.04,33.74,56.27,105.07,102.13,False,False,True
2023-04-19,104.0,18893968,-5438.0,-355.0,405.0,-5388.0,,56.36,41.28,53.48,105.11,102.14,False,False,True
2023-04-20,104.5,19945258,9255.0,-38.0,413.0,9630.0,,70.91,51.15,55.84,105.16,102.29,False,False,True
2023-04-21,104.0,33085440,6026.0,665.0,46.0,6737.0,,63.94,55.42,52.94,105.18,102.32,False,False,True
2023-04-24,103.5,18482135,-7027.0,664.0,-25.0,-6388.0,,53.74,54.86,50.15,105.18,102.32,False,False,True
2023-04-25,103.0,29981837,-3248.0,258.0,295.0,-2695.0,,41.38,50.36,47.45,105.19,102.26,False,False,True
2023-04-26,103.5,34093936,2720.0,169.0,1739.0,4628.0,,34.25,44.99,50.33,104.83,102.42,False,False,True
2023-04-27,103.5,16743295,-2228.0,480.0,-162.0,-1910.0,,29.5,39.83,50.33,104.83,102.42,False,False,True
2023-04-28,104.5,19643921,6247.0,78.0,389.0,6714.0,,39.67,39.78,55.93,104.93,102.47,False,False,True
2023-05-02,106.0,50296436,23769.0,208.0,415.0,24392.0,,59.78,46.44,62.72,105.42,102.23,False,True,True
2023-05-03,105.5,27017028,7556.0,-361.0,-54.0,7141.0,,67.63,53.51,59.43,105.62,102.13,False,False,True
2023-05-04,105.0,12816496,-1956.0,25.0,127.0,-1804.0,,67.31,58.11,56.26,105.74,102.11,False,False,True
2023-05-05,105.0,12635718,500.0,68.0,550.0,1118.0,,67.09,61.1,56.26,105.86,102.14,False,False,True
2023-05-08,105.0,10633215,40.0,237.0,194.0,471.0,,66.95,63.05,56.26,105.95,102.25,False,False,True
2023-05-09,106.5,40822363,10619.0,31.0,431.0,11081.0,,73.8,66.64,63.55,106.34,102.21,False,False,True
2023-05-10,106.5,17540555,4992.0,25.0,-255.0,4762.0,,78.37,70.55,63.55,106.68,102.17,False,False,True
2023-05-11,105.0,21870548,1313.0,155.0,-60.0,1408.0,,66.53,69.21,53.25,106.62,102.48,False,False,True
2023-05-12,102.5,72076682,-30024.0,-140.0,-460.0,-30624.0,,47.69,62.03,41.25,106.69,102.36,False,False,False
2023-05-15,102.0,28337659,-14564.0,-183.0,178.0,-14569.0,,31.79,51.95,39.34,106.84,101.96,False,False,False
2023-05-16,102.0,42174115,-19124.0,-165.0,3251.0,-16038.0,,21.19,41.7,39.34,106.96,101.64,False,False,False
2023-05-17,102.5,38916253,-6498.0,134.0,6068.0,-296.0,,17.46,33.62,42.43,106.98,101.42,False,False,False
2023-05-18,103.0,27750265,616.0,8.0,2454.0,3078.0,,18.31,28.52,45.43,106.98,101.32,True,False,False
2023-05-19,103.0,33713208,-6952.0,-369.0,586.0,-6735.0,,18.87,25.3,45.43,106.95,101.2,True,False,False
2023-05-22,103.0,18170383,-1048.0,-11.0,-128.0,-1187.0,,19.25,23.28,45.43,106.94,101.11,True,False,False
2023-05-23,102.5,22258821,-6075.0,-156.0,157.0,-6074.0,,16.17,20.91,42.65,106.96,100.99,True,False,False
2023-05-24,103.0,16034234,-3142.0,107.0,940.0,-2095.0,,27.44,23.09,46.19,106.96,100.99,True,True,False
2023-05-25,102.5,26400866,-9316.0,-578.0,-93.0,-9987.0,,29.41,25.19,43.31,106.97,100.88,False,False,False
2023-05-26,102.5,36602590,-9406.0,-1042.0,-196.0,-10644.0,,30.72,27.04,43.31,106.98,100.77,False,False,False
2023-05-29,105.5,79007460,9746.0,-843.0,1666.0,10569.0,,49.64,34.57,60.45,107.11,100.74,False,False,True
2023-05-30,107.0,88779354,26776.0,-181.0,751.0,27346.0,,60.87,43.34,65.99,107.32,100.63,False,False,True
2023-05-31,106.5,59443196,5575.0,-3.0,894.0,6467.0,,65.58,50.75,62.83,107.5,100.55,False,False,True
2023-06-01,108.0,46558650,11129.0,162.0,-228.0,11063.0,,77.05,59.52,67.81,108.06,100.29,False,False,True
2023-06-02,108.0,53924446,3368.0,-526.0,379.0,3221.0,,79.94,66.33,67.81,108.56,100.09,False,False,True
2023-06-05,107.5,24624081,-1584.0,-2087.0,267.0,-3404.0,,79.48,70.71,64.47,108.91,99.99,False,False,True
2023-06-06,107.0,36383280,3548.0,-650.0,345.0,3244.0,,76.8,72.74,61.22,108.99,99.96,False,False,True
2023-06-07,108.0,22459238,1433.0,-240.0,667.0,1860.0,,79.77,75.08,65.02,109.25,99.85,False,False,True
2023-06-08,107.0,17392265,-5856.0,-371.0,301.0,-5926.0,,75.4,75.19,58.82,109.47,99.83,False,False,True
2023-06-09,108.0,16744580,1569.0,-488.0,493.0,1574.0,,74.08,74.82,62.65,109.86,99.99,False,False,True
2023-06-12,110.5,98652902,16257.0,24.0,3145.0,19426.0,,75.03,74.89,70.14,110.67,100.03,False,True,True
2023-06-13,112.5,70173913,8325.0,-558.0,2986.0,10753.0,,80.97,76.92,74.53,111.84,99.91,False,False,True
2023-06-14,112.5,36488322,3006.0,-829.0,203.0,2380.0,,84.93,79.59,74.53,112.81,99.94,False,False,True
2023-06-15,111.5,35696946,-2050.0,-724.0,-28.0,-2802.0,,82.81,80.66,68.67,113.41,100.19,False,False,True
2023-06-16,111.0,47565732,-2139.0,46.0,577.0,-1515.0,,79.02,80.11,65.88,113.81,100.59,False,False,True
2023-06-19,112.5,25243032,3207.0,2137.0,660.0,6004.0,,83.23,81.15,69.84,114.38,100.97,False,True,True
2023-06-20,112.5,30784850,-3041.0,1787.0,-505.0,-1759.0,,83.69,82.0,69.84,114.75,101.6,False,False,True
2023-06-21,113.0,34892673,-1074.0,1750.0,1045.0,1721.0,,86.57,83.52,71.13,115.11,102.24,False,False,True
2023-06-26,115.5,100474885,7485.0,2889.0,5438.0,15811.0,,89.08,85.38,76.55,115.76,102.89,False,False,True
2023-06-27,114.0,67357566,-7140.0,765.0,2571.0,-3804.0,,77.57,82.77,68.27,115.8,104.0,False,False,True
2023-06-28,115.0,45726557,-140.0,208.0,1119.0,1187.0,,75.96,80.5,70.56,116.31,104.44,False,False,True
2023-06-29,113.0,39965191,-11817.0,-10.0,6.0,-11821.0,,62.76,74.59,61.08,116.5,104.85,False,False,True
2023-06-30,113.0,48499554,-353.0,1718.0,1695.0,3060.0,,53.96,67.71,61.08,116.56,105.44,False,False,True
2023-07-03,115.0,88011450,6627.0,8.0,10818.0,17453.0,,60.22,65.21,66.32,117.0,105.7,False,False,True
2023-07-04,110.0,88850920,1646.0,-2129.0,-6246.0,-6730.0,,42.52,57.65,48.66,116.92,105.98,False,False,True
2023-07-05,108.5,51570862,-7473.0,-282.0,-2149.0,-9904.0,,32.05,49.12,44.8,116.83,106.17,False,False,True
2023-07-06,105.5,70071473,-17787.0,-459.0,-1648.0,-19894.0,,22.82,40.35,38.27,117.06,105.79,False,False,False
2023-07-07,105.5,30868905,3086.0,-300.0,-780.0,2006.0,,17.99,32.9,38.27,117.35,105.25,False,False,False
2023-07-10,104.5,25044324,-9537.0,-265.0,-769.0,-10571.0,,11.99,25.93,36.23,117.68,104.67,True,False,False
2023-07-11,105.0,23862651,2267.0,-465.0,-319.0,1483.0,,9.44,20.43,38.01,117.96,104.09,True,False,False
2023-07-12,107.5,37780699,1267.0,383.0,-1742.0,-92.0,,15.82,18.9,46.11,117.99,103.76,True,False,True
2023-07-13,107.0,30341999,-1854.0,-253.0,-1707.0,-3815.0,,18.48,18.76,44.85,117.87,103.33,True,False,True
2023-07-14,109.5,43454213,10941.0,98.0,22.0,11061.0,,33.16,23.56,51.94,117.68,103.22,True,True,True
2023-07-17,110.5,41502082,7289.0,-526.0,-1300.0,5463.0,,52.87,33.33,54.46,117.62,103.18,False,False,True
2023-07-18,112.0,52688441,9295.0,-1086.0,-418.0,7792.0,,63.03,43.23,58.02,117.7,103.2,False,False,True
2023-07-19,108.5,54967023,-6786.0,-357.0,-3260.0,-10403.0,,56.83,47.76,48.5,117.48,103.02,False,False,True
2023-07-20,108.0,33167955,1058.0,-344.0,1063.0,1777.0,,50.85,48.79,47.3,117.24,102.81,False,False,True
2023-07-21,107.5,25278976,-1411.0,-194.0,-420.0,-2025.0,,45.01,47.53,46.08,116.91,102.59,False,False,True
2023-07-24,108.0,19896359,1016.0,-359.0,-780.0,-123.0,,41.77,45.61,47.54,116.03,102.72,False,False,True
2023-07-25,112.0,61862737,14494.0,437.0,166.0,15097.0,,54.04,48.42,57.46,115.69,102.86,False,True,True
2023-07-26,111.5,30223635,5672.0,-512.0,-869.0,4291.0,,59.84,52.23,56.03,115.03,103.17,False,False,True
2023-07-27,110.5,32278647,114.0,-942.0,-331.0,-1159.0,,58.94,54.46,53.19,114.66,103.29,False,False,True
2023-07-28,109.5,23255646,-5914.0,-733.0,-956.0,-7602.0,,53.58,54.17,50.43,114.17,103.43,False,False,True
2023-07-31,108.5,30730719,-6258.0,94.0,-334.0,-6498.0,,45.24,51.19,47.77,112.99,103.96,False,False,True
2023-08-01,110.5,24113256,10788.0,168.0,3.0,10959.0,,50.67,51.02,53.11,113.05,103.95,False,False,True
2023-08-02,108.0,34095728,-9898.0,662.0,-2185.0,-11421.0,,41.48,47.84,46.68,113.03,103.92,False,False,False
2023-08-04,111.0,40122815,14615.0,476.0,-1467.0,13624.0,,49.87,48.52,53.89,113.22,104.28,False,True,True
2023-08-07,109.5,45621252,-13335.0,-84.0,358.0,-13061.0,,43.25,46.76,50.23,113.15,104.75,False,False,True
2023-08-08,110.5,29311389,4560.0,418.0,-1479.0,3499.0,,45.5,46.34,52.55,112.94,105.56,False,False,True
2023-08-09,110.5,20468574,4709.0,260.0,-247.0,4722.0,,47.0,46.56,52.55,112.66,106.39,False,True,True
2023-08-10,110.0,22401300,-1298.0,288.0,-295.0,-1305.0,,46.15,46.42,51.17,112.64,106.66,False,False,True
2023-08-11,108.5,22854757,-11368.0,198.0,-717.0,-11887.0,,34.47,42.44,47.17,112.51,106.94,False,False,False
2023-08-14,110.0,30169722,-545.0,1222.0,323.0,999.0,,37.79,40.89,51.27,112.53,106.97,False,False,True
2023-08-15,107.0,64762274,-25205.0,145.0,-619.0,-25680.0,,25.2,35.66,43.93,112.59,106.56,False,False,False
2023-08-16,105.5,44390097,-13401.0,456.0,-441.0,-13386.0,,19.02,30.11,40.78,112.55,105.95,False,False,False
2023-08-17,106.5,24753076,897.0,336.0,1003.0,2236.0,,19.35,26.52,43.68,112.66,105.64,True,False,False
2023-08-18,106.0,17412067,-3543.0,-392.0,-14.0,-3949.0,,18.03,23.69,42.56,112.8,105.3,True,False,False
2023-08-21,106.0,10884357,-441.0,-270.0,42.0,-669.0,,17.15,21.51,42.56,112.92,105.03,True,False,False
2023-08-22,106.5,13225842,3255.0,-104.0,-108.0,3043.0,,19.76,20.93,44.22,112.97,104.83,True,False,False
2023-08-23,106.5,16581083,4064.0,-64.0,247.0,4247.0,,22.27,21.37,44.22,112.56,104.69,True,True,False
2023-08-24,109.5,51036295,11872.0,-159.0,-487.0,11226.0,,42.12,28.29,53.55,112.25,104.8,False,False,True
2023-08-25,108.0,21353911,-6243.0,5.0,-386.0,-6624.0,,46.26,34.28,49.13,112.01,104.79,False,False,False
2023-08-28,108.0,16852420,-11.0,762.0,151.0,902.0,,49.02,39.19,49.13,111.9,104.75,False,False,False
2023-08-29,106.0,64563484,-6786.0,-1040.0,379.0,-7447.0,,38.74,39.04,43.56,111.92,104.48,False,False,False
2023-08-30,106.0,20861174,720.0,-156.0,3.0,567.0,,31.89,36.66,43.56,111.65,104.3,False,False,False
2023-08-31,106.5,57884785,2523.0,50.0,885.0,3458.0,,30.35,34.56,45.35,111.64,104.16,False,False,False
2023-09-01,107.5,14106975,1901.0,-109.0,-316.0,1476.0,,35.38,34.83,48.86,111.17,104.28,False,True,False
2023-09-04,106.5,21399910,-1387.0,61.0,-328.0,-1653.0,,32.68,34.11,45.7,110.95,104.2,False,False,False
2023-09-05,107.0,13947190,719.0,-362.0,461.0,818.0,,33.91,34.05,47.53,110.49,104.31,False,False,False
2023-09-06,106.0,17723586,415.0,-200.0,-395.0,-180.0,,30.94,33.01,44.32,109.95,104.4,False,False,False
2023-09-07,105.5,14703513,-3348.0,52.0,-621.0,-3917.0,,24.79,30.27,42.76,109.48,104.42,False,False,False
2023-09-08,106.0,12232593,-3499.0,539.0,-104.0,-3063.0,,26.05,28.86,44.85,109.28,104.37,False,False,False
2023-09-11,105.0,17970490,-5147.0,293.0,-23.0,-4877.0,,17.37,25.03,41.59,108.66,104.49,False,False,False
2023-09-12,107.5,29936070,12483.0,134.0,524.0,13142.0,,39.36,29.81,51.15,108.72,104.48,True,True,False
2023-09-13,106.0,18447173,-4980.0,-491.0,-45.0,-5516.0,,37.35,32.32,46.26,108.7,104.55,False,False,False
2023-09-14,106.5,15925971,-1015.0,30.0,16.0,-969.0,,41.57,35.4,48.04,108.7,104.55,False,False,False
2023-09-15,106.0,35796358,-4885.0,-4350.0,36.0,-9199.0,,41.04,37.28,46.38,108.7,104.55,False,False,False
2023-09-18,106.5,19458299,-4466.0,-27.0,-438.0,-4931.0,,47.36,40.64,48.3,108.7,104.6,False,False,False
2023-09-19,106.5,13864956,5226.0,-129.0,-371.0,4725.0,,51.58,44.29,48.3,108.7,104.6,False,False,False
2023-09-20,106.0,19168653,-6217.0,-80.0,-799.0,-7096.0,,47.72,45.43,46.38,108.7,104.55,False,False,False
2023-09-21,105.0,22481559,-10954.0,205.0,-32.0,-10781.0,,31.81,40.89,42.71,108.1,104.7,False,False,False
2023-09-22,105.0,15164145,-3821.0,98.0,210.0,-3513.0,,21.21,34.33,42.71,107.89,104.61,False,False,False
2023-09-25,105.5,16714643,-6316.0,47.0,109.0,-6160.0,,20.8,29.82,45.22,107.57,104.68,False,False,False
2023-09-26,104.0,30615520,-8816.0,43.0,-64.0,-8836.0,,13.87,24.5,39.6,107.76,104.29,False,False,False
2023-09-27,104.0,16571407,-6403.0,113.0,-522.0,-6812.0,,13.41,20.81,39.6,107.88,103.97,True,False,False
2023-09-28,104.0,24489178,-1911.0,-191.0,-82.0,-2184.0,,16.35,19.32,39.6,107.91,103.69,True,False,False
2023-10-02,104.5,13980808,-2362.0,31.0,601.0,-1729.0,,22.01,20.22,42.57,107.68,103.62,True,True,False
2023-10-03,104.0,17720597,-3795.0,-1143.0,288.0,-4650.0,,23.01,21.15,40.43,107.64,103.41,False,False,False
2023-10-04,103.0,27864693,-11565.0,-161.0,-243.0,-11970.0,,19.5,20.6,36.48,107.6,103.05,False,False,False
2023-10-05,103.5,16777516,228.0,-262.0,320.0,286.0,,22.53,21.24,39.66,107.59,102.81,True,True,False
2023-10-06,105.5,28202817,2703.0,135.0,475.0,3313.0,,43.59,28.69,50.35,107.59,102.81,False,False,False
2023-10-11,106.0,39153271,6351.0,92.0,98.0,6541.0,,58.23,38.54,52.61,107.59,102.81,False,False,False
2023-10-12,107.0,30018890,11571.0,126.0,-491.0,11206.0,,72.15,49.74,56.84,107.82,102.78,False,False,False
2023-10-13,107.5,27592508,6135.0,2.0,94.0,6231.0,,81.43,60.31,58.82,107.82,102.78,False,False,False
2023-10-16,107.0,17539617,-734.0,186.0,457.0,-92.0,,84.29,68.3,56.05,107.97,102.73,False,False,False
2023-10-17,106.5,17843132,-3367.0,-170.0,507.0,-3030.0,,80.44,72.35,53.35,107.97,102.73,False,False,False
2023-10-18,105.5,28734757,-1211.0,-1011.0,-2007.0,-4229.0,,71.81,72.17,48.32,107.93,102.72,False,False,False
2023-10-19,103.5,42470168,-13295.0,-6403.0,1665.0,-18033.0,,51.2,65.18,40.18,107.84,102.51,False,False,False
2023-10-20,103.5,33199943,-804.0,-4077.0,940.0,-3940.0,,37.47,55.94,40.18,107.71,102.34,False,False,False
2023-10-23,100.5,84175293,-38795.0,-710.0,-2124.0,-41628.0,,27.06,46.32,31.06,108.07,101.43,False,False,False
2023-10-24,98.3,113705847,-39263.0,-590.0,-740.0,-40593.0,,21.16,37.93,26.35,108.81,100.02,False,False,False
2023-10-25,99.0,41361487,-17070.0,171.0,180.0,-16719.0,,19.4,31.75,29.99,109.11,99.12,False,False,False
2023-10-26,98.5,42562225,-13073.0,2.0,-208.0,-13279.0,,16.67,26.73,28.89,109.31,98.22,True,False,False
2023-10-27,98.2,33549955,-12270.0,203.0,810.0,-11258.0,,13.92,22.46,28.22,109.55,97.4,True,False,False
2023-10-30,94.5,139233228,-31614.0,106.0,-1035.0,-32544.0,,10.61,18.51,21.59,110.27,95.73,True,False,False
2023-10-31,96.5,63987716,2546.0,-757.0,-209.0,1580.0,,14.32,17.11,31.03,110.43,94.82,True,False,False
2023-11-01,95.6,26792559,-11521.0,-986.0,43.0,-12463.0,,14.63,16.28,29.32,110.53,93.83,True,False,False
2023-11-02,97.0,25319099,559.0,150.0,725.0,1433.0,,22.25,18.27,35.29,110.44,93.22,True,True,False
2023-11-03,95.8,44283856,-12998.0,-602.0,195.0,-13404.0,,25.18,20.58,32.74,110.47,92.47,False,False,False
2023-11-06,96.4,39193519,2585.0,-1035.0,55.0,1605.0,,31.33,24.16,35.26,110.33,91.9,False,False,False
2023-11-07,96.1,28714421,-10943.0,-935.0,-375.0,-12252.0,,35.17,27.83,34.56,109.88,91.41,False,False,False
2023-11-08,97.0,20362795,6135.0,-717.0,116.0,5535.0,,43.86,33.17,38.5,109.21,91.18,False,False,False
2023-11-09,97.9,31177239,4116.0,-791.0,178.0,3503.0,,58.13,41.49,42.24,108.21,91.27,False,False,False
2023-11-10,97.2,16713387,-4733.0,-1220.0,-451.0,-6404.0,,59.96,47.65,40.19,106.92,91.53,False,False,False
2023-11-13,97.7,18461159,1609.0,-1214.0,1555.0,1949.0,,66.02,53.77,42.34,105.55,91.97,False,False,False
2023-11-14,100.0,47364152,5535.0,-206.0,5499.0,10828.0,,71.6,59.71,51.05,104.21,92.66,False,False,False
2023-11-15,100.5,51481834,10995.0,-4899.0,-6104.0,-7.0,,75.77,65.07,52.73,103.03,93.34,False,False,False
2023-11-16,101.0,31965062,7168.0,-2849.0,-697.0,3622.0,,81.07,70.4,54.4,102.44,93.68,False,False,False
2023-11-17,102.5,47314771,12926.0,-3086.0,631.0,10471.0,,83.21,74.67,59.1,102.14,93.88,False,False,False
2023-11-20,101.0,29960033,-5529.0,0.0,-1067.0,-6596.0,,78.13,75.82,53.2,102.24,93.83,False,False,False
2023-11-21,102.5,37190582,18105.0,-2005.0,-356.0,15744.0,,80.29,77.31,57.74,102.9,93.59,False,False,False
2023-11-22,102.0,28562720,-641.0,-16.0,-550.0,-1206.0,,77.34,77.32,55.8,103.34,93.45,False,False,False
2023-11-23,101.5,24125544,-2603.0,-386.0,-99.0,-3088.0,,72.07,75.57,53.85,103.68,93.41,False,False,False
2023-11-24,101.5,22653476,-3271.0,-35.0,-104.0,-3410.0,,67.01,72.72,53.85,104.01,93.41,False,False,False
2023-11-27,101.5,24041482,-4454.0,-51.0,250.0,-4254.0,,58.17,67.87,53.85,104.1,94.02,False,False,False
2023-11-28,102.5,29821679,5658.0,-351.0,382.0,5689.0,,57.83,64.52,57.55,104.47,94.25,False,False,False
2023-11-29,102.0,34373056,-4244.0,-37.0,77.0,-4205.0,,49.66,59.57,55.17,104.6,94.76,False,False,False
2023-11-30,101.5,44645586,-6786.0,14.0,27.0,-6745.0,,38.66,52.6,52.81,104.72,95.09,False,False,False
2023-12-01,100.5,27879140,-12678.0,-220.0,63.0,-12835.0,,25.78,43.66,48.36,104.55,95.73,False,False,False
2023-12-04,101.0,14873417,801.0,428.0,-34.0,1196.0,,21.95,36.42,50.6,104.43,96.31,False,False,False
2023-12-05,101.0,22028554,3935.0,127.0,-44.0,4018.0,,21.3,31.38,50.6,104.15,97.08,False,False,False
2023-12-06,101.0,15438431,-838.0,172.0,9.0,-657.0,,20.86,27.87,50.6,103.91,97.72,False,False,False
2023-12-07,101.0,14143974,-1146.0,41.0,332.0,-774.0,,20.58,25.44,50.6,103.74,98.2,False,False,False
2023-12-08,101.5,16171663,3986.0,-71.0,-148.0,3768.0,,27.05,25.98,53.33,103.32,99.05,False,True,False
2023-12-11,101.0,25693233,-2176.0,145.0,-47.0,-2078.0,,24.7,25.55,50.33,102.73,99.97,False,False,False
2023-12-12,101.0,21061040,378.0,552.0,-48.0,882.0,,24.8,25.3,50.33,102.64,100.16,False,False,False
2023-12-13,101.0,15245857,-1846.0,465.0,-318.0,-1699.0,,27.64,26.08,50.33,102.61,100.24,False,True,False
2023-12-14,102.0,32842321,8869.0,-441.0,-1239.0,7190.0,,51.76,34.64,56.44,102.67,100.28,False,False,False
2023-12-15,101.5,41228565,-7390.0,3036.0,-340.0,-4694.0,,56.73,42.01,52.94,102.51,100.34,False,False,False
2023-12-18,102.0,28168793,-1898.0,10135.0,-1426.0,6811.0,,71.15,51.72,55.88,102.57,100.38,False,False,False
2023-12-19,102.5,32970317,-4775.0,10021.0,-2036.0,3210.0,,80.77,61.4,58.67,102.57,100.38,False,False,False
2023-12-20,104.5,54775393,10578.0,9916.0,-1597.0,18897.0,,87.18,70.0,67.52,103.34,99.86,False,False,False
2023-12-21,103.5,34981356,-16545.0,9543.0,65.0,-6937.0,,83.12,74.37,60.54,103.63,99.77,False,False,False
2023-12-22,103.5,23874742,-5225.0,6201.0,-299.0,677.0,,80.41,76.38,60.54,103.89,99.71,False,False,False
2023-12-25,103.5,11452984,2916.0,-172.0,-61.0,2683.0,,78.61,77.13,60.54,104.11,99.69,False,False,False
2023-12-26,104.0,10038346,2270.0,-62.0,-156.0,2052.0,,80.98,78.41,62.93,104.37,99.58,False,False,False
2023-12-27,103.5,19101096,1993.0,1107.0,-521.0,2579.0,,77.79,78.2,59.08,104.54,99.56,False,False,False
2023-12-28,104.0,23454232,10635.0,1156.0,-291.0,11500.0,,80.43,78.95,61.61,104.8,99.55,False,True,False
2023-12-29,104.5,26228159,9391.0,1077.0,-111.0,10357.0,,82.19,80.03,64.01,105.07,99.68,False,False,True
2024-01-02,105.0,20339186,5616.0,3206.0,70.0,8892.0,,88.13,82.73,66.28,105.43,99.72,False,False,True
2024-01-03,104.5,19284338,1921.0,869.0,-339.0,2450.0,,85.42,83.63,62.06,105.62,99.88,False,False,False
2024-01-04,104.0,15626821,20.0,148.0,109.0,277.0,,73.61,80.29,58.09,105.7,100.1,False,False,False
2024-01-05,104.0,13458610,-1887.0,54.0,-86.0,-1919.0,,65.74,75.44,58.09,105.74,100.36,False,False,False
2024-01-08,101.5,35053132,-14774.0,81.0,38.0,-14655.0,,43.83,64.9,42.35,105.74,100.36,False,False,False
2024-01-09,101.0,25951574,-14531.0,233.0,203.0,-14095.0,,29.22,53.01,40.01,105.74,100.36,False,False,False
2024-01-10,100.0,23473035,-11332.0,300.0,125.0,-10907.0,,19.48,41.83,35.76,105.88,100.12,False,False,False
2024-01-11,100.5,34911583,-7604.0,305.0,514.0,-6785.0,,18.02,33.89,39.24,105.94,100.01,True,False,False
2024-01-12,100.5,29378104,-7168.0,133.0,162.0,-6873.0,,17.04,28.28,39.24,106.04,99.76,True,False,False
2024-01-15,100.0,22849994,-12645.0,-681.0,209.0,-13117.0,,13.25,23.27,36.92,106.17,99.48,True,False,False
2024-01-16,100.0,26322401,-8286.0,-681.0,701.0,-8267.0,,12.93,19.82,36.92,106.29,99.16,True,False,False
2024-01-17,98.6,48863335,-25528.0,660.0,1928.0,-22940.0,,9.17,16.27,30.98,106.54,98.52,True,False,False
2024-01-18,99.9,18285961,-734.0,167.0,480.0,-87.0,,14.6,15.71,40.54,106.36,98.24,True,False,False
2024-01-19,100.5,16535880,280.0,123.0,161.0,564.0,,26.4,19.28,44.38,106.25,98.05,True,True,False
2024-01-22,99.9,23125015,-8998.0,-190.0,-254.0,-9442.0,,30.93,23.16,41.5,106.13,97.81,False,False,False
2024-01-23,101.0,19081079,4140.0,61.0,324.0,4525.0,,44.43,30.25,48.14,105.97,97.72,False,False,True
2024-01-24,100.5,13279806,1101.0,-262.0,-16.0,823.0,,51.84,37.45,45.6,105.7,97.64,False,False,False
2024-01-25,102.0,24411257,9598.0,113.0,-124.0,9587.0,,67.9,47.6,53.51,105.54,97.65,False,False,True
2024-01-26,102.5,26269872,2974.0,131.0,75.0,3180.0,,71.93,55.71,55.82,105.33,97.71,False,False,True
2024-01-29,102.5,16486936,2738.0,94.0,-290.0,2543.0,,74.62,62.01,55.82,104.99,97.85,False,False,True
2024-01-30,102.0,17948156,1379.0,-461.0,-141.0,777.0,,72.21,65.41,52.78,104.44,98.1,False,False,True
2024-01-31,102.5,18670512,3423.0,-17.0,-96.0,3310.0,,72.21,67.68,55.4,104.02,98.32,False,False,True
2024-02-01,103.0,15011693,3926.0,16.0,-35.0,3906.0,,76.85,70.74,57.9,103.79,98.45,False,False,True
2024-02-02,102.0,17360028,-3833.0,-104.0,-89.0,-4026.0,,70.68,70.72,51.65,103.37,98.67,False,False,True
2024-02-05,101.5,17589601,-1160.0,-186.0,57.0,-1290.0,,58.23,66.55,48.81,103.37,98.67,False,False,False
2024-02-15,101.0,28273526,-7765.0,-200.0,-4.0,-7969.0,,44.37,59.16,46.08,103.37,98.67,False,False,False
2024-02-16,101.5,36916925,-5157.0,-128.0,2083.0,-3202.0,,40.69,53.0,49.14,103.4,98.79,False,False,False
2024-02-19,103.0,25690866,8382.0,-51.0,710.0,9042.0,,60.46,55.49,57.02,103.66,98.78,False,True,True
2024-02-20,103.5,39677541,6095.0,-287.0,555.0,6363.0,,65.31,58.76,59.29,103.98,98.76,False,False,True
2024-02-21,103.0,18655698,255.0,-116.0,149.0,288.0,,64.37,60.63,56.11,104.15,98.89,False,False,True
2024-02-22,103.5,20473149,2384.0,-446.0,226.0,2164.0,,67.91,63.06,58.51,104.36,99.03,False,False,True
2024-02-23,103.0,17387814,3065.0,-393.0,627.0,3300.0,,66.11,64.08,55.25,104.21,99.62,False,False,True
2024-02-26,103.5,20262550,3902.0,-648.0,771.0,4025.0,,69.07,65.74,57.78,104.28,99.91,False,False,True
2024-02-27,103.5,29154596,525.0,-183.0,381.0,723.0,,71.05,67.51,57.78,104.38,100.11,False,False,True
2024-02-29,103.0,39113569,-9092.0,-196.0,440.0,-8848.0,,68.2,67.74,54.23,104.25,100.55,False,False,True
2024-03-01,102.0,28288633,-10225.0,550.0,-140.0,-9815.0,,54.99,63.49,47.88,104.19,100.71,False,False,False
2024-03-04,106.5,107381334,26574.0,1619.0,8552.0,36744.0,,66.66,64.55,66.74,105.06,100.44,False,True,True
2024-03-05,106.5,75946177,10130.0,313.0,1667.0,12110.0,,67.52,65.54,66.74,105.79,100.16,False,False,True
2024-03-06,106.5,40719766,-652.0,917.0,3748.0,4013.0,,68.09,66.39,66.74,106.39,99.96,False,False,True
2024-03-07,107.5,48017303,1406.0,126.0,4902.0,6435.0,,73.6,68.79,69.77,107.16,99.69,False,False,True
2024-03-08,105.0,69726404,-13144.0,359.0,1214.0,-11572.0,,64.45,67.34,56.01,107.31,99.84,False,False,True
2024-03-11,109.5,140871436,16102.0,2774.0,13448.0,32324.0,,69.28,67.99,68.18,108.46,99.39,False,True,True
2024-03-12,119.0,351300080,30532.0,11849.0,18844.0,61224.0,,79.52,71.83,80.46,112.82,96.63,False,False,True
2024-03-13,120.5,345545874,28391.0,27304.0,3463.0,59157.0,,81.7,75.12,81.67,116.27,95.03,False,False,True
2024-03-14,121.0,197698899,55812.0,7186.0,-2364.0,60634.0,,83.83,78.02,82.06,119.06,94.19,False,False,True
2024-03-15,132.0,407962863,93629.0,18177.0,11142.0,122947.0,,88.05,81.37,88.14,124.71,91.64,False,False,True
2024-03-18,136.0,241783637,-11534.0,7804.0,6926.0,3196.0,,91.01,84.58,89.53,130.26,89.54,False,False,True
2024-03-19,136.0,173862333,20336.0,14605.0,-138.0,34803.0,,92.98,87.38,89.53,134.71,88.39,False,False,True
2024-03-20,138.0,206917477,11192.0,4186.0,3464.0,18841.0,,91.76,88.84,90.2,138.92,87.63,False,False,True
2024-03-21,142.5,185853649,3531.0,2965.0,7378.0,13875.0,,92.43,90.04,91.51,143.51,86.99,False,False,True
2024-03-22,145.5,240446038,4285.0,10027.0,-5206.0,9106.0,,92.25,90.77,92.25,148.07,86.63,False,False,True
2024-03-25,145.5,146548712,-5001.0,313.0,5.0,-4683.0,,91.66,91.07,92.25,151.85,87.1,False,False,True
2024-03-26,142.0,183134455,38820.0,2389.0,-7108.0,34101.0,,87.56,89.9,82.48,154.35,88.45,False,False,True
2024-03-27,148.5,147441892,12210.0,2143.0,-150.0,14204.0,,89.53,89.78,85.54,157.59,89.71,False,False,True
2024-03-28,155.5,200955134,3050.0,7291.0,2848.0,13190.0,,91.17,90.24,87.98,161.58,90.97,False,True,True
2024-03-29,150.0,154117085,-8797.0,2907.0,402.0,-5487.0,,85.02,88.5,77.0,163.55,93.8,False,False,True
2024-04-01,150.5,78537153,6951.0,1781.0,-3524.0,5207.0,,79.41,85.47,77.28,165.41,96.34,False,False,True
2024-04-02,159.0,180494521,13659.0,619.0,4413.0,18691.0,,85.46,85.47,81.39,168.22,98.78,False,False,True
2024-04-03,159.0,142522729,-30791.0,4016.0,1049.0,-25726.0,,89.49,86.81,81.39,170.18,102.07,False,True,True
2024-04-08,158.0,109070055,-379.0,-2107.0,-435.0,-2920.0,,89.82,87.81,79.43,171.23,106.07,False,False,True
2024-04-09,158.0,102584375,2985.0,-25.0,-60.0,2900.0,,88.03,87.88,79.43,170.83,111.77,False,False,True
2024-04-10,154.5,98947805,-2856.0,-1079.0,-1556.0,-5491.0,,79.41,85.06,72.35,169.52,117.58,False,False,True
2024-04-11,150.0,174128794,23487.0,-3076.0,-4236.0,16175.0,,59.83,76.65,64.41,168.47,121.73,False,False,True
2024-04-12,150.5,118079241,580.0,-1628.0,1647.0,599.0,,47.94,67.08,64.87,166.98,126.22,False,False,True
2024-04-15,146.0,113282549,7934.0,-2385.0,-2670.0,2879.0,,34.9,56.35,57.62,164.31,131.39,False,False,True
2024-04-16,141.0,177628458,26294.0,-1299.0,-3975.0,21020.0,,28.13,46.94,50.83,163.37,133.23,False,False,True
2024-04-17,146.5,105843742,-5117.0,529.0,2002.0,-2586.0,,31.25,41.71,56.86,162.78,134.87,False,False,True
2024-04-18,148.0,76071986,10589.0,-221.0,-662.0,9707.0,,35.42,39.61,58.36,162.03,136.82,False,False,True
2024-04-19,143.0,133862460,-10003.0,-1064.0,-1901.0,-12968.0,,31.25,36.83,51.89,161.5,137.85,False,False,True
2024-04-22,143.0,71622415,10145.0,874.0,1943.0,12962.0,,28.98,34.21,51.89,161.46,137.94,False,False,True
2024-04-23,144.0,68570312,900.0,929.0,1137.0,2965.0,,32.86,33.76,53.09,161.52,137.73,False,False,True
2024-04-24,156.0,193442337,15551.0,1922.0,6495.0,23968.0,,53.53,40.35,64.57,162.2,138.1,False,True,True
2024-04-25,151.5,109088390,-10210.0,849.0,747.0,-8615.0,,59.62,46.77,58.76,162.06,139.19,False,False,True
2024-04-26,155.0,100344911,2836.0,4151.0,-920.0,6067.0,,68.2,53.92,61.65,162.5,139.4,False,False,True
2024-04-29,158.5,99096768,14114.0,576.0,2495.0,17185.0,,74.83,60.89,64.34,162.97,139.23,False,False,True
2024-04-30,156.0,73433543,-5878.0,-4.0,-1080.0,-6962.0,,75.29,65.69,61.05,163.46,139.34,False,False,True
2024-05-02,154.0,67513806,2255.0,-3.0,-767.0,1485.0,,72.41,67.93,58.47,163.68,139.47,False,False,True
2024-05-03,156.0,68197928,22639.0,220.0,-213.0,22646.0,,73.06,69.64,60.28,163.21,139.64,False,False,True
2024-05-06,167.5,179516827,37940.0,1930.0,5496.0,45366.0,,80.71,73.33,68.71,165.28,138.42,False,False,True
2024-05-07,169.5,126287105,-13735.0,2634.0,2252.0,-8850.0,,85.1,77.25,69.91,167.81,137.04,False,False,True
2024-05-08,169.5,78084583,-7195.0,1642.0,20.0,-5532.0,,86.81,80.44,69.91,170.03,135.97,False,False,True
2024-05-09,170.5,114983332,-14152.0,2993.0,1678.0,-9481.0,,84.69,81.85,70.56,172.55,135.05,False,False,True
2024-05-10,169.5,85310403,-1574.0,728.0,-1198.0,-2044.0,,81.82,81.84,68.95,174.68,134.87,False,False,True
2024-05-13,169.5,78843674,392.0,1280.0,-1304.0,368.0,,79.91,81.2,68.95,176.56,134.89,False,False,True
2024-05-14,172.0,125671087,446.0,566.0,-1338.0,-325.0,,82.26,81.55,70.87,178.54,135.51,False,True,True
2024-05-15,170.5,156608812,11861.0,-3319.0,3159.0,11701.0,,80.28,81.13,68.14,179.43,137.57,False,False,True
2024-05-16,171.5,151581757,8738.0,33.0,2309.0,11080.0,,72.96,78.41,69.0,180.65,138.85,False,False,True
2024-05-17,170.0,89280668,-4967.0,-633.0,-893.0,-6493.0,,59.75,72.19,66.12,181.46,140.24,False,False,True
2024-05-20,167.5,75406063,-19758.0,-1456.0,431.0,-20783.0,,44.77,63.05,61.52,181.06,143.09,False,False,True
2024-05-21,166.0,47272089,-7122.0,-1279.0,332.0,-8069.0,,31.08,52.39,58.87,180.01,146.44,False,False,True
2024-05-22,169.0,55692866,2864.0,-1575.0,2528.0,3817.0,,29.36,44.72,62.36,178.77,150.18,False,False,True
2024-05-23,173.0,84761305,27620.0,425.0,981.0,29027.0,,38.09,42.51,66.45,179.52,151.13,False,False,True
2024-05-24,176.0,72217014,21510.0,-760.0,898.0,21647.0,,51.32,45.45,69.15,179.92,153.18,False,True,True
2024-05-27,185.0,115328484,6174.0,1850.0,2414.0,10439.0,,67.55,52.81,75.53,182.64,153.46,False,False,True
2024-05-28,185.5,71081551,-8813.0,656.0,-1750.0,-9907.0,,77.55,61.06,75.83,185.22,153.58,False,False,True
2024-05-29,180.5,79257473,-22099.0,1378.0,-965.0,-21686.0,,76.09,66.07,67.01,185.86,155.39,False,False,True
2024-05-30,176.5,80629020,-14136.0,-2669.0,-1260.0,-18065.0,,68.61,66.92,60.91,185.01,158.49,False,False,True
2024-05-31,172.0,150789406,-25011.0,-6186.0,-2347.0,-33543.0,,56.31,63.38,54.86,183.54,161.56,False,False,True
2024-06-03,176.5,90323078,-10412.0,-879.0,1464.0,-9826.0,,55.04,60.6,59.22,183.86,162.14,False,False,True
2024-06-04,171.0,104412410,-22368.0,516.0,-3769.0,-25621.0,,39.72,53.64,52.54,183.85,162.3,False,False,True
2024-06-05,175.5,118643822,913.0,-374.0,1370.0,1909.0,,39.82,49.03,56.83,184.07,162.68,False,False,True
2024-06-06,177.5,122671053,8097.0,2304.0,-2462.0,7939.0,,43.69,47.25,58.62,184.48,162.97,False,False,True
2024-06-07,177.5,56520045,2790.0,-812.0,-740.0,1238.0,,46.27,46.92,58.62,184.81,163.44,False,False,True
2024-06-11,180.5,85329821,23750.0,469.0,-909.0,23310.0,,53.7,49.18,61.41,185.49,163.86,False,True,True
2024-06-12,187.5,126289783,38092.0,1362.0,19.0,39474.0,,68.28,55.55,66.99,187.6,163.3,False,False,True
2024-06-13,192.0,148512198,14337.0,154.0,-395.0,14096.0,,75.08,62.06,70.0,190.5,162.55,False,False,True
2024-06-14,198.0,125211164,45828.0,167.0,-568.0,45426.0,,82.83,68.98,73.47,194.57,161.13,False,False,True
2024-06-17,200.0,90945035,-89.0,666.0,-252.0,325.0,,88.55,75.51,74.53,198.34,160.36,False,False,True
2024-06-18,198.5,93439720,-9992.0,192.0,1322.0,-8478.0,,89.81,80.27,72.2,200.85,160.95,False,False,True
2024-06-19,203.0,176031571,19844.0,-5470.0,8034.0,22408.0,,87.91,82.82,74.75,203.72,161.78,False,False,True
2024-06-20,217.5,180562091,33662.0,-4374.0,1558.0,30846.0,,91.94,85.86,80.83,210.26,160.09,False,False,True
2024-06-21,212.0,174076905,-34843.0,-8187.0,-1227.0,-44257.0,,90.04,87.25,73.59,214.21,160.04,False,False,True
2024-06-24,206.0,109548050,6568.0,-10602.0,-1355.0,-5390.0,,82.41,85.64,66.58,216.43,160.82,False,False,True
2024-06-25,211.0,121206515,180.0,-5680.0,1948.0,-3552.0,,80.93,84.07,69.21,219.4,160.45,False,False,True
2024-06-26,210.0,110939569,-16128.0,-5765.0,519.0,-21375.0,,77.85,82.0,68.05,221.86,160.44,False,False,True
2024-06-27,212.5,85520365,8015.0,-5509.0,761.0,3267.0,,77.83,80.61,69.43,224.44,161.06,False,False,True
2024-06-28,214.0,76615716,-3755.0,-1226.0,1226.0,-3755.0,,79.53,80.25,70.25,226.7,162.55,False,False,True
2024-07-01,216.0,74505315,-2564.0,-56.0,3618.0,998.0,,83.57,81.36,71.36,228.4,165.25,False,True,True
2024-07-02,204.5,147154898,-44271.0,-2494.0,-4596.0,-51361.0,,62.79,75.17,57.96,228.46,167.99,False,False,True
2024-07-03,203.0,77916135,-9224.0,-23854.0,322.0,-32756.0,,45.9,65.41,56.47,227.25,172.4,False,False,True
2024-07-04,214.5,112375851,46146.0,-3401.0,1241.0,43985.0,,58.72,63.18,64.09,227.4,176.15,False,False,True
2024-07-05,214.5,44877435,-12501.0,315.0,297.0,-11890.0,,67.27,64.55,64.09,227.13,180.12,False,True,True
2024-07-08,226.5,116266597,18160.0,664.0,1414.0,20237.0,,78.18,69.09,70.37,228.29,183.86,False,False,True
2024-07-09,225.5,140667212,-18408.0,1330.0,-1187.0,-18265.0,,75.93,71.37,69.28,228.68,187.97,False,False,True
2024-07-10,223.5,72345924,-21786.0,714.0,-611.0,-21684.0,,72.31,71.69,67.05,229.04,191.21,False,False,True
2024-07-11,225.5,66478277,-9731.0,385.0,986.0,-8360.0,,72.02,71.8,68.16,229.87,193.73,False,False,True
2024-07-12,216.0,145211899,-63340.0,-45.0,40.0,-63344.0,,61.77,68.45,58.18,229.63,195.77,False,False,True
2024-07-15,216.5,53360233,14337.0,-1126.0,-780.0,12431.0,,55.47,64.12,58.52,229.43,197.62,False,False,True
2024-07-16,213.0,84353418,-12250.0,-1109.0,351.0,-13009.0,,43.77,57.34,55.11,228.51,199.99,False,False,True
2024-07-17,212.0,76957900,1528.0,-2484.0,-2308.0,-3264.0,,29.9,48.19,54.13,228.0,201.4,False,False,True
2024-07-18,204.0,136319692,-24079.0,-3563.0,-1318.0,-28960.0,,20.99,39.13,46.99,228.07,199.98,False,False,True
2024-07-19,204.0,92595590,15869.0,-1724.0,-1345.0,12800.0,,17.86,32.04,46.99,228.35,198.9,False,False,True
2024-07-22,192.5,162437272,8166.0,-3651.0,-4792.0,-277.0,,13.22,25.77,38.51,230.18,195.72,True,False,True
2024-07-23,201.5,86260900,6825.0,769.0,-736.0,6858.0,,18.03,23.19,46.63,230.44,194.51,True,False,True
2024-07-26,192.0,105379193,-30322.0,-5855.0,-1042.0,-37219.0,,15.61,20.66,40.54,231.73,191.42,True,False,True
2024-07-29,193.0,59992669,5579.0,1261.0,861.0,7701.0,,15.32,18.88,41.41,232.39,188.81,True,False,True
2024-07-30,196.0,56000732,-4.0,260.0,1943.0,2199.0,,18.84,18.87,44.04,232.36,187.04,True,False,True
2024-07-31,198.0,78102814,-1051.0,-529.0,-17.0,-1596.0,,23.48,20.4,45.79,231.84,185.76,True,True,True
2024-08-01,202.5,71018214,1391.0,1497.0,266.0,3154.0,,38.42,26.41,49.61,231.83,185.57,False,False,True
2024-08-02,186.5,180006074,-71406.0,-2188.0,-13093.0,-86687.0,,27.28,26.7,39.07,232.96,182.79,False,False,False
2024-08-05,168.0,235984497,-42963.0,-162.0,-15502.0,-58627.0,,18.18,23.86,30.9,236.08,175.02,False,False,False
2024-08-06,167.5,312722064,-36243.0,1192.0,-1076.0,-36127.0,,17.62,21.78,30.71,237.79,168.61,True,False,False
2024-08-07,170.5,172980115,-44626.0,1925.0,2357.0,-40343.0,,19.44,21.0,33.32,236.1,164.7,True,False,False
2024-08-08,163.5,175362627,-25877.0,-337.0,-2691.0,-28906.0,,15.52,19.17,30.44,234.56,160.04,True,False,False
2024-08-09,168.5,138560409,15599.0,1163.0,-1548.0,15213.0,,16.58,18.31,34.78,231.78,157.32,True,False,False
2024-08-12,176.0,116336000,3883.0,3427.0,1859.0,9169.0,,22.77,19.8,40.74,227.16,156.99,True,True,False
2024-08-13,181.0,117511594,-4869.0,2741.0,936.0,-1191.0,,30.57,23.39,44.39,223.85,156.8,False,False,False
2024-08-14,185.5,99284664,14246.0,1020.0,-1081.0,14185.0,,45.01,30.6,47.53,219.99,157.56,False,False,False
2024-08-15,181.0,85168990,-7789.0,-2438.0,-2409.0,-12636.0,,55.94,39.04,44.81,216.37,157.98,False,False,False
2024-08-16,184.0,73463052,6255.0,666.0,-2163.0,4758.0,,66.92,48.33,46.98,212.55,159.0,False,False,False
2024-08-19,187.0,58296324,6574.0,436.0,-8067.0,-1057.0,,76.71,57.79,49.15,210.3,159.55,False,False,False
2024-08-20,186.5,85359040,-11602.0,237.0,-3887.0,-15251.0,,79.47,65.02,48.79,207.81,160.29,False,False,False
2024-08-21,183.5,73330894,-3003.0,-1207.0,-13607.0,-17817.0,,75.45,68.5,46.6,207.03,160.17,False,False,False
2024-08-22,179.5,74784164,-16470.0,-2497.0,245.0,-18722.0,,63.97,66.99,43.78,204.41,160.59,False,False,False
2024-08-23,180.0,50027162,1861.0,-4215.0,-114.0,-2468.0,,53.07,62.35,44.24,203.36,160.44,False,False,False
2024-08-26,182.0,42914990,-2036.0,-813.0,-2.0,-2851.0,,49.96,58.22,46.11,202.17,160.53,False,False,False
2024-08-27,180.5,28579088,-9781.0,-1.0,162.0,-9620.0,,44.77,53.73,44.89,200.22,160.93,False,False,False
2024-08-28,185.5,60573731,770.0,-361.0,2315.0,2725.0,,51.72,53.06,49.67,197.99,161.91,False,False,False
2024-08-29,184.5,58392678,-8120.0,-624.0,-1137.0,-9881.0,,54.27,53.47,48.76,193.86,164.24,False,True,False
2024-08-30,184.5,55298840,2365.0,961.0,-156.0,3170.0,,55.97,54.3,48.76,193.57,164.33,False,False,False
2024-09-02,183.0,36343903,-183.0,-257.0,-925.0,-1366.0,,59.54,56.05,47.25,193.47,165.93,False,False,False
2024-09-03,185.0,52160276,21138.0,334.0,184.0,21656.0,,67.47,59.85,49.49,193.27,167.88,False,False,False
2024-09-04,179.5,126923199,-3786.0,222.0,-6461.0,-10025.0,,61.65,60.45,43.96,192.82,169.23,False,False,False
2024-09-05,175.0,77629690,-31942.0,151.0,-1623.0,-33414.0,,47.76,56.22,40.02,190.58,172.62,False,False,False
2024-09-06,176.5,39222622,4300.0,-887.0,-668.0,2745.0,,41.84,51.43,41.89,189.03,174.97,False,False,False
2024-09-09,172.0,68938987,-23517.0,-864.0,-1100.0,-25481.0,,30.93,44.59,38.06,189.72,173.88,False,False,False
2024-09-10,169.0,92555358,-9161.0,-3679.0,-1338.0,-14178.0,,23.18,37.46,35.71,190.97,171.43,False,False,False
2024-09-11,169.5,29538055,1213.0,537.0,-197.0,1553.0,,18.87,31.26,36.42,191.25,169.55,False,False,False
2024-09-12,177.5,53142993,21421.0,176.0,1996.0,23594.0,,29.68,30.73,46.5,191.15,169.3,True,False,False
2024-09-13,176.0,37100441,-5522.0,-226.0,-472.0,-6220.0,,34.31,31.93,45.06,190.75,168.9,False,True,False
2024-09-16,181.0,54484267,-928.0,1349.0,732.0,1152.0,,53.91,39.25,50.57,189.94,169.11,False,False,False
2024-09-18,174.0,78892097,-32733.0,-295.0,-6209.0,-39237.0,,50.88,43.13,43.93,189.05,168.75,False,False,False
2024-09-19,176.5,41818994,-1810.0,161.0,1582.0,-67.0,,54.61,46.96,46.62,188.51,168.59,False,False,False
2024-09-20,177.0,82199775,4771.0,2555.0,857.0,8183.0,,58.25,50.72,47.17,188.4,168.45,False,False,False
2024-09-23,180.0,30951518,5109.0,1186.0,860.0,7155.0,,67.57,56.34,50.45,188.4,168.45,False,False,False
2024-09-24,183.0,57714716,4765.0,1796.0,1978.0,8539.0,,76.08,62.92,53.56,188.54,168.41,False,False,False
2024-09-25,188.5,119878344,23313.0,5183.0,6462.0,34958.0,,79.42,68.42,58.67,189.87,167.88,False,False,False
2024-09-26,189.5,66162758,-3365.0,1495.0,725.0,-1146.0,,80.45,72.43,59.54,190.7,167.45,False,False,False
2024-09-27,191.0,69739488,12975.0,2513.0,1871.0,17359.0,,82.2,75.69,60.88,191.99,166.81,False,False,False
2024-09-30,187.5,64605410,-436.0,489.0,-1042.0,-989.0,,77.82,76.4,56.22,192.46,166.64,False,False,False
2024-10-01,187.0,36339680,-2756.0,88.0,-1985.0,-4652.0,,74.1,75.63,55.57,193.01,166.49,False,False,False
2024-10-04,194.0,118705879,17739.0,3904.0,3378.0,25021.0,,78.46,76.57,62.2,194.75,165.65,False,True,False
2024-10-07,197.5,84399003,-15286.0,2910.0,2242.0,-10134.0,,83.31,78.82,65.01,197.57,164.63,False,False,False
2024-10-08,194.0,56919495,-12009.0,533.0,-1825.0,-13301.0,,80.94,79.53,60.19,199.22,164.88,False,False,False
2024-10-09,199.0,84123315,31844.0,3763.0,706.0,36313.0,,84.99,81.35,64.27,201.71,164.64,False,False,False
2024-10-11,200.0,71856959,2635.0,3027.0,1145.0,6808.0,,85.96,82.89,65.04,203.77,165.38,False,False,False
2024-10-14,199.0,36897701,-6397.0,1682.0,260.0,-4455.0,,84.58,83.45,63.56,204.83,167.32,False,False,False
2024-10-15,207.0,129198222,54479.0,3730.0,1323.0,59532.0,,88.96,85.29,69.52,207.22,168.68,False,False,False
2024-10-16,205.0,99708717,-4022.0,2190.0,1588.0,-243.0,,88.85,86.47,66.59,209.36,169.29,False,False,False
2024-10-17,208.5,66198561,15884.0,1306.0,2255.0,19445.0,,91.77,88.24,69.05,211.7,170.2,False,False,False
2024-10-18,207.5,107497437,1642.0,2078.0,2724.0,6445.0,,87.65,88.05,67.52,213.72,170.83,False,False,True
2024-10-21,210.0,59461934,-5076.0,2582.0,904.0,-1590.0,,85.79,87.29,69.35,215.1,173.05,False,False,True
2024-10-22,215.5,94132714,27937.0,4411.0,1669.0,34017.0,,89.67,88.08,72.96,217.42,174.63,False,True,True
2024-10-23,216.0,51836095,-2699.0,923.0,-477.0,-2253.0,,91.49,89.22,73.27,219.17,176.78,False,False,True
2024-10-24,211.5,80712284,5229.0,381.0,-2103.0,3507.0,,85.38,87.94,65.98,219.79,179.31,False,False,True
2024-10-25,216.0,49896574,14619.0,121.0,-316.0,14424.0,,88.23,88.04,69.27,221.13,181.27,False,True,True
2024-10-28,215.0,96697162,4796.0,978.0,81.0,5854.0,,80.12,85.4,67.7,222.43,182.62,False,False,True
2024-10-29,209.5,87991240,-1355.0,1366.0,-3767.0,-3755.0,,63.89,78.23,59.7,222.67,184.38,False,False,True
2024-10-30,211.5,68400059,11867.0,917.0,-635.0,12149.0,,52.94,69.8,61.48,223.05,186.05,False,False,True
2024-11-01,208.0,89610123,-20921.0,818.0,-1806.0,-21909.0,,46.12,61.91,56.75,222.28,188.87,False,False,True
2024-11-04,214.0,58094813,14696.0,1392.0,-165.0,15923.0,,51.58,58.47,62.13,221.55,192.3,False,False,True
2024-11-05,214.0,43852449,-4531.0,961.0,-1357.0,-4926.0,,55.22,57.38,62.13,221.53,194.32,False,False,True
2024-11-06,213.5,67838254,891.0,980.0,-918.0,953.0,,56.81,57.19,61.39,221.61,195.84,False,False,True
2024-11-07,217.0,77417403,20507.0,1299.0,1997.0,23803.0,,63.71,59.37,64.57,221.24,198.51,False,True,True
2024-11-08,218.0,54800994,7863.0,602.0,229.0,8694.0,,69.97,62.9,65.44,221.52,200.13,False,False,True
2024-11-11,220.0,42180625,3823.0,147.0,58.0,4029.0,,79.98,68.6,67.18,221.98,201.67,False,False,True
2024-11-12,214.0,69315077,-10969.0,447.0,-2711.0,-13233.0,,75.84,71.01,57.77,220.77,204.38,False,False,True
2024-11-13,214.5,55926693,-16615.0,398.0,-75.0,-16293.0,,73.99,72.0,58.29,220.75,205.15,False,False,True
2024-11-14,211.5,72322171,-8712.0,-635.0,-376.0,-9722.0,,59.05,67.68,53.96,220.17,206.38,False,False,True
2024-11-15,207.0,102463857,-28106.0,-939.0,-1958.0,-31003.0,,41.75,59.04,48.18,220.34,206.06,False,False,True
2024-11-18,202.5,61852042,-4937.0,-723.0,-1605.0,-7264.0,,28.76,48.94,43.2,221.2,204.7,False,False,True
2024-11-19,203.5,60416837,-16775.0,1138.0,1538.0,-14099.0,,23.56,40.48,44.57,221.82,203.43,False,False,True
2024-11-20,206.0,44351353,-4981.0,460.0,548.0,-3974.0,,24.48,35.15,47.95,221.69,202.61,False,False,True
2024-11-21,202.5,50295948,-20960.0,41.0,526.0,-20394.0,,18.95,29.75,43.91,221.75,201.2,False,False,True
2024-11-22,203.0,37504512,-9020.0,-3139.0,695.0,-11463.0,,16.44,25.31,44.63,222.0,200.1,True,False,True
2024-11-25,210.5,80800240,18144.0,223.0,327.0,18694.0,,31.39,27.34,54.12,221.48,200.07,True,True,True
2024-11-26,202.5,95313693,-55556.0,-1431.0,-1204.0,-58191.0,,24.38,26.35,45.22,221.27,199.03,False,False,True
2024-11-27,196.5,96019881,-22982.0,-1395.0,-3100.0,-27477.0,,16.25,22.98,39.91,222.19,196.81,False,False,False
2024-11-28,195.5,58511555,-4257.0,382.0,-287.0,-4163.0,,15.6,20.52,39.09,222.8,194.6,True,False,False
2024-11-29,195.5,50800936,-12071.0,34.0,494.0,-11543.0,,15.95,19.0,39.09,223.36,192.79,True,False,False
2024-12-02,196.0,47905269,-5337.0,-7771.0,-1138.0,-14245.0,,17.12,18.37,39.81,223.1,191.25,True,False,False
2024-12-03,196.5,52170125,-12590.0,-5339.0,1382.0,-16547.0,,18.82,18.52,40.57,222.56,190.04,True,True,False
2024-12-04,201.0,50379504,5246.0,-1296.0,241.0,4191.0,,28.29,21.78,47.02,221.73,189.62,True,False,True
2024-12-05,199.0,46475440,-16306.0,-449.0,-1291.0,-18046.0,,30.89,24.82,44.7,220.16,189.39,False,False,True
2024-12-06,198.0,47526532,3179.0,-10138.0,443.0,-6516.0,,33.24,27.62,43.54,218.11,189.44,False,False,False
2024-12-09,195.0,41114306,-8862.0,-8927.0,-83.0,-17873.0,,29.74,28.33,40.18,215.16,189.89,False,False,False
2024-12-10,192.0,58994150,-20450.0,-3937.0,-842.0,-25229.0,,19.82,25.49,37.09,213.68,189.17,False,False,False
2024-12-11,189.0,66246732,-10445.0,-8263.0,-2060.0,-20767.0,,13.22,21.4,34.26,211.97,188.33,True,False,False
2024-12-12,188.5,50634757,-8137.0,-8548.0,-653.0,-17338.0,,8.81,17.2,33.79,210.65,187.35,True,False,False
2024-12-13,186.5,55417050,-13379.0,-8535.0,-420.0,-22334.0,,7.73,14.04,31.93,210.25,185.7,True,False,False
2024-12-16,182.0,75228642,944.0,-6118.0,-1989.0,-7164.0,,5.91,11.33,28.18,210.94,182.96,True,False,False
2024-12-17,183.0,55667607,-17957.0,-2568.0,247.0,-20277.0,,6.9,9.86,30.14,210.86,180.99,True,False,False
2024-12-18,184.5,47937386,-1266.0,-853.0,-2649.0,-4768.0,,10.29,10.0,33.1,209.83,179.87,True,True,False
2024-12-19,181.0,65029900,-27845.0,-2090.0,341.0,-29594.0,,10.19,10.07,29.92,209.51,178.04,True,False,False
2024-12-20,181.0,56744328,-8276.0,-4544.0,595.0,-12224.0,,10.96,10.36,29.92,208.77,176.58,True,False,False
2024-12-23,185.5,52761423,-574.0,-3135.0,1953.0,-1755.0,,21.75,14.16,38.71,205.44,177.41,True,False,False
2024-12-24,185.5,33589660,-7474.0,-4110.0,233.0,-11351.0,,29.98,19.43,38.71,203.8,177.35,False,False,False
2024-12-25,186.5,21758176,-586.0,-3320.0,706.0,-3200.0,,43.8,27.55,40.63,203.11,177.04,False,False,False
2024-12-26,187.5,36347153,-565.0,-5034.0,160.0,-5439.0,,56.18,37.1,42.57,202.5,176.85,False,False,False
2024-12-27,186.5,22136195,-5457.0,-1500.0,-225.0,-7182.0,,62.45,45.55,41.12,201.82,176.63,False,False,False
2024-12-30,185.0,24531536,-1788.0,-353.0,-323.0,-2464.0,,61.64,50.91,38.99,200.98,176.37,False,False,False
2024-12-31,184.0,22003451,-7408.0,-1037.0,-332.0,-8777.0,,57.76,53.19,37.58,199.94,176.16,False,False,False
2025-01-02,182.5,41467354,-11791.0,-1927.0,-676.0,-14394.0,,47.76,51.38,35.52,197.57,176.68,False,False,False
2025-01-03,181.0,48659205,-10665.0,-811.0,630.0,-10846.0,,33.8,45.52,33.53,195.38,177.07,False,False,False
2025-01-06,184.5,67829021,-5939.0,374.0,588.0,-4977.0,,38.22,43.09,41.72,192.85,178.25,False,False,False
2025-01-07,190.0,83019294,9614.0,6.0,1019.0,10639.0,,53.02,46.4,51.76,191.5,179.1,False,True,False
2025-01-08,188.0,41798818,-11258.0,-291.0,-282.0,-11832.0,,57.08,49.96,48.49,190.61,179.59,False,False,False
2025-01-09,183.0,47079538,-8636.0,-350.0,-1221.0,-10207.0,,45.3,48.41,41.43,190.07,179.53,False,False,False
2025-01-10,181.5,42317494,-22279.0,-248.0,427.0,-22100.0,,33.1,43.31,39.57,189.61,179.29,False,False,False
2025-01-13,171.5,157188534,-72079.0,-376.0,-3239.0,-75693.0,,22.07,36.23,29.93,191.36,176.04,False,False,False
2025-01-14,174.5,64355673,-12068.0,-852.0,-282.0,-13202.0,,20.27,30.91,35.04,192.0,174.65,False,False,False
2025-01-15,171.0,60432737,-17719.0,73.0,133.0,-17512.0,,13.51,25.11,32.1,193.01,172.44,False,False,False
2025-01-16,173.5,42128703,-1493.0,-1562.0,1736.0,-1319.0,,12.98,21.06,36.22,193.21,171.14,True,False,False
2025-01-17,173.5,47442329,-6589.0,-547.0,482.0,-6653.0,,12.62,18.25,36.22,193.49,170.11,True,False,False
2025-01-20,178.0,35167919,7417.0,-530.0,552.0,7439.0,,20.69,19.06,43.39,193.46,169.84,True,True,False
2025-01-21,178.5,32613034,21.0,-957.0,-54.0,-990.0,,28.5,22.21,44.15,193.04,169.56,False,False,False
2025-01-22,180.0,44375092,1277.0,-353.0,1337.0,2261.0,,42.08,28.83,46.44,192.61,169.44,False,False,False
2025-02-03,165.5,168103694,-95640.0,-6725.0,-1591.0,-103957.0,,31.86,29.84,32.52,193.17,166.78,False,False,False
2025-02-04,165.0,68458788,-29725.0,-637.0,85.0,-30276.0,,24.1,27.93,32.16,193.13,164.57,False,False,False
2025-02-05,171.0,53304973,16933.0,-214.0,-306.0,16413.0,,30.35,28.74,40.61,192.29,163.86,False,True,False
2025-02-06,173.0,41060652,-5532.0,-537.0,187.0,-5883.0,,38.33,31.93,43.15,191.47,163.48,False,False,False
2025-02-07,178.0,52118210,17779.0,-2137.0,638.0,16280.0,,53.17,39.01,49.03,190.84,163.51,False,False,False
2025-02-10,174.0,37723196,-14763.0,72.0,-607.0,-15298.0,,55.45,44.49,45.02,190.24,163.26,False,False,False
2025-02-11,179.0,71048641,20891.0,-128.0,233.0,20996.0,,64.89,51.29,50.47,190.04,163.26,False,False,False
2025-02-12,177.0,42666219,-11389.0,-899.0,-29.0,-12318.0,,67.59,56.72,48.4,189.15,163.4,False,False,False
2025-02-13,180.0,40596733,-769.0,43.0,1740.0,1014.0,,74.79,62.74,51.61,187.09,164.46,False,False,False
2025-02-14,178.0,26925038,-5015.0,233.0,-50.0,-4832.0,,75.35,66.95,49.4,185.1,165.45,False,False,False
2025-02-17,182.5,47251327,24705.0,-73.0,802.0,25434.0,,83.57,72.49,54.14,184.99,165.51,False,False,False
2025-02-18,183.5,27184244,-531.0,-879.0,-296.0,-1705.0,,87.76,77.58,55.15,185.4,165.3,False,False,False
2025-02-19,183.0,35389548,97.0,-853.0,-780.0,-1536.0,,87.08,80.74,54.51,186.35,165.5,False,False,False
2025-02-20,182.0,23659372,-3636.0,27.0,79.0,-3530.0,,83.45,81.65,53.17,187.05,165.55,False,False,False
2025-02-21,183.0,35359340,-1691.0,-140.0,276.0,-1555.0,,83.08,82.13,54.37,187.74,166.06,False,False,False
2025-02-24,184.0,27928907,3091.0,182.0,423.0,3696.0,,86.5,83.58,55.6,188.59,166.26,False,False,False
2025-02-25,177.5,70811787,-37791.0,251.0,-211.0,-37751.0,,59.89,75.69,46.78,188.63,166.62,False,False,False
2025-02-26,180.5,45145771,-2803.0,380.0,934.0,-1489.0,,59.93,70.43,50.67,188.83,166.67,False,False,False
2025-02-27,174.0,81509723,-29666.0,40.0,-1068.0,-30694.0,,39.95,60.27,43.28,188.72,166.33,False,False,False
2025-03-03,170.0,70556492,-33935.0,1654.0,601.0,-31679.0,,26.63,49.06,39.47,188.64,165.41,False,False,False
2025-03-04,170.5,71127819,-22810.0,645.0,475.0,-21690.0,,27.16,41.76,40.18,188.03,166.52,False,False,False
2025-03-05,173.5,45364409,-1178.0,144.0,461.0,-573.0,,33.02,38.84,44.39,186.99,168.41,False,False,False
2025-03-06,173.5,28989951,-3769.0,549.0,-490.0,-3710.0,,36.92,38.2,44.39,186.79,168.86,False,False,False
2025-03-07,172.0,32530175,-5541.0,632.0,-430.0,-5339.0,,36.9,37.77,42.65,186.87,168.68,False,False,False
2025-03-10,172.0,36673846,-1571.0,719.0,-1097.0,-1949.0,,38.32,37.95,42.65,186.93,168.02,False,True,False
2025-03-11,168.5,69729259,-24900.0,714.0,-1788.0,-25975.0,,32.62,36.18,38.56,187.37,167.03,False,False,False
2025-03-12,170.5,41085436,45.0,845.0,-400.0,490.0,,32.86,35.07,41.98,187.33,166.22,False,False,False
2025-03-13,168.0,35310891,-4571.0,368.0,-40.0,-4242.0,,31.0,33.71,39.05,187.58,165.07,False,False,False
2025-03-14,170.0,33052530,860.0,466.0,2033.0,3360.0,,35.82,34.41,42.51,187.28,164.37,False,True,False
2025-03-17,168.0,50999196,-21151.0,299.0,-298.0,-21150.0,,32.97,33.93,40.06,187.25,163.4,False,False,False
2025-03-18,167.5,40404616,-16851.0,12.0,399.0,-16440.0,,29.55,32.47,39.45,186.48,162.67,False,False,False
2025-03-19,164.0,80802409,-34721.0,167.0,-1014.0,-35568.0,,21.22,28.72,35.38,185.62,161.58,False,False,False
2025-03-20,166.0,37221459,-4994.0,-545.0,1151.0,-4388.0,,22.08,26.51,39.24,184.37,161.13,False,False,False
2025-03-21,165.0,55445821,-7441.0,-1923.0,-177.0,-9541.0,,19.48,24.17,38.02,183.16,160.64,False,False,False
2025-03-24,163.0,42919426,-14982.0,365.0,-229.0,-14845.0,,12.99,20.44,35.63,181.54,160.26,True,False,False
2025-03-25,165.0,34677689,2585.0,307.0,428.0,3320.0,,14.72,18.53,39.71,178.93,160.97,True,False,False
2025-03-26,166.0,19840998,73.0,794.0,329.0,1195.0,,20.34,19.14,41.7,177.77,160.98,True,True,False
2025-03-27,160.5,68898389,-33805.0,449.0,-234.0,-33590.0,,14.89,17.72,34.88,175.91,160.84,False,False,False
2025-03-28,154.0,111580460,-23361.0,-1041.0,-1391.0,-25793.0,,11.95,15.8,28.87,176.83,157.92,True,False,False
2025-03-31,146.0,130858564,4219.0,654.0,-5073.0,-200.0,,9.45,13.68,23.5,179.52,152.83,True,False,False
2025-04-01,152.0,61385394,852.0,496.0,606.0,1954.0,,16.9,14.76,33.49,179.84,150.66,True,True,False
2025-04-02,153.5,38868764,-1103.0,127.0,-78.0,-1053.0,,24.15,17.89,35.75,179.2,149.3,True,False,False
2025-04-07,138.5,30755604,12323.0,0.0,-1639.0,10684.0,,16.1,17.29,26.17,180.72,144.28,False,False,False
2025-04-08,125.0,308542896,-25969.0,-234.0,832.0,-25371.0,,10.73,15.1,20.78,184.36,135.94,True,False,False
2025-04-09,112.5,366032118,-28943.0,-3844.0,448.0,-32339.0,,7.16,12.45,17.24,188.75,125.6,True,False,False
2025-04-10,123.5,36901188,-15278.0,-219.0,406.0,-15092.0,,11.89,12.27,28.75,189.39,120.46,True,False,False
2025-04-11,134.5,297865611,45892.0,1217.0,-764.0,46345.0,,23.87,16.13,38.03,187.92,118.33,True,True,False
2025-04-14,138.5,214264335,-4273.0,588.0,-3684.0,-7370.0,,36.55,22.94,41.04,186.29,117.01,False,False,False
2025-04-15,139.5,86203486,-16828.0,2712.0,879.0,-13237.0,,45.79,30.56,41.8,184.04,116.21,False,False,False
2025-04-16,136.0,61680512,-2795.0,59.0,-1596.0,-4332.0,,49.18,36.76,39.86,181.91,115.14,False,False,False
2025-04-17,134.5,64431249,4650.0,74.0,-280.0,4444.0,,55.35,42.96,39.03,179.56,114.19,False,False,False
2025-04-18,135.5,26363008,-864.0,212.0,-466.0,-1118.0,,60.49,48.8,39.93,177.47,113.43,False,False,False
2025-04-21,136.5,32102734,12459.0,147.0,39.0,12645.0,,64.94,54.18,40.87,174.7,113.25,False,False,False
2025-04-22,132.0,44476006,-8557.0,890.0,-137.0,-7804.0,,61.15,56.51,37.98,171.82,112.83,False,False,False
2025-04-23,139.0,65973272,14433.0,-87.0,2481.0,16827.0,,66.96,59.99,44.55,168.98,113.27,False,False,False
2025-04-24,136.5,46353045,-10036.0,538.0,-313.0,-9811.0,,56.98,58.99,42.81,165.24,114.16,False,False,False
2025-04-25,139.0,57201568,10608.0,3277.0,672.0,14557.0,,64.31,60.76,45.12,160.69,116.01,False,True,False
2025-04-28,142.5,47321711,4905.0,4502.0,621.0,10028.0,,73.43,64.98,48.28,157.34,117.56,False,False,False
2025-04-29,143.0,40351039,349.0,1855.0,-336.0,1868.0,,80.9,70.29,48.73,155.43,118.37,False,False,False
2025-04-30,141.5,42090535,-224.0,1215.0,-1653.0,-662.0,,80.6,73.72,47.39,154.84,118.51,False,False,False
2025-05-02,147.5,60280797,21908.0,3755.0,-86.0,25577.0,,86.05,77.83,52.97,153.92,118.98,False,False,False
2025-05-05,142.5,66798494,2736.0,1953.0,-3995.0,694.0,,78.32,78.0,48.36,151.72,120.08,False,False,False
2025-05-06,146.0,53330985,14124.0,-217.0,-2257.0,11650.0,,78.14,78.04,51.54,152.7,119.85,False,False,False
2025-05-07,145.0,43382455,360.0,-165.0,-2396.0,-2201.0,,75.55,77.21,50.58,153.24,121.31,False,False,False
2025-05-08,146.0,29519952,5488.0,-126.0,-270.0,5093.0,,74.18,76.2,51.55,150.35,127.55,False,False,False
2025-05-09,147.0,30063441,4053.0,183.0,-819.0,3417.0,,75.38,75.93,52.55,149.48,130.77,False,False,False
2025-05-12,153.0,59409981,14530.0,1270.0,156.0,15955.0,,83.58,78.48,58.15,151.64,130.46,False,True,False
2025-05-13,158.0,95098747,-4656.0,4502.0,280.0,126.0,,83.22,80.06,62.15,154.96,129.09,False,False,False
2025-05-14,163.0,71682968,14952.0,699.0,2385.0,18036.0,,88.82,82.98,65.68,159.1,127.3,False,False,False
2025-05-15,159.5,71845843,-17430.0,99.0,-1613.0,-18944.0,,86.99,84.32,61.36,161.46,127.29,False,False,False
2025-05-16,158.0,34670607,-2711.0,302.0,-962.0,-3371.0,,83.39,84.01,59.56,163.0,128.1,False,False,False
2025-05-19,154.0,53345121,2988.0,-3188.0,-712.0,-912.0,,73.54,80.52,54.91,163.64,129.31,False,False,False
2025-05-20,154.0,41647356,-8041.0,-887.0,-40.0,-8968.0,,66.14,75.73,54.91,164.16,130.54,False,False,False
2025-05-21,155.0,29698374,1476.0,132.0,-65.0,1543.0,,62.19,71.22,55.91,163.98,133.02,False,False,False
2025-05-22,153.0,37074612,-4602.0,-1014.0,-874.0,-6490.0,,51.81,64.75,53.36,164.13,134.27,False,False,False
2025-05-23,154.0,22518013,-2359.0,-593.0,-535.0,-3488.0,,41.78,57.09,54.48,163.88,136.27,False,False,False
2025-05-26,153.0,28992215,7116.0,-152.0,-3344.0,3620.0,,33.41,49.2,53.11,163.6,137.95,False,False,False
2025-05-27,152.0,27594038,368.0,-101.0,-3187.0,-2920.0,,25.05,41.15,51.72,163.47,139.03,False,False,False
2025-05-28,152.0,31758614,-725.0,-945.0,-411.0,-2080.0,,20.62,34.31,51.72,163.29,140.11,False,False,False
2025-05-29,156.0,91749249,-52.0,2659.0,436.0,3043.0,,35.97,34.86,56.97,163.11,141.74,False,True,False
2025-06-02,152.5,55748448,-21666.0,-614.0,-972.0,-23251.0,,30.65,33.46,51.67,163.1,142.25,False,False,False
2025-06-03,151.5,38422320,-6529.0,-13.0,-287.0,-6829.0,,22.81,29.91,50.23,162.42,143.83,False,False,False
2025-06-04,156.0,39837003,6558.0,411.0,655.0,7623.0,,39.02,32.95,56.14,162.37,144.88,False,True,False
2025-06-05,155.5,34529119,126.0,-91.0,-310.0,-275.0,,47.44,37.78,55.36,161.92,146.38,False,False,False
2025-06-06,153.0,24170636,-10466.0,-103.0,222.0,-10347.0,,41.15,38.9,51.47,161.29,147.71,False,False,False
2025-06-09,154.5,18474613,-85.0,-475.0,326.0,-234.0,,44.1,40.63,53.58,160.68,149.07,False,False,False
2025-06-10,155.5,33025153,-5975.0,-529.0,812.0,-5693.0,,50.83,44.03,54.98,160.74,149.26,False,False,False
2025-06-11,156.0,27402761,473.0,-2136.0,747.0,-916.0,,57.7,48.59,55.7,160.49,149.31,False,False,False
2025-06-12,157.5,33551155,7297.0,-2207.0,346.0,5436.0,,69.42,55.53,57.88,158.93,150.32,False,False,False
2025-06-13,156.5,37530090,2948.0,94.0,-1304.0,1738.0,,70.09,60.38,55.91,158.24,150.71,False,False,False
2025-06-16,155.0,21896497,601.0,-2774.0,185.0,-1988.0,,58.85,59.87,52.99,157.72,150.93,False,False,False
2025-06-17,155.0,25564725,-1901.0,-149.0,-73.0,-2123.0,,51.35,57.03,52.99,157.78,150.97,False,False,False
2025-06-18,156.0,38500036,2635.0,-2001.0,1555.0,2190.0,,52.42,55.49,54.81,157.95,151.0,False,False,False
2025-06-19,154.0,20674399,-7667.0,-132.0,415.0,-7385.0,,34.94,48.64,50.59,157.89,150.96,False,False,False
2025-06-20,155.5,60372534,-9289.0,12281.0,60.0,3052.0,,38.45,45.24,53.48,157.98,151.12,False,False,False
2025-06-23,156.0,49297718,-13558.0,6305.0,693.0,-6560.0,,46.14,45.54,54.44,158.13,151.17,False,True,False
2025-06-24,160.5,67130349,607.0,9124.0,2200.0,11931.0,,59.1,50.06,62.03,159.29,150.76,False,False,False
2025-06-25,162.0,48758589,-8194.0,8427.0,974.0,1208.0,,72.73,57.62,64.17,160.57,150.48,False,False,True
2025-06-26,163.0,65708560,-10901.0,7557.0,1585.0,-1759.0,,79.04,64.76,65.56,161.84,150.31,False,False,True
2025-06-27,165.0,75664710,17987.0,3970.0,-3439.0,18518.0,,84.79,71.44,68.23,163.54,149.51,False,False,True
2025-06-30,161.0,62308280,-25425.0,1243.0,179.0,-24003.0,,77.22,73.36,58.48,163.97,149.93,False,False,True
2025-07-01,165.5,103158692,18323.0,26957.0,2649.0,47929.0,,82.51,76.41,64.61,165.16,150.14,False,False,True
2025-07-02,162.0,66421265,-6437.0,1300.0,-3749.0,-8886.0,,78.0,76.94,57.5,165.65,150.25,False,False,True
2025-07-03,164.0,46192607,13534.0,-266.0,-789.0,12479.0,,79.58,77.82,60.2,166.44,150.31,False,False,True
2025-07-04,161.0,27987146,2903.0,43.0,-687.0,2259.0,,66.02,73.89,54.61,166.5,151.05,False,False,True
2025-07-07,161.0,24255997,3104.0,-557.0,124.0,2671.0,,51.16,66.31,54.61,166.62,151.58,False,False,True
2025-07-08,159.0,30781568,1199.0,-358.0,353.0,1194.0,,36.19,56.27,50.95,166.6,151.95,False,False,True
2025-07-09,161.0,29446200,3814.0,-12.0,22.0,3823.0,,34.54,49.03,54.25,166.72,152.33,False,False,True
2025-07-10,161.5,31990223,7784.0,-448.0,-353.0,6983.0,,35.53,44.53,55.06,166.9,152.55,False,False,True
2025-07-11,161.5,21551645,4048.0,-658.0,-81.0,3309.0,,37.02,42.02,55.06,167.03,152.92,False,False,True
2025-07-14,160.5,18862970,362.0,-126.0,-341.0,-105.0,,35.79,39.95,52.88,166.9,153.6,False,False,True
2025-07-15,163.0,20779193,6613.0,-235.0,1.0,6379.0,,48.86,42.92,57.42,166.93,154.37,False,True,True
2025-07-16,162.5,25282174,-485.0,113.0,409.0,37.0,,54.8,46.88,56.26,166.9,155.05,False,False,True
2025-07-17,164.0,20679892,3904.0,221.0,265.0,4391.0,,69.86,54.54,58.95,166.55,156.4,False,False,True
2025-07-18,165.5,35368360,5259.0,377.0,1876.0,7512.0,,77.69,62.26,61.51,166.51,157.44,False,False,True
2025-07-21,165.0,17115644,-1472.0,14.0,-133.0,-1591.0,,78.46,67.66,60.17,166.18,158.67,False,False,True
2025-07-22,162.0,39452683,4994.0,333.0,1044.0,6371.0,,62.56,65.96,52.72,166.16,158.84,False,False,True
2025-07-23,166.0,51058093,18389.0,1545.0,2994.0,22928.0,,72.48,68.13,59.85,166.67,158.73,False,True,True
2025-07-24,174.0,127736383,58942.0,923.0,2474.0,62339.0,,81.65,72.64,69.7,169.68,156.82,False,False,True
2025-07-25,174.5,57244442,3064.0,1008.0,-1485.0,2587.0,,85.62,76.96,70.2,171.87,155.58,False,False,True
2025-07-28,176.0,55666706,3795.0,58.0,1068.0,4922.0,,86.37,80.1,71.68,174.18,154.77,False,False,True
2025-07-29,171.5,49613588,-2714.0,-1667.0,566.0,-3815.0,-1.16,77.78,79.33,61.74,174.97,154.58,False,False,True
2025-07-30,0.0,0,,,,,0.0,51.86,70.17,9.22,231.12,82.23,False,False,False
2025-07-31,178.0,90529600,26359.0,-762.0,1329.0,26926.0,1.17,67.72,69.35,53.47,232.37,82.38,False,False,True
2025-08-01,181.5,65361707,10578.0,1832.0,1236.0,13646.0,-0.31,78.48,72.39,53.94,234.16,82.64,False,True,True
2025-08-04,180.0,44503796,-4277.0,453.0,-1124.0,-4949.0,-0.15,85.38,76.72,53.69,235.72,82.98,False,False,True
2025-08-05,184.5,52169907,13360.0,837.0,440.0,14637.0,-0.34,90.16,81.2,54.38,237.82,83.43,False,False,True
2025-08-06,186.0,68868790,10903.0,1161.0,129.0,12193.0,-0.13,93.0,85.13,54.62,239.9,83.85,False,False,True
2025-08-07,194.5,119398749,42856.0,2490.0,1936.0,47282.0,-0.69,95.25,88.5,56.05,242.9,84.15,False,False,True
2025-08-08,194.5,65469369,1800.0,653.0,-571.0,1882.0,0.17,96.41,91.14,56.05,245.74,84.61,False,False,True
2025-08-11,198.0,52291064,17450.0,1027.0,3176.0,21653.0,0.09,97.61,93.29,56.7,248.89,85.21,False,False,True
2025-08-12,197.0,38689326,393.0,1671.0,653.0,2717.0,0.29,95.63,94.07,56.45,251.64,85.86,False,False,True
2025-08-13,198.5,103356675,36794.0,-1443.0,-97.0,35254.0,0.02,96.39,94.84,56.76,254.43,86.67,False,False,True
2025-08-14,199.5,78943020,28433.0,4254.0,3983.0,36670.0,1.13,96.82,95.5,56.99,257.12,87.53,False,False,True
2025-08-15,207.0,156672765,75826.0,3151.0,-845.0,78132.0,-0.4,96.6,95.87,58.72,260.51,88.29,False,False,True
2025-08-18,210.0,73566364,25386.0,3184.0,-933.0,27637.0,0.19,97.73,96.49,59.43,264.07,89.23,False,False,True
2025-08-19,208.0,49978122,4012.0,731.0,-615.0,4128.0,-0.7,92.43,95.13,58.71,267.16,90.74,False,False,True
2025-08-20,200.5,124219182,19781.0,391.0,1528.0,21700.0,-0.84,75.29,88.52,55.97,269.17,92.18,False,False,True
2025-08-21,206.0,67845018,17568.0,1713.0,898.0,20178.0,1.64,73.27,83.44,57.53,271.41,93.14,False,False,True
2025-08-22,202.5,54944456,6693.0,96.0,-189.0,6600.0,0.2,65.06,77.31,56.17,273.18,94.17,False,False,True
2025-08-25,207.5,52074373,17541.0,718.0,421.0,18680.0,-0.64,68.6,74.41,57.71,275.29,95.21,False,False,True
2025-08-26,209.0,42252559,8238.0,-132.0,458.0,8564.0,0.54,72.4,73.74,58.19,277.52,96.73,False,False,True
2025-08-27,208.0,41852802,-5063.0,-1188.0,1469.0,-4782.0,-0.59,70.49,72.66,57.72,218.41,176.64,False,False,True
2025-08-28,206.0,48681221,14107.0,-1392.0,-695.0,12019.0,-1.16,63.66,69.66,56.74,217.98,179.87,False,False,True
2025-08-29,203.5,55250195,6944.0,-7083.0,-687.0,-826.0,-0.09,52.16,63.83,55.47,217.3,182.75,False,False,True
2025-09-01,198.5,70459817,12494.0,-345.0,-273.0,11876.0,-0.82,38.62,55.42,52.93,215.47,186.43,False,False,True
2025-09-02,198.5,35779045,4757.0,355.0,35.0,5147.0,-0.43,29.59,46.81,52.93,214.02,189.28,False,False,True
2025-09-03,200.5,34371962,8544.0,52.0,331.0,8926.0,0.57,28.7,40.78,53.91,212.35,192.4,False,False,True
2025-09-04,203.0,41864177,9462.0,-464.0,-22.0,8976.0,2.34,34.52,38.69,55.17,212.06,193.54,False,False,True
2025-09-05,205.0,39235404,17085.0,-355.0,468.0,17199.0,0.38,43.53,40.3,56.2,211.76,194.89,False,True,True
2025-09-08,203.5,45711589,835.0,-994.0,-330.0,-489.0,-1.69,45.68,42.1,55.17,211.66,195.54,False,False,True
2025-09-09,207.5,64990917,33473.0,725.0,114.0,34312.0,-0.83,62.27,48.82,57.4,211.73,196.52,False,False,True
2025-09-10,210.0,86104648,42860.0,-34.0,-108.0,42718.0,1.01,72.47,56.7,58.78,212.25,197.15,False,False,True
2025-09-11,214.5,133210297,70509.0,-1193.0,218.0,69534.0,1.26,78.23,63.88,61.22,213.77,197.13,False,False,True
2025-09-12,217.5,74001120,27785.0,-278.0,286.0,27793.0,0.38,83.93,70.56,62.8,215.88,196.07,False,False,True
2025-09-15,216.0,56651315,5727.0,18.0,567.0,6312.0,-1.12,85.41,75.51,61.45,217.02,195.53,False,False,True
2025-09-16,215.5,50810161,1653.0,5513.0,-802.0,6364.0,-0.41,84.22,78.41,60.98,218.14,195.16,False,False,True
2025-09-17,212.0,57358177,241.0,-257.0,-1507.0,-1523.0,-1.81,76.35,77.72,57.66,218.57,195.88,False,False,True
2025-09-18,215.0,80554452,25383.0,-3174.0,1919.0,24128.0,0.07,77.16,77.54,59.69,219.52,195.83,False,False,True
2025-09-19,214.0,60640765,9614.0,225.0,403.0,10242.0,-0.08,74.43,76.5,58.68,220.16,196.34,False,False,True
2025-09-22,216.0,34758075,11700.0,-672.0,1148.0,12175.0,0.12,75.02,76.01,60.13,221.06,196.29,False,False,True
2025-09-23,221.0,106127922,50423.0,2428.0,2437.0,55288.0,2.24,80.96,77.66,63.57,222.84,195.71,False,True,True
2025-09-24,223.0,66406960,13795.0,2198.0,880.0,16873.0,3.17,87.31,80.87,64.88,224.89,195.16,False,False,True
2025-09-25,230.0,126590277,53087.0,8036.0,4405.0,65529.0,2.81,90.09,83.95,69.06,228.41,194.04,False,False,True
2025-09-26,219.5,122225692,-28649.0,6833.0,-348.0,-22165.0,-2.54,76.73,81.54,57.92,229.19,194.86,False,False,True
2025-09-30,216.0,92277798,-8797.0,1073.0,24.0,-7699.0,-2.74,62.75,75.27,54.75,228.91,196.89,False,False,True
2025-10-01,219.0,58600187,11736.0,1921.0,936.0,14593.0,-0.92,57.77,69.44,56.93,228.62,199.23,False,False,True
2025-10-02,225.5,73884573,27157.0,3158.0,1711.0,32026.0,3.31,61.06,66.65,61.27,229.3,201.05,False,False,True
2025-10-03,226.5,52446781,14697.0,-259.0,1043.0,15482.0,-0.0,65.22,66.17,61.91,230.12,202.58,False,False,True
2025-10-07,228.5,66127414,-3887.0,-512.0,368.0,-4031.0,-1.73,70.56,67.64,63.21,231.23,203.82,False,True,True
2025-10-08,225.0,50104069,-6833.0,-274.0,-1243.0,-8351.0,-0.68,66.83,67.37,59.38,230.98,206.22,False,False,True
2025-10-09,221.5,56700891,-8488.0,-1308.0,308.0,-9488.0,-0.45,57.06,63.93,55.75,230.57,208.03,False,False,True
2025-10-13,213.0,111260942,-18994.0,-23.0,-212.0,-19229.0,-1.8,42.69,56.85,48.05,230.27,208.63,False,False,True
2025-10-14,206.0,108702039,-13897.0,-2381.0,-2049.0,-18328.0,-0.18,29.72,47.81,42.81,231.24,206.81,False,False,True
2025-10-15,206.5,65964764,-6154.0,-4718.0,2070.0,-8801.0,1.68,23.9,39.84,43.29,231.91,205.04,False,False,True
2025-10-16,223.0,154273795,55939.0,-559.0,5733.0,61113.0,6.75,39.33,39.67,56.23,232.35,205.3,False,False,True
2025-10-17,226.5,119855855,12771.0,-773.0,2187.0,14185.0,1.6,53.7,44.35,58.4,233.22,205.53,False,True,True
2025-10-20,238.5,152953266,38568.0,-429.0,5115.0,43253.0,5.21,68.22,52.31,64.83,236.51,204.89,False,False,True
2025-10-21,239.0,120698819,8153.0,-2910.0,-228.0,5015.0,-6.56,73.72,59.44,65.07,239.44,204.36,False,False,True
2025-10-22,242.5,71609786,12146.0,1563.0,601.0,14310.0,0.98,80.13,66.34,66.8,242.69,203.96,False,False,True
2025-10-23,239.0,50955830,-3106.0,-1265.0,-438.0,-4808.0,-4.53,81.65,71.44,63.43,244.72,204.23,False,False,True
2025-10-27,246.5,80708542,15749.0,571.0,2504.0,18824.0,0.2,85.96,76.28,67.24,248.17,203.33,False,False,True
2025-10-28,250.0,73662546,20238.0,-839.0,-986.0,18413.0,0.18,90.64,81.07,68.88,251.95,202.25,False,False,True
2025-10-29,260.0,125297120,1770.0,894.0,5239.0,7903.0,8.98,91.82,84.65,73.01,257.48,199.72,False,False,True
2025-10-30,262.0,108445874,-5382.0,1283.0,-1203.0,-5302.0,-4.06,92.19,87.16,73.77,262.86,198.59,False,False,True
2025-10-31,257.5,63119828,-8051.0,-2175.0,-926.0,-11153.0,-3.18,87.85,87.39,69.1,266.26,199.34,False,False,True
2025-11-03,251.5,97190219,-2782.0,-3316.0,-820.0,-6918.0,1.24,76.11,83.63,63.35,268.22,200.63,False,False,True
2025-11-04,244.0,95832447,4662.0,232.0,-850.0,4044.0,-3.59,59.51,75.59,56.97,269.13,201.57,False,False,True
2025-11-05,247.0,114664242,-13217.0,73.0,3406.0,-9738.0,6.44,51.58,67.59,58.76,270.26,202.49,False,False,True
2025-11-06,248.0,65794425,1113.0,-819.0,-423.0,-129.0,0.81,47.48,60.89,59.37,271.41,203.29,False,False,True
2025-11-07,244.0,50319199,515.0,-427.0,-1558.0,-1470.0,-1.07,39.99,53.92,55.83,271.96,204.64,False,False,True
2025-11-10,249.5,51628691,-2117.0,642.0,1558.0,83.0,3.14,41.54,49.79,59.41,272.75,206.65,False,False,True
2025-11-11,246.5,50821377,-6530.0,-163.0,-265.0,-6958.0,-3.42,39.0,46.2,56.71,272.03,210.72,False,False,True
2025-11-12,251.0,65085447,6165.0,2121.0,3528.0,11814.0,6.28,44.67,45.69,59.67,269.6,217.65,False,False,True
2025-11-13,252.0,90541908,-10835.0,859.0,-1181.0,-11157.0,-2.32,55.42,48.93,60.32,265.33,226.47,False,True,True
2025-11-14,241.0,112889692,-41366.0,235.0,-2878.0,-44009.0,-1.4,43.96,47.28,50.66,263.19,230.41,False,False,True
2025-11-17,236.0,84874596,-533.0,-386.0,-923.0,-1842.0,-1.83,30.9,41.82,46.97,261.61,232.94,False,False,True
2025-11-18,230.0,77859170,-8250.0,-1348.0,197.0,-9401.0,0.08,20.6,34.74,42.94,262.7,231.0,False,False,True
2025-11-19,229.0,70909837,2655.0,1110.0,1962.0,5727.0,0.9,16.56,28.68,42.28,263.8,228.9,False,False,True
2025-11-20,236.5,78464576,-8860.0,273.0,2112.0,-6474.0,1.98,22.34,26.57,48.59,263.98,228.12,True,False,True
2025-11-21,225.0,97471576,-43672.0,-44.0,967.0,-42749.0,0.06,14.89,22.67,41.16,265.4,225.3,False,False,False
2025-11-24,220.0,100270276,-14217.0,-514.0,411.0,-14319.0,0.04,9.93,18.43,38.41,267.04,221.01,True,False,False
2025-11-25,219.0,73643136,-4720.0,-979.0,-237.0,-5936.0,0.34,6.62,14.49,37.87,267.85,217.1,True,False,False
2025-11-26,227.0,68461990,8751.0,1890.0,2202.0,12843.0,2.21,13.94,14.31,44.63,265.69,215.96,True,False,True
2025-11-27,231.0,63038658,-6587.0,-207.0,-449.0,-7243.0,-1.74,26.68,18.43,47.7,262.38,216.17,True,True,True
2025-11-28,225.5,56939840,-25141.0,-1005.0,629.0,-25517.0,0.57,29.19,22.02,44.09,259.89,215.46,False,False,False
2025-12-01,222.0,52409098,-5027.0,-1475.0,-317.0,-6819.0,0.35,24.72,22.92,41.91,258.46,213.94,False,False,False
2025-12-02,222.0,49869243,-2665.0,-896.0,594.0,-2967.0,-0.54,21.75,22.53,41.91,257.91,212.29,False,False,False
2025-12-03,227.0,53110402,8097.0,1813.0,1252.0,11161.0,1.31,35.01,26.69,46.3,256.46,211.74,False,True,False
2025-12-04,228.5,25728854,-712.0,801.0,-288.0,-200.0,0.04,47.7,33.69,47.58,254.62,211.63,False,False,False
2025-12-05,231.0,35103317,5430.0,898.0,340.0,6667.0,0.68,62.57,43.32,49.73,253.36,211.59,False,False,True
2025-12-08,232.0,29940997,-898.0,-83.0,-177.0,-1158.0,-1.43,75.05,53.89,50.61,250.89,212.31,False,False,True
2025-12-09,235.0,54359440,-9275.0,665.0,535.0,-8075.0,2.21,80.24,62.68,53.23,249.09,212.96,False,False,True
2025-12-10,233.5,36069288,-2583.0,-499.0,120.0,-2963.0,-2.51,80.58,68.64,51.75,245.65,214.65,False,False,True
2025-12-11,226.0,60054527,-16138.0,-2923.0,-621.0,-19683.0,-2.7,65.18,67.49,45.01,240.53,217.17,False,False,False
2025-12-12,227.0,29684376,-2063.0,-280.0,368.0,-1974.0,-0.02,56.99,63.99,46.02,238.34,217.96,False,False,False
2025-12-15,221.5,44481528,-20295.0,-1162.0,-219.0,-21676.0,1.27,40.08,56.02,41.5,237.33,217.52,False,False,False
2025-12-16,218.0,63458370,-19218.0,299.0,469.0,-18450.0,-0.38,31.37,47.8,38.89,237.49,216.16,False,False,False
2025-12-17,216.5,51129639,-28110.0,252.0,8502.0,-19356.0,0.98,23.24,39.61,37.79,237.76,214.64,False,False,False
2025-12-18,216.0,50364181,-1793.0,-1779.0,4212.0,639.0,-0.7,19.12,32.78,37.41,236.52,213.83,False,False,False
2025-12-19,221.5,41562299,7818.0,-7166.0,1789.0,2441.0,-0.32,24.34,29.97,44.06,236.47,213.53,True,False,False
2025-12-22,224.0,40062169,7220.0,-6975.0,1892.0,2137.0,0.03,31.78,30.57,46.83,236.44,213.96,False,True,False
2025-12-23,224.0,29629268,5783.0,-7182.0,484.0,-915.0,-0.39,37.85,33.0,46.83,236.32,214.58,False,False,False
2025-12-24,224.0,36443763,-1442.0,-6327.0,1739.0,-6031.0,0.22,48.57,38.19,46.83,236.16,214.44,False,False,False
2025-12-26,225.5,28935431,4135.0,-8442.0,651.0,-3656.0,-0.24,60.95,45.78,48.73,235.56,214.49,False,False,False
2025-12-29,231.0,57945280,10497.0,356.0,2096.0,12949.0,1.41,70.55,54.03,55.07,236.16,214.44,False,False,False
2025-12-30,228.0,36162418,-5599.0,-8610.0,799.0,-13410.0,0.29,71.82,59.96,51.34,236.41,214.79,False,False,False
2025-12-31,230.5,41319239,14397.0,-6935.0,-45.0,7418.0,-0.61,76.94,65.62,54.13,236.91,215.14,False,False,False
2026-01-02,232.0,58776015,12566.0,-11513.0,3697.0,4750.0,-0.39,81.4,70.88,55.77,237.48,215.07,False,False,False
2026-01-05,234.5,64697110,2155.0,-18.0,1153.0,3290.0,1.43,83.75,75.17,58.43,238.34,214.81,False,False,True
2026-01-06,236.0,68919645,-12203.0,209.0,352.0,-11641.0,0.7,82.72,77.69,59.99,239.18,214.47,False,False,True
2026-01-07,238.5,88280139,-8417.0,684.0,1306.0,-6427.0,1.83,82.76,79.38,62.51,240.39,213.91,False,False,True
2026-01-08,229.5,89498594,-34485.0,-271.0,-1816.0,-36571.0,-1.12,64.98,74.58,50.24,239.65,214.1,False,False,False
2026-01-09,230.5,37370013,-797.0,-217.0,240.0,-775.0,0.12,52.21,67.12,51.38,239.24,214.21,False,False,False
2026-01-12,228.5,32968055,-9960.0,-539.0,-125.0,-10623.0,-0.29,38.25,57.5,48.96,239.38,214.32,False,False,False
2026-01-13,226.5,45735375,-5506.0,-862.0,-83.0,-6451.0,-0.5,26.58,47.19,46.6,239.36,214.29,False,False,False
2026-01-14,234.5,65365361,26416.0,232.0,1622.0,28269.0,-0.69,36.0,43.46,55.79,240.19,214.76,False,False,True
2026-01-15,233.5,35041875,2219.0,-1748.0,-437.0,34.0,0.56,40.13,42.35,54.53,240.41,216.09,False,False,False
2026-01-16,234.5,48950439,7024.0,-6847.0,87.0,264.0,-0.43,45.03,43.24,55.61,240.27,218.03,False,True,False
2026-01-19,229.5,53439088,-16169.0,-2620.0,-1291.0,-20080.0,1.35,37.55,41.35,49.29,239.07,220.58,False,False,False
2026-01-20,223.5,77123735,-25854.0,-6967.0,-1778.0,-34599.0,0.77,25.03,35.91,42.98,238.82,221.03,False,False,False
2026-01-21,219.0,81041618,-24422.0,-1408.0,936.0,-24894.0,0.43,16.69,29.5,38.95,239.51,219.84,False,False,False
2026-01-22,223.5,47823356,8768.0,-644.0,1355.0,9479.0,-0.35,20.5,26.5,44.55,239.54,219.76,True,False,False
2026-01-23,221.5,34322647,-12232.0,-309.0,270.0,-12271.0,0.81,18.88,23.96,42.67,239.78,219.27,False,False,False
2026-01-26,224.0,39852299,2956.0,-416.0,-471.0,2069.0,-0.28,23.0,23.64,45.75,239.85,219.05,True,False,False
2026-01-27,225.5,37140264,1814.0,-863.0,-270.0,681.0,0.13,28.88,25.38,47.56,239.69,218.66,False,True,False
2026-01-28,225.5,80017265,-3926.0,-786.0,772.0,-3939.0,1.8,32.79,27.85,47.56,239.68,218.42,False,False,False
2026-01-29,224.0,56613117,13645.0,-780.0,-1478.0,11387.0,-0.12,33.36,29.69,45.78,239.57,217.88,False,False,False
2026-01-30,220.5,72547288,-13628.0,-607.0,-395.0,-14630.0,1.04,27.37,28.91,41.86,239.47,216.83,False,False,False
2026-02-02,214.5,65660345,-20473.0,-321.0,-1204.0,-21998.0,0.48,20.1,25.97,36.13,239.59,214.71,False,False,False
2026-02-03,216.5,42920416,3344.0,-99.0,1001.0,4246.0,-0.35,18.95,23.63,39.12,238.75,213.6,False,False,False
2026-02-04,219.0,27678218,3896.0,162.0,541.0,4598.0,-0.33,22.82,23.36,42.73,236.73,213.67,True,False,False
2026-02-05,215.5,43304385,-7301.0,439.0,-631.0,-7494.0,0.09,18.92,21.88,39.22,236.61,212.39,False,False,False
2026-02-06,215.0,56581372,-2461.0,-747.0,-729.0,-3937.0,0.21,19.75,21.17,38.74,236.2,211.25,True,False,False
2026-02-09,218.5,31063914,6431.0,-91.0,111.0,6451.0,-0.13,25.87,22.74,44.0,235.7,210.75,True,True,False
2026-02-10,221.0,47159412,18687.0,-447.0,485.0,18725.0,-1.28,37.83,27.77,47.47,235.36,210.54,False,False,False
2026-02-11,227.0,67662179,31320.0,1784.0,340.0,33445.0,-1.69,58.56,38.03,54.72,233.92,211.23,False,False,False
2026-02-23,228.5,89438337,9158.0,1184.0,579.0,10922.0,-0.35,68.31,48.12,56.34,232.85,211.8,False,False,False
2026-02-24,232.0,68380419,37264.0,653.0,1434.0,39351.0,-0.82,78.11,58.12,59.94,232.16,212.24,False,False,True
2026-02-25,246.5,168289021,68721.0,566.0,5341.0,74627.0,2.27,84.95,67.06,70.73,237.52,208.58,False,False,True
2026-02-26,243.0,122692650,-20124.0,6076.0,-2301.0,-16349.0,1.27,81.83,71.99,66.1,241.02,207.03,False,False,True
2026-03-02,239.0,75106481,12905.0,1440.0,382.0,14727.0,-1.31,76.65,73.54,61.18,243.1,206.95,False,False,True
2026-03-03,229.0,87819659,-19533.0,367.0,-1781.0,-20947.0,-0.69,61.74,69.61,50.96,243.44,207.16,False,False,True
2026-03-04,217.0,122301965,-35863.0,1352.0,-1597.0,-36108.0,0.12,41.61,60.28,41.91,243.53,206.62,False,False,False
2026-03-05,224.0,55660316,3933.0,1293.0,343.0,5569.0,-0.83,34.5,51.68,47.74,243.53,206.62,False,False,False
2026-03-06,223.0,37319287,-1778.0,465.0,567.0,-746.0,-0.19,28.86,44.07,47.01,243.42,206.48,False,False,False
2026-03-09,210.5,93407607,-30301.0,1790.0,-1806.0,-30318.0,0.28,22.39,36.85,39.02,243.76,204.64,False,False,False
2026-03-10,209.5,69438646,-25316.0,483.0,275.0,-24559.0,1.2,17.39,30.36,38.46,244.12,202.83,False,False,False
2026-03-11,219.0,54702636,18336.0,61.0,2266.0,20664.0,-0.99,20.71,27.14,46.38,244.1,202.7,True,False,False
2026-03-12,214.5,45309134,-15913.0,99.0,-1148.0,-16962.0,1.11,21.9,25.4,43.52,244.1,202.7,False,False,False
2026-03-13,214.5,36890490,-2370.0,-30.0,-391.0,-2792.0,0.38,22.94,24.58,43.52,244.16,202.44,False,False,False
2026-03-16,216.5,38534463,-986.0,-673.0,1260.0,-400.0,0.42,31.2,26.78,45.26,244.17,202.18,False,True,False
2026-03-17,212.0,110777320,-66453.0,-739.0,-1541.0,-68732.0,1.8,29.89,27.82,42.12,244.32,201.68,False,False,False
2026-03-18,210.0,77136445,-38172.0,-42.0,4311.0,-33904.0,1.29,27.55,27.73,40.76,244.58,200.92,False,False,False
2026-03-19,205.0,89096476,-37046.0,-45.0,-670.0,-37762.0,1.74,18.36,24.61,37.52,245.25,198.9,False,False,False
2026-03-20,203.0,92925929,-4889.0,-1126.0,24.0,-5991.0,-0.02,16.52,21.91,36.27,245.87,196.48,True,False,False
2026-03-23,196.0,78470506,-28425.0,394.0,-328.0,-28359.0,-0.81,12.34,18.72,32.24,246.57,192.68,True,False,False
2026-03-24,195.0,56280296,-3542.0,-26.0,660.0,-2908.0,0.13,9.59,15.68,31.7,246.68,189.22,True,False,False
2026-03-25,200.0,43133240,9605.0,-391.0,1596.0,10811.0,-0.33,14.9,15.42,37.37,245.35,187.35,True,False,False
2026-03-26,200.5,41973121,-5428.0,-130.0,337.0,-5221.0,-0.45,19.16,16.67,37.92,240.13,187.97,True,True,False
2026-03-27,199.5,29525374,-3214.0,327.0,1071.0,-1816.0,-1.23,20.92,18.08,37.21,234.86,188.89,True,False,False
2026-03-30,194.0,46503907,-13625.0,238.0,-387.0,-13774.0,0.17,15.57,17.25,33.5,230.1,189.15,False,False,False
2026-03-31,187.5,95729350,-21640.0,-225.0,2683.0,-19182.0,-0.98,10.38,14.96,29.72,228.17,186.93,True,False,False
2026-04-01,197.0,45229464,10467.0,59.0,2463.0,12989.0,-1.24,24.04,17.98,40.31,227.18,185.92,True,True,False
2026-04-02,193.0,41954568,-5414.0,-434.0,327.0,-5520.0,0.38,25.94,20.63,37.74,224.75,185.25,False,False,False
2026-04-07,192.0,36598072,-10781.0,-142.0,614.0,-10309.0,0.4,25.4,22.22,37.1,222.09,184.81,False,False,False
2026-04-08,201.5,66909375,11610.0,-84.0,4648.0,16174.0,-0.17,42.16,28.87,46.38,221.35,184.65,False,False,False
2026-04-09,200.0,43945793,-5433.0,-525.0,-245.0,-6203.0,0.22,50.63,36.12,45.25,220.66,184.39,False,False,False
2026-04-10,200.5,60470665,-4481.0,-416.0,594.0,-4302.0,0.41,62.64,44.96,45.72,218.0,185.2,False,False,False
2026-04-13,200.0,37375471,7366.0,-4413.0,385.0,3339.0,-0.03,69.54,53.15,45.3,216.12,185.63,False,False,False
2026-04-14,207.5,58959164,17772.0,-76.0,1436.0,19133.0,-1.13,78.88,61.73,52.44,214.74,186.31,False,False,False
2026-04-15,207.5,71250931,2932.0,-574.0,-11.0,2348.0,-0.06,79.86,67.77,52.44,212.63,187.52,False,False,False
2026-04-16,207.0,45261862,-6899.0,-550.0,102.0,-7346.0,0.42,79.75,71.77,51.92,211.55,188.1,False,False,False
2026-04-17,206.0,48943270,-2625.0,-1359.0,-312.0,-4297.0,0.18,78.17,73.9,50.82,210.74,188.51,False,False,False
2026-04-20,207.5,39312365,9876.0,-266.0,799.0,10409.0,-0.24,76.56,74.79,52.44,211.17,188.33,False,False,False
2026-04-21,211.0,59285018,15363.0,-612.0,839.0,15590.0,-1.42,79.93,76.5,56.07,212.57,187.73,False,False,False
2026-04-22,221.0,140959574,40064.0,6320.0,2013.0,48396.0,-1.61,83.28,78.76,64.44,216.75,186.05,False,False,False
2026-04-23,225.0,172706743,27796.0,210.0,-121.0,27886.0,0.49,81.13,79.55,67.13,221.19,184.61,False,False,False
2026-04-24,221.5,77230253,-4277.0,-488.0,170.0,-4594.0,-1.2,74.42,77.84,62.66,224.0,183.95,False,False,False
2026-04-27,228.0,109457408,19579.0,3562.0,1343.0,24484.0,2.83,77.3,77.66,67.05,227.98,182.72,False,False,False
2026-04-28,225.5,104089860,10630.0,-187.0,-451.0,9992.0,-1.77,75.58,76.97,63.93,230.8,182.5,False,False,True
2026-04-29,225.0,43603455,2725.0,779.0,-931.0,2573.0,-0.34,73.88,75.94,63.3,232.9,183.5,False,False,True
2026-04-30,219.5,73683654,2787.0,-131.0,-1769.0,887.0,0.07,66.2,72.69,56.65,232.95,186.65,False,False,False
2026-05-04,227.5,57506042,27360.0,310.0,971.0,28641.0,-1.76,68.63,71.34,62.78,234.94,187.71,False,False,True
2026-05-05,239.5,162873566,82619.0,3852.0,3133.0,89604.0,3.25,78.48,73.72,69.69,238.78,188.52,False,True,True
2026-05-06,252.0,240330399,100891.0,1761.0,1351.0,104003.0,-3.35,84.7,77.38,74.92,245.01,188.29,False,False,True
2026-05-07,253.5,128767846,21953.0,1698.0,145.0,23796.0,-2.49,86.05,80.27,75.47,251.09,187.41,False,False,True
2026-05-08,250.0,102375417,30089.0,342.0,-1500.0,28931.0,-3.84,83.77,81.44,71.55,255.04,188.46,False,False,True
2026-05-11,252.0,63063740,9407.0,113.0,-321.0,9199.0,-0.73,83.99,82.29,72.43,258.65,190.0,False,False,True
2026-05-12,250.0,84325367,31682.0,-10780.0,113.0,21015.0,-0.95,82.4,82.32,70.09,260.97,192.68,False,False,True
2026-05-13,251.0,72415109,21568.0,-4065.0,-153.0,17350.0,0.27,82.21,82.28,70.6,263.5,194.5,False,False,True
2026-05-14,244.5,73360409,-21537.0,-785.0,-1142.0,-23464.0,2.27,75.09,79.89,63.06,264.45,197.25,False,False,True
2026-05-15,248.5,138413483,59175.0,386.0,-179.0,59381.0,-1.62,71.78,77.18,65.5,265.43,200.42,False,False,True
2026-05-18,248.5,63512356,1667.0,-13.0,-478.0,1177.0,0.82,61.01,71.79,65.5,265.65,204.45,False,False,True
2026-05-19,245.0,70223341,4857.0,-2321.0,-308.0,2228.0,-0.48,47.69,63.76,61.38,264.9,208.95,False,False,True
2026-05-20,240.0,62650287,-12760.0,-2327.0,-4203.0,-19289.0,1.05,32.61,53.38,55.97,263.56,213.19,False,False,True
2026-05-21,247.5,51483466,24043.0,-163.0,992.0,24872.0,-1.07,34.75,47.17,61.46,263.8,215.6,False,False,True
2026-05-22,250.0,56310552,20815.0,-85.0,301.0,21031.0,-0.45,40.24,44.86,63.11,264.42,217.48,False,False,True
2026-05-25,261.0,122990174,52052.0,1212.0,2523.0,55787.0,4.28,56.69,48.8,69.34,266.15,219.7,False,True,True
2026-05-26,259.0,55665305,9280.0,-246.0,-676.0,8358.0,-2.73,64.87,54.16,67.12,267.65,221.3,False,False,True
2026-05-27,264.0,78352856,19616.0,134.0,376.0,20126.0,-1.23,70.93,59.75,69.73,269.33,223.47,False,False,True
2026-05-28,263.0,73792269,12866.0,130.0,-173.0,12824.0,-1.82,73.4,64.3,68.56,270.03,226.57,False,False,True
2026-05-29,289.0,289511198,80339.0,7423.0,4618.0,92380.0,15.85,82.27,70.29,78.61,276.18,227.37,False,False,True
2026-06-01,293.5,205766647,-6575.0,1808.0,-377.0,-5144.0,-8.26,82.54,74.37,79.81,283.22,226.93,False,False,True
2026-06-02,301.5,113076476,25503.0,2068.0,2.0,27572.0,0.12,86.7,78.48,81.78,292.15,224.2,False,False,True
2026-06-03,309.0,149620933,28020.0,2775.0,997.0,31792.0,0.05,88.72,81.9,83.41,301.72,220.33,False,False,True
2026-06-04,293.0,110760779,-28178.0,856.0,-2279.0,-29601.0,-2.56,80.62,81.47,69.2,305.93,220.07,False,False,True
2026-06-05,284.5,93158859,-3319.0,263.0,-2323.0,-5379.0,-1.81,69.83,77.59,63.05,308.22,221.23,False,False,True
2026-06-08,269.5,117863651,-5183.0,643.0,-1462.0,-6002.0,-1.32,53.63,69.6,53.94,308.72,222.48,False,False,True
2026-06-09,277.5,74649081,-10735.0,125.0,167.0,-10443.0,-0.1,47.55,62.25,57.47,309.76,224.19,False,False,True
2026-06-10,263.0,93369272,-15652.0,-164.0,-2576.0,-18392.0,-1.04,34.95,53.15,50.0,309.74,225.41,False,False,True
2026-06-11,258.5,97550509,-8584.0,750.0,921.0,-6913.0,0.09,27.03,44.44,47.91,309.28,227.27,False,False,True
2026-06-12,260.5,60260948,1952.0,114.0,301.0,2368.0,0.17,22.82,37.24,48.93,309.0,228.75,False,False,True
2026-06-15,267.5,54689024,8634.0,12.0,622.0,9268.0,-0.58,23.75,32.74,52.44,308.81,230.84,False,False,True
2026-06-16,269.0,56878574,9644.0,-530.0,33.0,9147.0,-0.45,25.98,30.49,53.18,308.22,233.83,False,False,True
2026-06-17,272.0,42755242,-7230.0,-596.0,-585.0,-8411.0,0.1,33.98,31.65,54.7,306.84,238.41,False,True,True
2026-06-18,268.5,68996866,-25474.0,-3495.0,-408.0,-29378.0,1.17,44.45,35.92,52.55,305.87,241.48,False,False,True
2026-06-22,268.5,67145972,-14847.0,465.0,559.0,-13823.0,1.11,51.43,41.09,52.55,304.94,244.26,False,False,True
2026-06-23,259.5,92063800,-32412.0,151.0,-923.0,-33184.0,0.27,45.4,42.52,47.05,305.02,244.03,False,False,True
2026-06-24,256.0,63690545,-11991.0,146.0,-61.0,-11906.0,0.98,36.51,40.52,45.07,305.22,243.53,False,False,True
2026-06-25,257.5,43578494,-2632.0,1168.0,394.0,-1070.0,0.58,28.41,36.48,46.12,305.48,242.62,False,False,True
2026-06-26,248.5,80450955,-30328.0,1670.0,-569.0,-29227.0,0.35,19.54,30.84,41.07,306.45,240.2,False,False,True
2026-06-29,246.5,49210311,-20345.0,1867.0,334.0,-18144.0,3.35,13.59,25.09,40.02,305.53,236.87,True,False,True
2026-06-30,251.0,52952173,-764.0,-832.0,1416.0,-180.0,1.16,14.71,21.63,43.52,302.85,235.3,True,False,True
2026-07-01,248.0,65880617,-22390.0,-1297.0,147.0,-23541.0,1.49,12.07,18.44,41.77,297.74,235.06,True,False,True
2026-07-02,239.0,67897136,-25248.0,1555.0,-3624.0,-27317.0,2.32,8.93,15.27,36.98,289.49,236.31,True,False,False
2026-07-03,240.5,51008242,586.0,1104.0,912.0,2602.0,-0.01,10.3,13.62,38.25,284.62,235.93,True,False,False
2026-07-06,242.0,43693584,-8470.0,2269.0,-271.0,-6472.0,-0.7,14.42,13.88,39.56,280.97,235.33,True,True,False
2026-07-07,237.0,51778760,-17934.0,1754.0,-417.0,-16596.0,0.64,10.87,12.88,36.75,280.53,232.52,True,False,False
2026-07-08,237.5,37939126,-692.0,1152.0,69.0,530.0,0.23,12.67,12.81,37.23,277.83,231.22,True,False,False
2026-07-09,237.5,40528079,5743.0,-38.0,-121.0,5585.0,-0.15,13.87,13.16,37.23,277.38,229.12,True,True,False
2026-07-13,236.5,37504587,-1179.0,93.0,-513.0,-1599.0,0.02,13.13,13.15,36.59,277.26,227.04,True,False,False
2026-07-14,235.5,48112076,-7038.0,1225.0,1528.0,-4285.0,0.2,15.94,14.08,35.92,276.74,225.06,True,True,False
2026-07-15,239.0,36108846,6880.0,-890.0,402.0,6393.0,0.02,27.77,18.64,40.05,274.59,224.36,True,False,False
2026-07-16,242.5,39074704,6699.0,-1056.0,1345.0,6987.0,0.04,42.32,26.54,43.94,271.67,224.63,False,False,False
2026-07-17,234.0,69006897,-4268.0,-696.0,2134.0,-2830.0,-0.1,35.83,29.64,37.57,267.71,224.79,False,False,False
2026-07-20,234.5,48579978,61.0,450.0,3412.0,3922.0,-0.22,34.6,31.29,38.13,263.87,225.23,False,False,False
2026-07-21,246.0,51471036,22635.0,2100.0,2231.0,26966.0,-1.16,54.44,39.01,49.52,259.16,227.69,False,False,False
2026-07-22,251.5,67787081,17680.0,661.0,-178.0,18163.0,-0.92,61.01,46.34,53.89,257.39,228.66,False,False,False
2026-07-23,257.5,63787974,23755.0,560.0,639.0,24954.0,-0.23,71.74,54.81,58.15,257.76,228.44,False,False,True
2026-07-24,252.5,33694573,-5515.0,76.0,-534.0,-5973.0,-0.7,73.25,60.96,53.7,256.62,229.08,False,False,False
2026-07-27,253.0,35908207,522.0,738.0,656.0,1916.0,-0.67,74.7,65.54,54.08,257.37,228.78,False,False,False
2026-07-28,238.0,52860433,-20086.0,1194.0,1854.0,-17039.0,-0.95,58.42,63.16,42.78,257.02,228.28,False,False,False
2026-07-29,237.0,84937463,-1316.0,1094.0,2249.0,2028.0,0.02,46.42,57.58,42.15,255.97,227.93,False,False,False
2026-07-30,229.5,77132664,-33608.0,308.0,761.0,-32539.0,0.73,33.98,49.71,37.65,255.78,226.27,False,False,False
2026-07-31,250.5,99413798,49858.0,3505.0,3015.0,56378.0,-1.74,46.89,48.77,52.82,256.91,226.29,False,False,False
2026-08-03,253.0,52666207,10136.0,214.0,-1208.0,9141.0,-0.29,58.03,51.86,54.25,258.35,226.1,False,True,False
2026-08-04,250.0,41095656,2131.0,-520.0,-1104.0,506.0,0.1,62.42,55.38,52.21,259.12,226.13,False,False,False
2026-08-05,258.5,72633762,36978.0,-1108.0,489.0,36359.0,-0.69,72.99,61.25,57.13,261.41,225.99,False,False,True
2026-08-06,264.5,82178728,21743.0,136.0,148.0,22027.0,1.68,81.56,68.02,60.24,264.77,225.33,False,False,True
2026-08-07,260.0,38813488,-5328.0,-800.0,-626.0,-6755.0,-1.1,81.94,72.66,56.91,266.63,225.72,False,False,True
