date,close,volume,外資,投信,自營商,三大法人合計(張),融資增減(張),K,D,KD落入20以下,出現黃金交叉,趨勢向上非鈍化,新手投資建議
2021-08-09,595.0,17611955,891,-221,-269,401,,,,False,False,False,❌ 空頭或無訊號
2021-08-10,591.0,17620825,2295,351,-365,2281,,,,False,False,False,❌ 空頭或無訊號
2021-08-11,590.0,20311399,4665,575,-54,5185,,,,False,False,False,❌ 空頭或無訊號
2021-08-12,586.0,16031265,-3129,767,419,-1944,,,,False,False,False,❌ 空頭或無訊號
2021-08-13,581.0,25440973,-6666,731,240,-5695,,,,False,False,False,❌ 空頭或無訊號
2021-08-16,584.0,19949389,2587,262,-353,2496,,,,False,False,False,❌ 空頭或無訊號
2021-08-17,580.0,31845499,-4420,432,-145,-4133,,,,False,False,False,❌ 空頭或無訊號
2021-08-18,574.0,47063629,-25046,856,2679,-21512,,,,False,False,False,❌ 空頭或無訊號
2021-08-19,559.0,42133375,-21992,402,-1015,-22605,,0.0,0.0,False,False,False,❌ 空頭或無訊號
2021-08-20,552.0,47741449,-18829,504,83,-18242,,0.74,0.25,True,False,False,⭐ 弱勢反彈
2021-08-23,566.0,34775337,-3426,847,815,-1763,,13.31,4.6,True,False,False,⭐ 弱勢反彈
2021-08-24,572.0,27397309,3070,512,-360,3221,,27.8,12.33,True,False,False,⭐ 弱勢反彈
2021-08-25,585.0,28867651,6154,942,311,7406,,50.91,25.19,False,False,False,❌ 空頭或無訊號
2021-08-26,594.0,45027320,5778,1707,-14,7471,,61.5,37.3,False,False,False,❌ 空頭或無訊號
2021-08-27,599.0,29459532,10735,708,2734,14178,,71.77,48.79,False,False,False,❌ 空頭或無訊號
2021-08-30,605.0,40606821,19005,1611,775,21390,,81.18,59.59,False,False,False,❌ 空頭或無訊號
2021-08-31,614.0,58916407,24591,701,541,25833,,87.45,68.88,False,False,False,❌ 空頭或無訊號
2021-09-01,613.0,31242788,7479,-150,606,7935,,91.11,76.29,False,False,False,❌ 空頭或無訊號
2021-09-02,607.0,26715492,3548,-319,-72,3157,,89.31,80.63,False,False,False,❌ 空頭或無訊號
2021-09-03,620.0,53915006,28998,625,2686,32309,,92.87,84.71,False,False,False,❌ 空頭或無訊號
2021-09-06,631.0,59223061,17154,552,1589,19295,,91.6,87.01,False,False,False,❌ 空頭或無訊號
2021-09-07,623.0,27422775,-734,72,106,-556,,83.76,85.93,False,False,False,❌ 空頭或無訊號
2021-09-08,619.0,38713621,7199,473,-2373,5299,,75.1,82.32,False,False,False,❌ 空頭或無訊號
2021-09-09,619.0,19309522,-1366,32,725,-608,,67.57,77.4,False,False,False,❌ 空頭或無訊號
2021-09-10,622.0,16740439,2680,-38,413,3054,,65.05,73.28,False,False,False,❌ 空頭或無訊號
2021-09-13,615.0,15809768,-2899,-36,-222,-3157,,51.97,66.18,False,False,False,❌ 空頭或無訊號
2021-09-14,613.0,16024935,2916,41,-240,2717,,41.1,57.82,False,False,False,❌ 空頭或無訊號
2021-09-15,607.0,26041452,-341,778,-2646,-2210,,27.4,47.68,False,False,False,❌ 空頭或無訊號
2021-09-16,600.0,23315040,-4398,-514,-1095,-6007,,19.12,38.16,False,False,False,❌ 空頭或無訊號
2021-09-17,600.0,42383815,-4388,435,382,-3571,,13.7,30.0,True,False,False,⭐ 弱勢反彈
2021-09-22,586.0,42732169,-16230,781,-3169,-18618,,11.41,23.8,True,False,False,⭐ 弱勢反彈
2021-09-23,588.0,22736266,-2924,-7,-244,-3175,,11.77,19.79,True,False,False,⭐ 弱勢反彈
2021-09-24,598.0,17302848,3237,54,38,3329,,20.35,19.98,True,True,False,⭐⭐ 偏多觀察
2021-09-27,602.0,20034221,2001,-158,-614,1230,,30.68,23.55,False,False,False,❌ 空頭或無訊號
2021-09-28,594.0,17325896,-4408,179,-324,-4553,,30.93,26.01,False,False,False,❌ 空頭或無訊號
2021-09-29,580.0,51834124,-24115,844,-4718,-27989,,23.4,25.14,False,False,False,❌ 空頭或無訊號
2021-09-30,580.0,36318623,-6138,849,435,-4854,,20.36,23.55,False,False,False,❌ 空頭或無訊號
2021-10-01,574.0,39006124,-13363,699,-517,-13181,,16.14,21.08,False,False,False,❌ 空頭或無訊號
2021-10-04,572.0,22288138,-4932,943,641,-3349,,13.79,18.65,True,False,False,⭐ 弱勢反彈
2021-10-05,572.0,36063650,-17262,1085,1534,-14643,,18.72,18.67,True,True,False,⭐⭐ 偏多觀察
2021-10-06,571.0,33989379,-5508,671,-1061,-5898,,21.21,19.52,True,False,False,⭐ 弱勢反彈
2021-10-07,580.0,28480400,865,185,2015,3065,,30.01,23.01,False,False,False,❌ 空頭或無訊號
2021-10-08,575.0,22601904,-3526,126,88,-3312,,33.9,26.64,False,False,False,❌ 空頭或無訊號
2021-10-12,575.0,27126088,-5782,476,-506,-5813,,42.6,31.96,False,False,False,❌ 空頭或無訊號
2021-10-13,571.0,19267437,-5249,506,828,-3916,,43.07,35.66,False,False,False,❌ 空頭或無訊號
2021-10-14,573.0,14270641,-226,314,467,555,,47.55,39.62,False,False,False,❌ 空頭或無訊號
2021-10-15,600.0,55305252,33738,295,591,34624,,65.03,48.09,False,False,False,❌ 空頭或無訊號
2021-10-18,590.0,19753943,-697,-119,456,-360,,66.08,54.09,False,False,False,❌ 空頭或無訊號
2021-10-19,600.0,18709936,5599,967,926,7492,,74.06,60.75,False,False,False,❌ 空頭或無訊號
2021-10-20,598.0,17537878,2930,726,-620,3036,,77.7,66.4,False,False,False,❌ 空頭或無訊號
2021-10-21,596.0,16882324,2585,126,-459,2252,,78.47,70.42,False,False,False,❌ 空頭或無訊號
2021-10-22,600.0,14236279,4166,-44,39,4162,,82.31,74.39,False,False,False,❌ 空頭或無訊號
2021-10-25,593.0,17724968,-760,83,-60,-737,,77.42,75.4,False,False,False,❌ 空頭或無訊號
2021-10-26,599.0,27047187,7332,273,-333,7272,,79.57,76.79,False,False,False,❌ 空頭或無訊號
2021-10-27,599.0,16260278,2316,23,-387,1952,,77.12,76.9,False,False,False,❌ 空頭或無訊號
2021-10-28,595.0,16927154,-1830,-311,-55,-2196,,63.32,72.37,False,False,False,❌ 空頭或無訊號
2021-10-29,590.0,27684673,-3551,-547,-367,-4464,,44.44,63.06,False,False,False,❌ 空頭或無訊號
2021-11-01,590.0,17110357,-1894,26,419,-1450,,31.85,52.66,False,False,False,❌ 空頭或無訊號
2021-11-02,592.0,16544999,2515,-153,154,2515,,28.37,44.56,False,False,False,❌ 空頭或無訊號
2021-11-03,592.0,11404984,1723,106,-202,1627,,26.61,38.58,False,False,False,❌ 空頭或無訊號
2021-11-04,587.0,18888245,-4052,-4,155,-3901,,22.18,33.11,False,False,False,❌ 空頭或無訊號
2021-11-05,600.0,35086799,22541,-325,49,22266,,48.12,38.12,False,True,True,⭐⭐ 偏多觀察
2021-11-08,602.0,20886897,4214,-98,-7,4108,,65.41,47.22,False,False,True,⭐ 弱勢反彈
2021-11-09,611.0,42340785,19886,-157,847,20576,,70.69,55.04,False,False,True,⭐ 弱勢反彈
2021-11-10,612.0,18518512,2194,71,246,2511,,75.25,61.78,False,False,True,⭐ 弱勢反彈
2021-11-11,606.0,20257792,-1514,-387,149,-1752,,72.04,65.2,False,False,True,⭐ 弱勢反彈
2021-11-12,604.0,21373014,616,-348,299,567,,67.82,66.07,False,False,True,⭐ 弱勢反彈
2021-11-15,608.0,17140935,2001,-1156,-31,814,,69.17,67.11,False,False,True,⭐ 弱勢反彈
2021-11-16,610.0,21776308,2404,251,194,2849,,72.16,68.79,False,False,True,⭐ 弱勢反彈
2021-11-17,610.0,21829653,2241,-394,198,2044,,70.83,69.47,False,False,True,⭐ 弱勢反彈
2021-11-18,613.0,22933191,3948,-423,117,3642,,73.54,70.83,False,False,True,⭐ 弱勢反彈
2021-11-19,618.0,38847820,10050,-314,552,10288,,75.11,72.25,False,False,True,⭐ 弱勢反彈
2021-11-22,615.0,23296854,-893,-68,254,-707,,71.81,72.11,False,False,True,⭐ 弱勢反彈
2021-11-23,612.0,20022520,768,-112,-283,373,,65.27,69.83,False,False,True,⭐ 弱勢反彈
2021-11-24,603.0,22978524,-4270,-29,671,-3628,,45.1,61.58,False,False,True,⭐ 弱勢反彈
2021-11-25,603.0,14171433,-2039,-279,-286,-2605,,33.1,52.09,False,False,False,❌ 空頭或無訊號
2021-11-26,596.0,27882175,-9811,120,-1388,-11078,,26.37,43.51,False,False,False,❌ 空頭或無訊號
2021-11-29,593.0,24160615,-3027,521,34,-2471,,19.66,35.56,False,False,False,❌ 空頭或無訊號
2021-11-30,596.0,69160408,-6957,126,-587,-7418,,18.32,29.81,True,False,False,⭐ 弱勢反彈
2021-12-01,600.0,30119408,3960,212,1008,5180,,21.59,27.07,True,False,False,⭐ 弱勢反彈
2021-12-02,615.0,48720976,25421,175,-392,25204,,44.02,32.72,False,True,False,⭐ 弱勢反彈
2021-12-03,608.0,27571974,-943,-59,-217,-1219,,52.96,39.47,False,False,False,❌ 空頭或無訊號
2021-12-06,600.0,24474913,-9888,58,-29,-9858,,47.81,42.25,False,False,False,❌ 空頭或無訊號
2021-12-07,607.0,21105883,-1950,-5,-174,-2128,,54.09,46.19,False,False,False,❌ 空頭或無訊號
2021-12-08,602.0,22194708,-100,-29,339,210,,51.34,47.91,False,False,False,❌ 空頭或無訊號
2021-12-09,608.0,12467833,2056,-54,29,2031,,57.84,51.22,False,False,False,❌ 空頭或無訊號
2021-12-10,605.0,11371659,-612,-43,214,-440,,58.0,53.48,False,False,False,❌ 空頭或無訊號
2021-12-13,601.0,17994933,-3253,388,141,-2724,,49.78,52.25,False,False,False,❌ 空頭或無訊號
2021-12-14,599.0,22997961,-6793,2066,-93,-4820,,36.89,47.13,False,False,False,❌ 空頭或無訊號
2021-12-15,600.0,22419040,-5757,634,619,-4504,,32.0,42.09,False,False,False,❌ 空頭或無訊號
2021-12-16,605.0,22151282,4735,-31,365,5068,,38.0,40.72,False,False,True,⭐ 弱勢反彈
2021-12-17,607.0,30319495,4885,39,-329,4595,,45.7,42.38,False,True,True,⭐⭐ 偏多觀察
2021-12-20,598.0,22381761,-5339,67,-741,-6013,,34.17,39.65,False,False,False,❌ 空頭或無訊號
2021-12-21,597.0,17669559,-3431,70,761,-2600,,27.23,35.51,False,False,False,❌ 空頭或無訊號
2021-12-22,600.0,10127887,1395,-130,79,1344,,29.26,33.43,False,False,True,⭐ 弱勢反彈
2021-12-23,606.0,16910501,8478,-52,166,8593,,43.95,36.93,False,True,True,⭐⭐ 偏多觀察
2021-12-24,604.0,12008673,4710,-114,425,5021,,50.73,41.53,False,False,True,⭐ 弱勢反彈
2021-12-27,606.0,16771900,5882,-360,972,6495,,58.26,47.11,False,False,True,⭐ 弱勢反彈
2021-12-28,615.0,35156339,19355,481,513,20349,,72.18,55.47,False,False,True,⭐ 弱勢反彈
2021-12-29,616.0,25604320,4950,196,923,6069,,77.28,62.74,False,False,True,⭐ 弱勢反彈
2021-12-30,615.0,20522055,-47,-105,359,207,,78.19,67.89,False,False,True,⭐ 弱勢反彈
2022-01-03,631.0,73703302,32537,1162,2134,35833,,84.56,73.45,False,False,True,⭐ 弱勢反彈
2022-01-04,656.0,90945643,29782,3971,1196,34948,,89.71,78.87,False,False,True,⭐ 弱勢反彈
2022-01-05,650.0,72505550,4788,602,-282,5108,,83.68,80.47,False,False,True,⭐ 弱勢反彈
2022-01-06,644.0,57490736,-11445,837,1182,-9427,,76.3,79.08,False,False,True,⭐ 弱勢反彈
2022-01-07,634.0,39847766,-10094,405,1176,-8513,,66.25,74.81,False,False,True,⭐ 弱勢反彈
2022-01-10,643.0,39286754,-343,417,425,499,,62.81,70.81,False,False,True,⭐ 弱勢反彈
2022-01-11,651.0,36186544,8261,260,-1005,7516,,64.3,68.64,False,False,True,⭐ 弱勢反彈
2022-01-12,660.0,40832298,15116,367,346,15829,,70.64,69.31,False,True,True,⭐⭐ 偏多觀察
2022-01-13,661.0,39172028,10859,706,-266,11300,,75.2,71.27,False,False,True,⭐ 弱勢反彈
2022-01-14,672.0,98768193,42593,865,-3180,40279,,82.74,75.1,False,False,True,⭐ 弱勢反彈
2022-01-17,683.0,63828552,19186,45,-318,18912,,85.76,78.65,False,False,True,⭐ 弱勢反彈
2022-01-18,662.0,48802321,-13959,-30,-207,-14196,,76.3,77.87,False,False,True,⭐ 弱勢反彈
2022-01-19,654.0,44092247,755,131,-1221,-336,,65.62,73.79,False,False,True,⭐ 弱勢反彈
2022-01-20,651.0,48996473,-8405,-2265,669,-10001,,56.86,68.14,False,False,True,⭐ 弱勢反彈
2022-01-21,641.0,53966101,-12789,442,349,-11999,,40.52,58.94,False,False,True,⭐ 弱勢反彈
2022-01-24,653.0,48665203,4882,373,-781,4474,,37.47,51.78,False,False,True,⭐ 弱勢反彈
2022-01-25,641.0,53927064,-18113,870,-692,-17935,,27.6,43.72,False,False,True,⭐ 弱勢反彈
2022-01-26,636.0,33093553,-9647,923,-70,-8795,,19.03,35.49,False,False,True,⭐ 弱勢反彈
2022-02-07,635.0,64637049,-3939,695,478,-2766,,15.02,28.67,True,False,True,⭐⭐ 偏多觀察
2022-02-08,628.0,43786259,-8742,885,125,-7732,,10.02,22.45,True,False,True,⭐⭐ 偏多觀察
2022-02-09,633.0,33633394,-745,-308,1471,417,,11.89,18.93,True,False,True,⭐⭐ 偏多觀察
2022-02-10,649.0,37388892,11053,115,-1244,9924,,32.06,23.31,True,True,True,⭐⭐⭐ 黃金買點
2022-02-11,650.0,28194682,3247,61,-117,3191,,48.53,31.72,False,False,True,⭐ 弱勢反彈
2022-02-14,637.0,39394670,-5554,710,3,-4841,,43.47,35.63,False,False,True,⭐ 弱勢反彈
2022-02-15,633.0,24497955,-7830,331,-325,-7823,,36.55,35.94,False,False,True,⭐ 弱勢反彈
2022-02-16,646.0,27395771,3211,233,-50,3395,,51.64,41.17,False,False,True,⭐ 弱勢反彈
2022-02-17,645.0,20447347,2665,80,323,3068,,60.19,47.51,False,False,True,⭐ 弱勢反彈
2022-02-18,637.0,21948975,-7116,255,508,-6354,,53.76,49.59,False,False,True,⭐ 弱勢反彈
2022-02-21,632.0,25769408,-10024,-7,329,-9702,,39.17,46.12,False,False,True,⭐ 弱勢反彈
2022-02-22,627.0,38526210,-12999,1083,-933,-12849,,28.78,40.34,False,False,True,⭐ 弱勢反彈
2022-02-23,625.0,34561338,-19180,274,1492,-17414,,21.66,34.11,False,False,False,❌ 空頭或無訊號
2022-02-24,604.0,80672979,-45666,1080,-612,-45198,,14.44,27.55,False,False,False,❌ 空頭或無訊號
2022-02-25,604.0,94155943,-48556,1580,946,-46031,,12.52,22.54,True,False,False,⭐ 弱勢反彈
2022-03-01,604.0,70303880,-25525,641,1379,-23506,,11.9,18.99,True,False,False,⭐ 弱勢反彈
2022-03-02,601.0,42428151,-20843,324,1110,-19408,,9.35,15.78,True,False,False,⭐ 弱勢反彈
2022-03-03,602.0,37103932,-16360,77,76,-16207,,8.73,13.43,True,False,False,⭐ 弱勢反彈
2022-03-04,595.0,65235167,-44219,292,-1085,-45012,,8.09,11.65,True,False,False,⭐ 弱勢反彈
2022-03-07,576.0,97167600,-59332,2340,-1158,-58150,,6.0,9.77,True,False,False,⭐ 弱勢反彈
2022-03-08,563.0,88371413,-45542,2011,171,-43361,,4.98,8.17,True,False,False,⭐ 弱勢反彈
2022-03-09,568.0,57512412,-28712,885,829,-26999,,7.34,7.9,True,False,False,⭐ 弱勢反彈
2022-03-10,587.0,49092145,-5750,491,1195,-4064,,22.58,12.79,True,True,False,⭐⭐ 偏多觀察
2022-03-11,575.0,42981381,-28702,416,714,-27571,,24.58,16.72,False,False,False,❌ 空頭或無訊號
2022-03-14,572.0,38562552,-19453,783,552,-18118,,24.36,19.27,False,False,False,❌ 空頭或無訊號
2022-03-15,558.0,84338792,-59184,1315,1124,-56746,,16.24,18.26,False,False,False,❌ 空頭或無訊號
2022-03-16,558.0,50764807,-19088,1122,-302,-18268,,13.21,16.57,True,False,False,⭐ 弱勢反彈
2022-03-17,582.0,65820899,20682,437,580,21699,,35.27,22.81,True,True,False,⭐⭐ 偏多觀察
2022-03-18,581.0,49583448,-1492,-1484,-295,-3271,,49.01,31.54,False,False,False,❌ 空頭或無訊號
2022-03-21,586.0,22800165,-922,373,187,-362,,63.06,42.05,False,False,False,❌ 空頭或無訊號
2022-03-22,583.0,23421124,-1392,346,-95,-1141,,69.49,51.2,False,False,False,❌ 空頭或無訊號
2022-03-23,590.0,27475008,6188,-228,619,6579,,79.66,60.69,False,False,False,❌ 空頭或無訊號
2022-03-24,591.0,20769676,3353,-21,-423,2909,,85.54,68.97,False,False,False,❌ 空頭或無訊號
2022-03-25,598.0,26794684,9215,214,42,9471,,90.36,76.1,False,False,False,❌ 空頭或無訊號
2022-03-28,584.0,27954730,-11744,209,605,-10930,,82.72,78.31,False,False,False,❌ 空頭或無訊號
2022-03-29,589.0,15742359,2644,414,82,3141,,75.44,77.35,False,False,False,❌ 空頭或無訊號
2022-03-30,600.0,43256548,18648,982,1371,21001,,83.62,79.44,False,True,False,⭐ 弱勢反彈
2022-03-31,597.0,25130417,3832,636,-508,3960,,82.42,80.43,False,False,False,❌ 空頭或無訊號
2022-04-01,589.0,31247086,-9674,240,-249,-9683,,70.94,77.27,False,False,False,❌ 空頭或無訊號
2022-04-06,578.0,40726932,-12254,649,493,-11111,,51.0,68.51,False,False,False,❌ 空頭或無訊號
2022-04-07,566.0,47212937,-26077,814,-399,-25662,,34.0,57.01,False,False,False,❌ 空頭或無訊號
2022-04-08,567.0,31406384,-15698,659,1150,-13889,,23.59,45.87,False,False,False,❌ 空頭或無訊號
2022-04-11,558.0,41713758,-22973,1233,-1611,-23351,,15.73,35.82,False,False,False,❌ 空頭或無訊號
2022-04-12,557.0,34799056,-7864,-597,152,-8309,,13.82,28.49,True,False,False,⭐ 弱勢反彈
2022-04-13,573.0,36968137,3453,877,855,5185,,23.21,26.73,True,False,False,⭐ 弱勢反彈
2022-04-14,573.0,20224847,-1517,238,-131,-1410,,29.48,27.64,False,True,False,⭐ 弱勢反彈
2022-04-15,562.0,33158930,-14217,655,-890,-14452,,28.66,27.98,False,False,False,❌ 空頭或無訊號
2022-04-18,561.0,16579296,-2495,1085,89,-1321,,29.82,28.6,False,False,False,❌ 空頭或無訊號
2022-04-19,565.0,18811242,1069,-346,709,1432,,36.55,31.25,False,False,False,❌ 空頭或無訊號
2022-04-20,570.0,28240222,3341,-148,-61,3132,,47.44,36.64,False,False,False,❌ 空頭或無訊號
2022-04-21,565.0,21539083,-2221,-413,661,-1973,,48.29,40.53,False,False,False,❌ 空頭或無訊號
2022-04-22,558.0,35567672,-16333,-1057,-311,-17701,,39.89,40.31,False,False,False,❌ 空頭或無訊號
2022-04-25,547.0,49067362,-23434,703,-949,-23680,,27.63,36.09,False,False,False,❌ 空頭或無訊號
2022-04-26,546.0,39549934,-12939,-17,-463,-13419,,20.38,30.85,False,False,False,❌ 空頭或無訊號
2022-04-27,526.0,65034122,-27820,1175,-162,-26808,,13.59,25.1,False,False,False,❌ 空頭或無訊號
2022-04-28,531.0,50406145,-7403,91,356,-6956,,14.61,21.6,True,False,False,⭐ 弱勢反彈
2022-04-29,538.0,39960198,-643,142,353,-148,,20.16,21.12,True,False,False,⭐ 弱勢反彈
2022-05-03,531.0,29502561,-3540,336,92,-3112,,19.0,20.41,False,False,False,❌ 空頭或無訊號
2022-05-04,534.0,17305449,-2065,-546,23,-2588,,20.3,20.38,True,False,False,⭐ 弱勢反彈
2022-05-05,542.0,22540182,1471,314,114,1900,,31.13,23.96,False,True,False,⭐ 弱勢反彈
2022-05-06,528.0,34512038,-10013,144,-581,-10451,,26.5,24.81,False,False,False,❌ 空頭或無訊號
2022-05-09,520.0,27309304,-8391,18,-487,-8861,,17.67,22.43,False,False,False,❌ 空頭或無訊號
2022-05-10,518.0,44322247,-8338,-109,324,-8123,,22.09,22.32,True,False,False,⭐ 弱勢反彈
2022-05-11,521.0,28109896,-2924,113,-272,-3083,,27.43,24.02,False,True,False,⭐ 弱勢反彈
2022-05-12,505.0,35824788,-11205,-18,-651,-11874,,18.29,22.11,False,False,False,❌ 空頭或無訊號
2022-05-13,511.0,30204773,-4075,120,2745,-1210,,17.32,20.51,True,False,False,⭐ 弱勢反彈
2022-05-16,520.0,22012610,5360,310,464,6134,,24.37,21.8,True,True,False,⭐⭐ 偏多觀察
2022-05-17,530.0,25812051,1627,356,1449,3432,,37.61,27.07,False,False,False,❌ 空頭或無訊號
2022-05-18,538.0,33605299,2055,213,-600,1669,,55.63,36.59,False,False,False,❌ 空頭或無訊號
2022-05-19,522.0,40798132,-12178,-99,-240,-12518,,52.83,42.0,False,False,False,❌ 空頭或無訊號
2022-05-20,530.0,26111163,3715,158,319,4192,,58.37,47.46,False,False,False,❌ 空頭或無訊號
2022-05-23,528.0,18919447,-39,47,437,445,,60.21,51.71,False,False,False,❌ 空頭或無訊號
2022-05-24,520.0,19130619,-3855,1469,-139,-2525,,54.03,52.48,False,False,False,❌ 空頭或無訊號
2022-05-25,524.0,22460245,-3965,2,1985,-1977,,53.16,52.71,False,False,False,❌ 空頭或無訊號
2022-05-26,514.0,31542825,-13629,95,68,-13466,,36.63,47.35,False,False,False,❌ 空頭或無訊號
2022-05-27,530.0,30113220,4687,166,1098,5952,,44.66,46.45,False,False,False,❌ 空頭或無訊號
2022-05-30,547.0,36480411,13819,491,842,15151,,63.11,52.0,False,True,False,⭐ 弱勢反彈
2022-05-31,560.0,81962870,14406,328,-795,13939,,75.4,59.8,False,False,False,❌ 空頭或無訊號
2022-06-01,549.0,32970903,-4503,-30,-382,-4915,,75.8,65.14,False,False,False,❌ 空頭或無訊號
2022-06-02,540.0,26063495,-3067,-1991,-300,-5359,,69.68,66.65,False,False,False,❌ 空頭或無訊號
2022-06-06,540.0,23732327,-3910,-69,480,-3499,,65.6,66.3,False,False,False,❌ 空頭或無訊號
2022-06-07,535.0,22152512,-5589,-63,824,-4828,,59.34,63.98,False,False,False,❌ 空頭或無訊號
2022-06-08,544.0,19609522,4544,-27,1254,5771,,61.55,63.17,False,False,False,❌ 空頭或無訊號
2022-06-09,541.0,16894479,-2306,252,293,-1761,,57.7,61.35,False,False,False,❌ 空頭或無訊號
2022-06-10,530.0,22614596,-14523,-11,257,-14277,,39.54,54.08,False,False,False,❌ 空頭或無訊號
2022-06-13,516.0,36758925,-23234,71,-1403,-24566,,27.1,45.08,False,False,False,❌ 空頭或無訊號
2022-06-14,513.0,38838778,-19467,79,237,-19150,,22.23,37.47,False,False,False,❌ 空頭或無訊號
2022-06-15,509.0,38360508,-13779,246,-374,-13907,,16.58,30.5,False,False,False,❌ 空頭或無訊號
2022-06-16,508.0,31908028,1620,-8,-1398,214,,11.93,24.31,True,False,False,⭐ 弱勢反彈
2022-06-17,501.0,48400798,-17118,-1523,-771,-19412,,9.4,19.34,True,False,False,⭐ 弱勢反彈
2022-06-20,498.0,36664463,-12073,584,-804,-12293,,8.27,15.65,True,False,False,⭐ 弱勢反彈
2022-06-21,505.0,34432537,6228,281,3219,9727,,12.6,14.64,True,False,False,⭐ 弱勢反彈
2022-06-22,494.5,33438921,-8516,312,-704,-8908,,8.4,12.56,True,False,False,⭐ 弱勢反彈
2022-06-23,485.5,46808462,-6892,426,4551,-1916,,6.09,10.4,True,False,False,⭐ 弱勢反彈
2022-06-24,486.5,29003676,-2298,160,6514,4376,,5.67,8.83,True,False,False,⭐ 弱勢反彈
2022-06-27,498.5,38684368,7085,231,1915,9230,,18.3,11.98,True,True,False,⭐⭐ 偏多觀察
2022-06-28,497.5,16867955,-904,453,194,-257,,25.64,16.54,True,False,False,⭐ 弱勢反彈
2022-06-29,491.0,33124986,-3355,1283,-476,-2548,,26.62,19.9,False,False,False,❌ 空頭或無訊號
2022-06-30,476.0,49820824,-11499,-97,-644,-12240,,17.74,19.18,False,False,False,❌ 空頭或無訊號
2022-07-01,453.5,72597018,-10264,283,2854,-7127,,12.45,16.94,True,False,False,⭐ 弱勢反彈
2022-07-04,440.0,61206245,-5639,284,3296,-2059,,8.3,14.06,True,False,False,⭐ 弱勢反彈
2022-07-05,446.0,55469884,5273,-59,2309,7522,,11.47,13.2,True,False,False,⭐ 弱勢反彈
2022-07-06,435.5,42156925,1722,-256,242,1708,,8.79,11.73,True,False,False,⭐ 弱勢反彈
2022-07-07,457.5,50984110,15562,352,775,16689,,17.05,13.5,True,True,False,⭐⭐ 偏多觀察
2022-07-08,467.0,39134398,4084,244,-38,4290,,28.28,18.43,True,False,False,⭐ 弱勢反彈
2022-07-11,462.0,22930675,4851,301,-253,4899,,33.61,23.49,False,False,False,❌ 空頭或無訊號
2022-07-12,449.5,24155935,926,-34,-534,359,,32.69,26.55,False,False,False,❌ 空頭或無訊號
2022-07-13,470.5,48134139,6820,266,2851,9937,,52.28,35.13,False,False,False,❌ 空頭或無訊號
2022-07-14,475.0,34014188,-6541,616,1646,-4280,,66.31,45.52,False,False,False,❌ 空頭或無訊號
2022-07-15,492.5,56039339,4937,305,846,6087,,76.72,55.92,False,False,False,❌ 空頭或無訊號
2022-07-18,495.5,40797601,-863,-121,-401,-1385,,82.91,64.92,False,False,False,❌ 空頭或無訊號
2022-07-19,491.0,20554247,-1170,11,411,-748,,84.44,71.42,False,False,False,❌ 空頭或無訊號
2022-07-20,495.0,36862724,484,284,115,883,,84.64,75.83,False,False,False,❌ 空頭或無訊號
2022-07-21,501.0,23893063,6264,86,-42,6309,,88.51,80.06,False,False,False,❌ 空頭或無訊號
2022-07-22,503.0,26904474,6388,-354,-631,5403,,91.14,83.75,False,False,False,❌ 空頭或無訊號
2022-07-25,499.5,16803972,2425,375,-230,2571,,89.73,85.75,False,False,False,❌ 空頭或無訊號
2022-07-26,495.0,19524143,731,474,-325,879,,85.22,85.57,False,False,False,❌ 空頭或無訊號
2022-07-27,502.0,18411136,3058,98,15,3171,,86.57,85.9,False,True,False,⭐ 弱勢反彈
2022-07-28,501.0,35020547,5337,862,200,6400,,79.2,83.67,False,False,False,❌ 空頭或無訊號
2022-07-29,509.0,30632627,8460,568,167,9195,,84.71,84.02,False,True,False,⭐ 弱勢反彈
2022-08-01,504.0,24991291,-7028,1361,1116,-4551,,79.28,82.44,False,False,False,❌ 空頭或無訊號
2022-08-02,492.0,42669591,-9402,626,243,-8533,,58.28,74.39,False,False,False,❌ 空頭或無訊號
2022-08-03,501.0,29838832,4487,300,249,5037,,58.23,69.0,False,False,False,❌ 空頭或無訊號
2022-08-04,500.0,26589086,661,187,-278,569,,56.65,64.89,False,False,False,❌ 空頭或無訊號
2022-08-05,516.0,35052642,17487,1096,672,19255,,71.1,66.96,False,True,True,⭐⭐ 偏多觀察
2022-08-08,512.0,20568971,-3007,320,458,-2229,,75.89,69.93,False,False,True,⭐ 弱勢反彈
2022-08-09,510.0,24370709,-6922,255,549,-6118,,76.65,72.17,False,False,False,❌ 空頭或無訊號
2022-08-10,500.0,22112239,-11996,418,-486,-12064,,65.04,69.8,False,False,False,❌ 空頭或無訊號
2022-08-11,514.0,24906177,7683,236,170,8089,,74.27,71.29,False,True,False,⭐ 弱勢反彈
2022-08-12,517.0,21343450,5029,-31,139,5137,,81.72,74.76,False,False,False,❌ 空頭或無訊號
2022-08-15,523.0,22519886,3003,1843,148,4994,,86.74,78.75,False,False,False,❌ 空頭或無訊號
2022-08-16,525.0,21234122,-524,1200,913,1589,,90.08,82.53,False,False,False,❌ 空頭或無訊號
2022-08-17,527.0,28461939,-1843,362,1813,332,,93.39,86.15,False,False,True,⭐ 弱勢反彈
2022-08-18,520.0,18721898,-7955,227,863,-6864,,87.11,86.47,False,False,False,❌ 空頭或無訊號
2022-08-19,519.0,14235983,-4041,114,730,-3197,,81.71,84.88,False,False,True,⭐ 弱勢反彈
2022-08-22,510.0,23175820,-9166,234,980,-7951,,67.2,78.99,False,False,False,❌ 空頭或無訊號
2022-08-23,504.0,20997847,-8208,79,911,-7218,,47.47,68.48,False,False,False,❌ 空頭或無訊號
2022-08-24,503.0,14995494,-5571,-388,72,-5888,,32.98,56.65,False,False,False,❌ 空頭或無訊號
2022-08-25,508.0,10254367,-355,-469,966,142,,29.98,47.76,False,False,False,❌ 空頭或無訊號
2022-08-26,512.0,13268148,42,77,149,268,,33.32,42.95,False,False,False,❌ 空頭或無訊號
2022-08-29,498.5,28217313,-11777,-269,-1811,-13857,,24.9,36.93,False,False,False,❌ 空頭或無訊號
2022-08-30,496.0,25699463,-13630,244,473,-12913,,16.6,30.16,False,False,False,❌ 空頭或無訊號
2022-08-31,505.0,50999514,965,140,275,1380,,25.05,28.45,True,False,False,⭐ 弱勢反彈
2022-09-01,490.5,42008490,-18602,158,-5153,-23597,,17.36,24.76,False,False,False,❌ 空頭或無訊號
2022-09-02,485.0,33877655,-13968,233,188,-13547,,11.58,20.36,True,False,False,⭐ 弱勢反彈
2022-09-05,486.0,17327720,-475,223,466,214,,9.87,16.86,True,False,False,⭐ 弱勢反彈
2022-09-06,489.0,21197718,-1736,349,1332,-55,,11.96,15.23,True,False,False,⭐ 弱勢反彈
2022-09-07,472.5,38168331,-14110,164,-2441,-16387,,8.36,12.94,True,False,False,⭐ 弱勢反彈
2022-09-08,475.0,35355467,-7300,422,960,-5918,,8.6,11.49,True,False,False,⭐ 弱勢反彈
2022-09-12,486.5,27181969,2241,25,673,2939,,20.38,14.46,True,True,False,⭐⭐ 偏多觀察
2022-09-13,493.0,18916557,5454,-389,110,5175,,34.8,21.24,False,False,False,❌ 空頭或無訊號
2022-09-14,480.0,25046110,-10513,582,-257,-10188,,34.55,25.67,False,False,False,❌ 空頭或無訊號
2022-09-15,476.5,24272164,-5715,-40,-297,-6052,,29.55,26.97,False,False,False,❌ 空頭或無訊號
2022-09-16,472.0,41889816,-4994,404,-489,-5078,,23.55,25.83,False,False,False,❌ 空頭或無訊號
2022-09-19,467.0,20724347,-2786,413,415,-1958,,16.28,22.65,False,False,False,❌ 空頭或無訊號
2022-09-20,476.5,23269759,1109,340,475,1925,,22.55,22.61,True,False,False,⭐ 弱勢反彈
2022-09-21,471.0,24686050,-4313,167,1504,-2641,,20.3,21.84,False,False,False,❌ 空頭或無訊號
2022-09-22,464.5,31417685,-11193,86,-86,-11193,,18.62,20.77,False,False,False,❌ 空頭或無訊號
2022-09-23,455.0,32804066,-10978,108,1392,-9477,,12.42,17.99,True,False,False,⭐ 弱勢反彈
2022-09-26,446.5,34856957,-5056,920,267,-3869,,11.23,15.73,True,False,False,⭐ 弱勢反彈
2022-09-27,448.0,29570005,-5432,387,1444,-3601,,11.99,14.49,True,False,False,⭐ 弱勢反彈
2022-09-28,438.0,37827459,-4670,239,455,-3976,,7.99,12.32,True,False,False,⭐ 弱勢反彈
2022-09-29,435.0,42884163,-7730,258,1499,-5973,,7.5,10.72,True,False,False,⭐ 弱勢反彈
2022-09-30,422.0,58366820,-11719,-542,819,-11443,,5.0,8.81,True,False,False,⭐ 弱勢反彈
2022-10-03,417.0,38354967,-80,-724,-129,-933,,3.62,7.08,True,False,False,⭐ 弱勢反彈
2022-10-04,429.0,42455417,2475,282,1616,4372,,10.5,8.22,True,True,False,⭐⭐ 偏多觀察
2022-10-05,445.0,48321335,8011,844,680,9535,,28.59,15.01,True,False,False,⭐ 弱勢反彈
2022-10-06,451.0,30750331,6619,398,-22,6995,,49.73,26.58,False,False,False,❌ 空頭或無訊號
2022-10-07,438.0,32872044,-4396,543,151,-3702,,53.63,35.6,False,False,False,❌ 空頭或無訊號
2022-10-11,401.5,109842903,-44694,385,-2328,-46638,,36.09,35.76,False,False,False,❌ 空頭或無訊號
2022-10-12,397.5,64138351,-21402,43,1201,-20158,,25.26,32.26,False,False,False,❌ 空頭或無訊號
2022-10-13,395.0,43158592,-1459,543,-492,-1408,,16.84,27.12,False,False,False,❌ 空頭或無訊號
2022-10-14,412.0,59841064,7069,170,2449,9688,,21.34,25.19,True,False,False,⭐ 弱勢反彈
2022-10-17,397.0,45038159,-15681,171,1290,-14220,,15.42,21.94,False,False,False,❌ 空頭或無訊號
2022-10-18,407.0,41304834,-1712,443,2150,881,,17.42,20.43,True,False,False,⭐ 弱勢反彈
2022-10-19,395.5,48655069,-20021,-1080,3443,-17658,,11.91,17.59,True,False,False,⭐ 弱勢反彈
2022-10-20,397.5,63202035,-8350,-270,450,-8170,,14.08,16.42,True,False,False,⭐ 弱勢反彈
2022-10-21,389.5,38968511,-8785,158,902,-7725,,13.27,15.37,True,False,False,⭐ 弱勢反彈
2022-10-24,387.0,48691083,-12315,-124,4190,-8249,,9.96,13.57,True,False,False,⭐ 弱勢反彈
2022-10-25,371.0,81173913,-17700,-295,5103,-12892,,6.64,11.26,True,False,False,⭐ 弱勢反彈
2022-10-26,376.0,61440878,5571,-50,4566,10087,,8.77,10.43,True,False,False,⭐ 弱勢反彈
2022-10-27,385.5,47160778,4813,292,541,5646,,19.81,13.56,True,True,False,⭐⭐ 偏多觀察
2022-10-28,379.5,44691746,-11961,740,-350,-11571,,21.77,16.29,True,False,False,⭐ 弱勢反彈
2022-10-31,390.0,40598928,8234,342,363,8939,,33.56,22.05,False,False,False,❌ 空頭或無訊號
2022-11-01,391.5,42123141,-2172,85,1575,-512,,47.52,30.54,False,False,False,❌ 空頭或無訊號
2022-11-02,395.0,23169428,1693,486,369,2548,,60.92,40.67,False,False,False,❌ 空頭或無訊號
2022-11-03,384.0,42092776,-20592,70,271,-20251,,57.58,46.3,False,False,False,❌ 空頭或無訊號
2022-11-04,382.0,30839846,-7024,-16,464,-6576,,54.39,49.0,False,False,False,❌ 空頭或無訊號
2022-11-07,390.0,37704746,6341,51,295,6686,,62.93,53.64,False,False,False,❌ 空頭或無訊號
2022-11-08,399.0,32576136,13879,282,-1503,12658,,74.6,60.63,False,False,False,❌ 空頭或無訊號
2022-11-09,417.0,56357663,14292,615,-625,14282,,83.07,68.11,False,False,False,❌ 空頭或無訊號
2022-11-10,407.5,33671621,-6793,248,-1424,-7969,,80.49,72.24,False,False,False,❌ 空頭或無訊號
2022-11-11,441.5,83770040,45794,1848,-4270,43372,,86.73,77.07,False,False,False,❌ 空頭或無訊號
2022-11-14,445.0,63282094,14430,268,-3870,10829,,88.82,80.98,False,False,False,❌ 空頭或無訊號
2022-11-15,480.0,118536865,28763,891,-4680,24974,,90.4,84.12,False,False,False,❌ 空頭或無訊號
2022-11-16,487.0,88416393,9669,287,-5165,4792,,91.58,86.61,False,False,False,❌ 空頭或無訊號
2022-11-17,485.0,46850915,-1506,-88,906,-687,,91.58,88.27,False,False,False,❌ 空頭或無訊號
2022-11-18,487.0,37001332,2646,20,-596,2070,,92.05,89.53,False,False,False,❌ 空頭或無訊號
2022-11-21,482.0,30609465,-4803,14,867,-3922,,90.28,89.78,False,False,False,❌ 空頭或無訊號
2022-11-22,491.0,39329440,1680,-192,239,1728,,92.39,90.65,False,False,False,❌ 空頭或無訊號
2022-11-23,492.0,34752559,-5072,321,78,-4673,,92.74,91.35,False,False,False,❌ 空頭或無訊號
2022-11-24,496.0,28477359,10576,-153,441,10865,,95.16,92.62,False,False,False,❌ 空頭或無訊號
2022-11-25,498.0,41461805,-3964,-138,-2564,-6665,,96.77,94.0,False,False,False,❌ 空頭或無訊號
2022-11-28,480.5,40815045,-11599,-548,-1175,-13322,,72.49,86.83,False,False,False,❌ 空頭或無訊號
2022-11-29,487.0,40266315,1098,-32,-187,879,,66.99,80.22,False,False,True,⭐ 弱勢反彈
2022-11-30,490.0,60728041,8271,-64,-966,7241,,67.33,75.92,False,False,True,⭐ 弱勢反彈
2022-12-01,498.5,43684491,11922,291,-2474,9739,,69.17,73.67,False,False,True,⭐ 弱勢反彈
2022-12-02,492.5,29909021,-5943,93,-1941,-7791,,64.69,70.68,False,False,True,⭐ 弱勢反彈
2022-12-05,489.0,33048153,-5905,190,-373,-6088,,58.36,66.57,False,False,True,⭐ 弱勢反彈
2022-12-06,478.0,44964237,-7218,-148,-1008,-8375,,43.67,58.94,False,False,False,❌ 空頭或無訊號
2022-12-07,475.0,39978821,-5234,-85,-39,-5358,,31.02,49.63,False,False,False,❌ 空頭或無訊號
2022-12-08,471.5,28348573,-3133,-39,-1198,-4370,,24.34,41.2,False,False,False,❌ 空頭或無訊號
2022-12-09,481.5,28903860,931,90,1396,2417,,28.01,36.8,False,False,True,⭐ 弱勢反彈
2022-12-12,475.0,24064002,-1264,-7,-750,-2021,,25.18,32.93,False,False,True,⭐ 弱勢反彈
2022-12-13,471.5,36028109,-8604,-71,355,-8321,,20.44,28.77,False,False,True,⭐ 弱勢反彈
2022-12-14,480.5,35263781,5150,157,-302,5004,,28.38,28.64,False,False,True,⭐ 弱勢反彈
2022-12-15,480.5,26001756,3461,-50,-419,2992,,33.68,30.32,False,True,True,⭐⭐ 偏多觀察
2022-12-16,471.0,51707693,-12722,531,-3063,-15254,,30.25,30.3,False,False,True,⭐ 弱勢反彈
2022-12-19,466.5,24231653,-3018,359,-1075,-3734,,22.61,27.73,False,False,True,⭐ 弱勢反彈
2022-12-20,457.5,33181363,-8021,634,-1251,-8638,,17.9,24.45,False,False,True,⭐ 弱勢反彈
2022-12-21,459.0,40831313,411,-413,-1033,-1036,,16.45,21.79,True,False,True,⭐⭐ 偏多觀察
2022-12-22,468.0,14519582,3091,574,-287,3379,,27.32,23.63,True,True,True,⭐⭐⭐ 黃金買點
2022-12-23,455.0,26724153,-13810,-55,-678,-14543,,18.21,21.82,False,False,True,⭐ 弱勢反彈
2022-12-26,456.5,9152790,-1038,-69,-62,-1169,,15.71,19.79,True,False,True,⭐⭐ 偏多觀察
2022-12-27,457.0,10486219,755,61,-62,754,,14.64,18.07,True,False,True,⭐⭐ 偏多觀察
2022-12-28,451.0,34823492,-15629,-59,-1739,-17428,,16.43,17.52,True,False,True,⭐⭐ 偏多觀察
2022-12-29,446.0,25596357,-5899,-124,1168,-4854,,15.27,16.77,True,False,True,⭐⭐ 偏多觀察
2022-12-30,448.5,22297604,-166,-242,540,132,,17.73,17.09,True,True,False,⭐⭐ 偏多觀察
2023-01-03,453.0,15311364,-1035,229,-54,-859,,25.03,19.74,True,False,True,⭐⭐ 偏多觀察
2023-01-04,449.5,20626874,-2961,263,994,-1704,,25.49,21.65,False,False,True,⭐ 弱勢反彈
2023-01-05,458.5,23972099,6726,-17,-635,6074,,43.66,28.99,False,False,True,⭐ 弱勢反彈
2023-01-06,458.5,21313593,4193,334,1782,6309,,55.77,37.92,False,False,True,⭐ 弱勢反彈
2023-01-09,481.0,49186355,29063,522,991,30575,,70.52,48.78,False,False,True,⭐ 弱勢反彈
2023-01-10,486.0,34785370,13398,514,-616,13296,,79.59,59.05,False,False,True,⭐ 弱勢反彈
2023-01-11,484.5,21749124,-114,101,1135,1122,,83.83,67.31,False,False,True,⭐ 弱勢反彈
2023-01-12,486.5,22416984,5299,446,556,6301,,88.11,74.25,False,False,True,⭐ 弱勢反彈
2023-01-13,500.0,81848755,49026,1198,517,50741,,87.53,78.67,False,False,True,⭐ 弱勢反彈
2023-01-16,505.0,38781925,18939,-392,172,18718,,89.48,82.28,False,False,True,⭐ 弱勢反彈
2023-01-17,503.0,29443522,10960,-4542,697,7114,,89.28,84.61,False,False,True,⭐ 弱勢反彈
2023-01-30,543.0,148413161,80641,938,880,82459,,92.86,87.36,False,False,True,⭐ 弱勢反彈
2023-01-31,522.0,79212272,-13043,242,2515,-10286,,85.97,86.9,False,False,True,⭐ 弱勢反彈
2023-02-01,530.0,42539626,9255,-36,439,9658,,83.54,85.78,False,False,True,⭐ 弱勢反彈
2023-02-02,540.0,46523592,20869,22,-711,20181,,87.39,86.31,False,True,True,⭐⭐ 偏多觀察
2023-02-03,542.0,34156234,16057,-519,-153,15385,,91.03,87.88,False,False,True,⭐ 弱勢反彈
2023-02-06,526.0,32208918,-10182,589,-283,-9876,,81.14,85.64,False,False,True,⭐ 弱勢反彈
2023-02-07,523.0,24362116,-2730,223,305,-2201,,72.1,81.12,False,False,True,⭐ 弱勢反彈
2023-02-08,540.0,37633169,19455,301,593,20350,,79.1,80.45,False,False,True,⭐ 弱勢反彈
2023-02-09,540.0,22311345,6954,20,62,7037,,81.52,80.81,False,True,True,⭐⭐ 偏多觀察
2023-02-10,545.0,30445088,14193,-40,-359,13794,,86.35,82.65,False,False,True,⭐ 弱勢反彈
2023-02-13,541.0,23903151,-1674,331,-917,-2260,,83.95,83.09,False,False,True,⭐ 弱勢反彈
2023-02-14,545.0,23855974,6109,1133,460,7702,,87.91,84.7,False,False,True,⭐ 弱勢反彈
2023-02-15,525.0,66068713,-7966,444,-1263,-8784,,62.78,77.39,False,False,True,⭐ 弱勢反彈
2023-02-16,528.0,33509968,3052,-355,944,3640,,50.18,68.32,False,False,True,⭐ 弱勢反彈
2023-02-17,518.0,29673053,-9078,4,-118,-9192,,35.68,57.44,False,False,True,⭐ 弱勢反彈
2023-02-20,517.0,21181235,-1767,-455,-248,-2469,,29.5,48.13,False,False,True,⭐ 弱勢反彈
2023-02-21,516.0,15097509,-2205,3,-308,-2510,,24.43,40.23,False,False,True,⭐ 弱勢反彈
2023-02-22,507.0,26578867,-2705,26,-854,-3532,,17.91,32.79,False,False,True,⭐ 弱勢反彈
2023-02-23,518.0,26801677,5032,-328,1226,5930,,22.51,29.36,True,False,True,⭐⭐ 偏多觀察
2023-02-24,511.0,48372303,710,343,-51,1002,,19.88,26.2,False,False,True,⭐ 弱勢反彈
2023-03-01,522.0,45971058,7751,48,-1807,5992,,34.69,29.03,True,True,True,⭐⭐⭐ 黃金買點
2023-03-02,519.0,18017085,154,110,-709,-444,,41.64,33.23,False,False,True,⭐ 弱勢反彈
2023-03-03,516.0,24117189,-5792,1069,-62,-4785,,46.81,37.76,False,False,True,⭐ 弱勢反彈
2023-03-06,521.0,24741125,-63,944,2846,3727,,58.19,44.57,False,False,True,⭐ 弱勢反彈
2023-03-07,524.0,27650283,77,1491,799,2366,,69.1,52.75,False,False,True,⭐ 弱勢反彈
2023-03-08,521.0,27077587,-5028,150,1669,-3209,,71.82,59.1,False,False,True,⭐ 弱勢反彈
2023-03-09,522.0,25639391,-206,204,198,195,,75.15,64.45,False,False,True,⭐ 弱勢反彈
2023-03-10,513.0,25572403,-8138,158,-806,-8786,,63.74,64.22,False,False,True,⭐ 弱勢反彈
2023-03-13,516.0,22568740,1478,62,492,2033,,60.67,63.04,False,False,True,⭐ 弱勢反彈
2023-03-14,510.0,26599476,-4624,217,-55,-4462,,42.41,56.16,False,False,True,⭐ 弱勢反彈
2023-03-15,511.0,24080361,-2123,285,-1430,-3268,,32.2,48.17,False,False,True,⭐ 弱勢反彈
2023-03-16,505.0,23325664,-5726,171,312,-5243,,22.98,39.77,False,False,True,⭐ 弱勢反彈
2023-03-17,518.0,35872881,8563,-1850,-51,6662,,36.53,38.69,False,False,True,⭐ 弱勢反彈
2023-03-20,512.0,12752221,-1744,11,57,-1676,,36.48,37.95,False,False,True,⭐ 弱勢反彈
2023-03-21,517.0,18519120,2380,222,91,2692,,44.01,39.97,False,True,True,⭐⭐ 偏多觀察
2023-03-22,533.0,45681056,29608,184,333,30125,,62.68,47.54,False,False,True,⭐ 弱勢反彈
2023-03-23,538.0,28614856,9496,617,-586,9527,,74.16,56.42,False,False,True,⭐ 弱勢反彈
2023-03-24,539.0,22963771,6010,1973,-154,7829,,82.78,65.2,False,False,True,⭐ 弱勢反彈
2023-03-27,531.0,17170557,-1238,-156,280,-1114,,80.9,70.43,False,False,True,⭐ 弱勢反彈
2023-03-28,525.0,18327556,-1466,-93,-57,-1616,,73.93,71.6,False,False,True,⭐ 弱勢反彈
2023-03-29,530.0,17620195,4817,84,-426,4474,,72.28,71.83,False,False,True,⭐ 弱勢反彈
2023-03-30,535.0,20380650,5724,-100,147,5771,,76.92,73.52,False,False,True,⭐ 弱勢反彈
2023-03-31,533.0,24324776,3830,-85,758,4503,,77.21,74.75,False,False,True,⭐ 弱勢反彈
2023-04-06,530.0,26706549,2353,-29,-221,2103,,64.8,71.44,False,False,True,⭐ 弱勢反彈
2023-04-07,531.0,11114272,2281,44,-94,2231,,58.76,67.21,False,False,True,⭐ 弱勢反彈
2023-04-10,529.0,8203168,1224,-55,-79,1090,,50.28,61.57,False,False,True,⭐ 弱勢反彈
2023-04-11,524.0,23087326,-1472,-1225,635,-2062,,37.69,53.61,False,False,True,⭐ 弱勢反彈
2023-04-12,520.0,24772925,-6272,-538,342,-6468,,29.89,45.7,False,False,True,⭐ 弱勢反彈
2023-04-13,510.0,27501436,-9290,-154,-203,-9646,,19.93,37.11,False,False,False,❌ 空頭或無訊號
2023-04-14,516.0,21174653,3825,-169,304,3960,,20.43,31.55,True,False,False,⭐ 弱勢反彈
2023-04-17,520.0,17895837,1842,151,-182,1811,,25.52,29.54,False,False,True,⭐ 弱勢反彈
2023-04-18,515.0,15687059,-1670,-261,135,-1796,,23.68,27.59,False,False,False,❌ 空頭或無訊號
2023-04-19,510.0,23209923,-7975,-1198,2393,-6780,,17.07,24.08,False,False,False,❌ 空頭或無訊號
2023-04-20,513.0,21002685,111,-524,408,-5,,16.94,21.7,True,False,False,⭐ 弱勢反彈
2023-04-21,511.0,25440179,156,-263,186,79,,14.99,19.46,True,False,False,⭐ 弱勢反彈
2023-04-24,507.0,17579661,-3147,-536,15,-3667,,15.0,17.97,True,False,False,⭐ 弱勢反彈
2023-04-25,498.0,40916105,-17769,-150,-316,-18235,,10.0,15.32,True,False,False,⭐ 弱勢反彈
2023-04-26,491.5,33174539,-9077,403,3747,-4927,,7.24,12.62,True,False,False,⭐ 弱勢反彈
2023-04-27,493.5,34149043,-6968,-398,376,-6990,,9.67,11.64,True,False,False,⭐ 弱勢反彈
2023-04-28,502.0,38812949,-881,515,138,-228,,20.42,14.57,True,True,False,⭐⭐ 偏多觀察
2023-05-02,501.0,17142380,-2159,388,1294,-477,,26.52,18.55,False,False,False,❌ 空頭或無訊號
2023-05-03,496.0,12694698,-4095,127,363,-3605,,25.21,20.77,False,False,False,❌ 空頭或無訊號
2023-05-04,498.0,13699933,-1635,38,347,-1251,,26.48,22.67,False,False,False,❌ 空頭或無訊號
2023-05-05,500.0,7898012,265,-152,415,528,,35.11,26.82,False,False,False,❌ 空頭或無訊號
2023-05-08,504.0,11737287,854,319,107,1280,,48.41,34.02,False,False,False,❌ 空頭或無訊號
2023-05-09,510.0,18762778,6380,293,156,6830,,65.61,44.55,False,False,False,❌ 空頭或無訊號
2023-05-10,503.0,19385820,-7066,-6,192,-6879,,65.96,51.68,False,False,False,❌ 空頭或無訊號
2023-05-11,499.0,13775130,-2763,-36,140,-2659,,52.86,52.08,False,False,False,❌ 空頭或無訊號
2023-05-12,496.0,20746928,-7035,93,1002,-5941,,37.46,47.21,False,False,False,❌ 空頭或無訊號
2023-05-15,495.5,15548031,-2528,192,1060,-1275,,27.13,40.51,False,False,False,❌ 空頭或無訊號
2023-05-16,505.0,24052785,2405,-324,4428,6509,,40.66,40.56,False,True,False,⭐ 弱勢反彈
2023-05-17,519.0,44352410,16087,20,11898,28006,,57.93,46.35,False,False,False,❌ 空頭或無訊號
2023-05-18,530.0,46107848,18851,-2179,4958,21630,,67.13,53.28,False,False,True,⭐ 弱勢反彈
2023-05-19,532.0,34742592,17952,-95,1996,19853,,74.88,60.48,False,False,True,⭐ 弱勢反彈
2023-05-22,531.0,19037508,6069,-161,123,6031,,79.23,66.73,False,False,True,⭐ 弱勢反彈
2023-05-23,530.0,20126817,5900,-367,714,6247,,81.34,71.6,False,False,True,⭐ 弱勢反彈
2023-05-24,525.0,22621221,-611,239,1578,1206,,78.72,73.97,False,False,True,⭐ 弱勢反彈
2023-05-25,543.0,68360924,42423,89,1735,44247,,84.49,77.48,False,False,True,⭐ 弱勢反彈
2023-05-26,566.0,104924623,69215,-814,587,68988,,88.68,81.21,False,False,True,⭐ 弱勢反彈
2023-05-29,568.0,58813792,20510,-188,79,20401,,89.51,83.98,False,False,True,⭐ 弱勢反彈
2023-05-30,566.0,47490594,11458,-401,62,11119,,87.68,85.21,False,False,True,⭐ 弱勢反彈
2023-05-31,558.0,90675529,7889,-224,2533,10198,,81.12,83.85,False,False,True,⭐ 弱勢反彈
2023-06-01,551.0,25257673,-2903,142,295,-2467,,72.08,79.92,False,False,True,⭐ 弱勢反彈
2023-06-02,562.0,34705102,8372,167,37,8576,,73.39,77.74,False,False,True,⭐ 弱勢反彈
2023-06-05,555.0,17483804,-2493,-300,-245,-3038,,69.59,75.03,False,False,True,⭐ 弱勢反彈
2023-06-06,560.0,21562088,3149,-342,393,3200,,67.11,72.39,False,False,True,⭐ 弱勢反彈
2023-06-07,568.0,29091913,7436,1451,339,9226,,69.74,71.51,False,False,True,⭐ 弱勢反彈
2023-06-08,559.0,25250687,-3260,-233,-272,-3765,,59.0,67.34,False,False,True,⭐ 弱勢反彈
2023-06-09,565.0,19776199,5015,-106,427,5337,,67.11,67.26,False,False,True,⭐ 弱勢反彈
2023-06-12,574.0,28656646,14442,429,113,14983,,78.07,70.86,False,True,True,⭐⭐ 偏多觀察
2023-06-13,593.0,62671781,34284,-118,1393,35559,,84.62,75.45,False,False,True,⭐ 弱勢反彈
2023-06-14,590.0,25981992,1726,-72,512,2166,,86.5,79.13,False,False,True,⭐ 弱勢反彈
2023-06-15,591.0,29868798,7471,-555,36,6953,,88.56,82.27,False,False,True,⭐ 弱勢反彈
2023-06-16,589.0,41560389,6401,-1805,235,4831,,88.31,84.29,False,False,True,⭐ 弱勢反彈
2023-06-19,583.0,14883308,-1693,112,-296,-1877,,82.8,83.79,False,False,True,⭐ 弱勢反彈
2023-06-20,583.0,17013418,1296,-764,-206,326,,79.13,82.24,False,False,True,⭐ 弱勢反彈
2023-06-21,581.0,23718735,1031,-692,590,928,,72.96,79.15,False,False,True,⭐ 弱勢反彈
2023-06-26,574.0,29870090,-5694,-3,314,-5383,,52.99,70.43,False,False,True,⭐ 弱勢反彈
2023-06-27,572.0,22447417,-5350,-2006,501,-6854,,39.32,60.06,False,False,True,⭐ 弱勢反彈
2023-06-28,574.0,18684508,-3672,-94,378,-3387,,33.16,51.09,False,False,True,⭐ 弱勢反彈
2023-06-29,573.0,18046268,-915,-121,1407,371,,27.66,43.28,False,False,True,⭐ 弱勢反彈
2023-06-30,576.0,33830922,-2616,-607,649,-2574,,30.56,39.04,False,False,True,⭐ 弱勢反彈
2023-07-03,579.0,15118041,2359,-305,1401,3455,,41.94,40.01,False,True,True,⭐⭐ 偏多觀察
2023-07-04,585.0,17777363,4795,-1347,-13,3435,,61.3,47.11,False,False,True,⭐ 弱勢反彈
2023-07-05,582.0,15553503,-840,-503,-1092,-2436,,63.09,52.43,False,False,True,⭐ 弱勢反彈
2023-07-06,565.0,32069711,-16294,-574,-603,-17470,,42.06,48.97,False,False,True,⭐ 弱勢反彈
2023-07-07,565.0,19858943,-3669,-185,-100,-3955,,30.6,42.85,False,False,True,⭐ 弱勢反彈
2023-07-10,565.0,18996089,-327,-67,-775,-1169,,22.97,36.22,False,False,True,⭐ 弱勢反彈
2023-07-11,577.0,18566571,7304,173,-306,7171,,33.26,35.23,False,False,True,⭐ 弱勢反彈
2023-07-12,578.0,16220006,2777,2,-1385,1395,,41.4,37.29,False,True,True,⭐⭐ 偏多觀察
2023-07-13,585.0,26878397,12626,-647,403,12382,,54.76,43.11,False,False,True,⭐ 弱勢反彈
2023-07-14,591.0,24381177,12484,-172,204,12516,,69.84,52.02,False,False,True,⭐ 弱勢反彈
2023-07-17,591.0,14311753,3744,-1044,-1262,1438,,79.89,61.31,False,False,True,⭐ 弱勢反彈
2023-07-18,581.0,22022410,-4055,-827,-349,-5232,,74.69,65.77,False,False,True,⭐ 弱勢反彈
2023-07-19,581.0,24909638,733,-396,-879,-542,,71.22,67.59,False,False,True,⭐ 弱勢反彈
2023-07-20,579.0,15676734,-4299,-68,943,-3424,,65.43,66.87,False,False,True,⭐ 弱勢反彈
2023-07-21,560.0,52275128,-23122,219,-580,-23483,,46.56,60.1,False,False,True,⭐ 弱勢反彈
2023-07-24,558.0,27656825,-6013,-1067,-6,-7086,,32.02,50.74,False,False,True,⭐ 弱勢反彈
2023-07-25,569.0,22767807,1759,-386,195,1568,,33.11,44.86,False,False,True,⭐ 弱勢反彈
2023-07-26,566.0,15147698,-2429,-276,-57,-2762,,30.9,40.21,False,False,True,⭐ 弱勢反彈
2023-07-27,569.0,13004888,322,-521,297,98,,32.36,37.59,False,False,True,⭐ 弱勢反彈
2023-07-28,567.0,19009675,-3008,-327,504,-2831,,32.33,35.84,False,False,True,⭐ 弱勢反彈
2023-07-31,565.0,28409339,-3201,-303,499,-3005,,30.44,34.04,False,False,True,⭐ 弱勢反彈
2023-08-01,567.0,18916866,879,-83,115,911,,32.64,33.57,False,False,True,⭐ 弱勢反彈
2023-08-02,561.0,34495766,-5003,-44,-2035,-7082,,29.17,32.1,False,False,True,⭐ 弱勢反彈
2023-08-04,554.0,29320685,-10798,-159,-357,-11313,,22.34,28.85,False,False,False,❌ 空頭或無訊號
2023-08-07,558.0,15607870,-744,418,-240,-566,,23.59,27.1,False,False,False,❌ 空頭或無訊號
2023-08-08,552.0,21167596,-4790,723,-1553,-5621,,17.12,23.77,False,False,False,❌ 空頭或無訊號
2023-08-09,554.0,15088059,778,348,154,1280,,16.74,21.43,True,False,False,⭐ 弱勢反彈
2023-08-10,551.0,18884431,-1763,392,-492,-1863,,12.5,18.45,True,False,False,⭐ 弱勢反彈
2023-08-11,546.0,24816095,-6421,217,28,-6176,,8.33,15.08,True,False,False,⭐ 弱勢反彈
2023-08-14,541.0,24728477,-7790,1566,190,-6035,,9.72,13.29,True,False,False,⭐ 弱勢反彈
2023-08-15,542.0,16341396,-1001,-460,113,-1348,,11.69,12.76,True,False,False,⭐ 弱勢反彈
2023-08-16,542.0,29612963,-8703,806,1505,-6393,,15.79,13.77,True,True,False,⭐⭐ 偏多觀察
2023-08-17,544.0,24070209,1429,-83,487,1833,,21.19,16.24,True,False,False,⭐ 弱勢反彈
2023-08-18,539.0,19582982,-3886,-1118,113,-4892,,18.68,17.05,False,False,False,❌ 空頭或無訊號
2023-08-21,537.0,18313588,-4894,-219,228,-4885,,16.62,16.91,True,False,False,⭐ 弱勢反彈
2023-08-22,541.0,14853796,1749,19,-60,1708,,20.8,18.21,True,True,False,⭐⭐ 偏多觀察
2023-08-23,552.0,21701684,5055,-251,92,4896,,38.87,25.09,False,False,False,❌ 空頭或無訊號
2023-08-24,564.0,24409517,10141,-244,116,10013,,59.24,36.48,False,False,False,❌ 空頭或無訊號
2023-08-25,546.0,25782760,-11923,-215,-764,-12903,,52.83,41.93,False,False,False,❌ 空頭或無訊號
2023-08-28,549.0,9384631,-329,362,-171,-138,,51.89,45.25,False,False,False,❌ 空頭或無訊號
2023-08-29,552.0,10969386,-392,110,143,-138,,54.59,48.36,False,False,False,❌ 空頭或無訊號
2023-08-30,555.0,18674649,1469,39,756,2264,,59.73,52.15,False,False,False,❌ 空頭或無訊號
2023-08-31,549.0,47265347,-5641,58,429,-5154,,56.48,53.6,False,False,False,❌ 空頭或無訊號
2023-09-01,548.0,15194921,-2221,-209,274,-2155,,50.48,52.56,False,False,False,❌ 空頭或無訊號
2023-09-04,557.0,9772925,546,141,-123,565,,55.87,53.66,False,True,False,⭐ 弱勢反彈
2023-09-05,552.0,14337041,-4385,109,-25,-4301,,51.53,52.95,False,False,False,❌ 空頭或無訊號
2023-09-06,550.0,14442757,-1788,48,-810,-2550,,48.08,51.33,False,False,False,❌ 空頭或無訊號
2023-09-07,542.0,22610385,-8986,-281,-943,-10210,,32.05,44.9,False,False,False,❌ 空頭或無訊號
2023-09-08,539.0,16702110,-9431,349,-39,-9121,,26.7,38.84,False,False,False,❌ 空頭或無訊號
2023-09-11,536.0,15540773,-7777,89,-412,-8100,,19.14,32.27,False,False,False,❌ 空頭或無訊號
2023-09-12,544.0,17135765,-4605,827,1036,-2742,,26.39,30.31,True,False,False,⭐ 弱勢反彈
2023-09-13,541.0,16836487,-2390,589,442,-1360,,26.69,29.1,False,False,False,❌ 空頭或無訊號
2023-09-14,550.0,18377284,5784,128,-106,5805,,40.52,32.91,False,True,False,⭐ 弱勢反彈
2023-09-15,558.0,44681949,10574,-4966,-827,4780,,60.35,42.05,False,False,False,❌ 空頭或無訊號
2023-09-18,540.0,40148161,-23317,-39,-64,-23421,,47.48,43.86,False,False,False,❌ 空頭或無訊號
2023-09-19,538.0,21099739,-14437,85,98,-14254,,36.0,41.24,False,False,False,❌ 空頭或無訊號
2023-09-20,535.0,28098535,-15231,51,108,-15072,,24.0,35.49,False,False,False,❌ 空頭或無訊號
2023-09-21,527.0,35984810,-22164,395,-47,-21815,,17.04,29.34,False,False,False,❌ 空頭或無訊號
2023-09-22,522.0,33499481,-15752,-246,1078,-14921,,11.36,23.35,True,False,False,⭐ 弱勢反彈
2023-09-25,525.0,20583374,-5296,68,740,-4488,,10.35,19.02,True,False,False,⭐ 弱勢反彈
2023-09-26,519.0,29064997,-17315,221,-115,-17209,,6.9,14.98,True,False,False,⭐ 弱勢反彈
2023-09-27,522.0,18655088,-1096,336,-664,-1425,,9.36,13.11,True,False,False,⭐ 弱勢反彈
2023-09-28,523.0,28350350,-2946,37,778,-2131,,13.31,13.17,True,True,False,⭐⭐ 偏多觀察
2023-10-02,533.0,26891996,2184,321,467,2973,,29.86,18.74,True,False,False,⭐ 弱勢反彈
2023-10-03,529.0,17601440,-2604,-26,-75,-2705,,39.61,25.69,False,False,False,❌ 空頭或無訊號
2023-10-04,520.0,29808729,-13699,-17,-227,-13943,,33.81,28.4,False,False,False,❌ 空頭或無訊號
2023-10-05,528.0,25749184,-1232,151,1121,40,,44.76,33.85,False,False,False,❌ 空頭或無訊號
2023-10-06,532.0,16160314,461,909,1112,2481,,59.47,42.39,False,False,False,❌ 空頭或無訊號
2023-10-11,544.0,61670562,18943,289,1072,20304,,72.98,52.59,False,False,False,❌ 空頭或無訊號
2023-10-12,550.0,36350241,12866,888,422,14176,,81.99,62.39,False,False,False,❌ 空頭或無訊號
2023-10-13,553.0,34704924,6950,1392,224,8566,,87.04,70.61,False,False,False,❌ 空頭或無訊號
2023-10-16,545.0,21867048,-7099,1164,763,-5173,,82.79,74.67,False,False,False,❌ 空頭或無訊號
2023-10-17,551.0,19462529,4250,1299,238,5787,,85.67,78.33,False,False,False,❌ 空頭或無訊號
2023-10-18,540.0,28848123,-5542,860,56,-4625,,77.11,77.93,False,False,False,❌ 空頭或無訊號
2023-10-19,546.0,26999255,-2112,1633,3165,2686,,76.14,77.33,False,False,False,❌ 空頭或無訊號
2023-10-20,556.0,49143932,17391,1267,-3286,15372,,84.09,79.58,False,True,False,⭐ 弱勢反彈
2023-10-23,544.0,24172637,-7844,980,-295,-7158,,64.4,74.52,False,False,False,❌ 空頭或無訊號
2023-10-24,544.0,15761516,-3341,482,697,-2162,,51.26,66.77,False,False,False,❌ 空頭或無訊號
2023-10-25,544.0,17137199,-371,651,-142,139,,42.51,58.68,False,False,False,❌ 空頭或無訊號
2023-10-26,531.0,31682955,-12270,246,-1744,-13768,,29.62,49.0,False,False,False,❌ 空頭或無訊號
2023-10-27,533.0,17050787,-4402,1477,-73,-2998,,23.59,40.53,False,False,False,❌ 空頭或無訊號
2023-10-30,532.0,23299422,-9207,488,378,-8341,,20.49,33.85,False,False,False,❌ 空頭或無訊號
2023-10-31,529.0,28073280,-8403,494,-358,-8267,,15.96,27.89,False,False,False,❌ 空頭或無訊號
2023-11-01,528.0,14028881,-4465,95,365,-4006,,11.79,22.52,True,False,False,⭐ 弱勢反彈
2023-11-02,547.0,31075778,10883,565,275,11724,,33.5,26.18,True,True,False,⭐⭐ 偏多觀察
2023-11-03,549.0,16673456,1332,258,-13,1577,,52.89,35.08,False,False,False,❌ 空頭或無訊號
2023-11-06,550.0,31297186,12831,-104,163,12890,,61.7,43.95,False,False,False,❌ 空頭或無訊號
2023-11-07,555.0,16990175,6471,285,-255,6500,,73.31,53.74,False,False,True,⭐ 弱勢反彈
2023-11-08,556.0,16780331,3873,8,148,4029,,81.1,62.86,False,False,True,⭐ 弱勢反彈
2023-11-09,557.0,13649525,1932,142,18,2092,,87.4,71.04,False,False,True,⭐ 弱勢反彈
2023-11-10,557.0,14105575,1377,10,-215,1172,,91.6,77.89,False,False,True,⭐ 弱勢反彈
2023-11-13,571.0,46556047,16596,813,109,17518,,88.74,81.51,False,False,True,⭐ 弱勢反彈
2023-11-14,572.0,25366980,8273,-25,1044,9292,,86.57,83.19,False,False,True,⭐ 弱勢反彈
2023-11-15,581.0,53122455,26759,-683,-71,26004,,89.29,85.23,False,False,True,⭐ 弱勢反彈
2023-11-16,583.0,31059487,10840,105,518,11464,,92.86,87.77,False,False,True,⭐ 弱勢反彈
2023-11-17,580.0,22878229,3974,296,134,4404,,92.21,89.25,False,False,True,⭐ 弱勢反彈
2023-11-20,577.0,26606128,1841,-125,270,1985,,88.75,89.08,False,False,True,⭐ 弱勢反彈
2023-11-21,585.0,39880714,17669,97,-772,16994,,92.5,90.22,False,True,True,⭐⭐ 偏多觀察
2023-11-22,577.0,23922047,-3142,-478,-230,-3851,,86.4,88.95,False,False,True,⭐ 弱勢反彈
2023-11-23,578.0,15143501,2838,-253,-218,2367,,74.26,84.05,False,False,True,⭐ 弱勢反彈
2023-11-24,575.0,12503334,-1134,70,-118,-1182,,59.03,75.71,False,False,True,⭐ 弱勢反彈
2023-11-27,568.0,20321872,-2134,59,-56,-2131,,39.36,63.59,False,False,True,⭐ 弱勢反彈
2023-11-28,575.0,26932029,3322,-98,687,3911,,42.9,56.7,False,False,True,⭐ 弱勢反彈
2023-11-29,574.0,27786565,367,55,-553,-132,,43.6,52.33,False,False,True,⭐ 弱勢反彈
2023-11-30,577.0,54365027,4882,-68,-770,4044,,49.07,51.24,False,False,True,⭐ 弱勢反彈
2023-12-01,579.0,28797795,7100,-611,-1060,5429,,56.05,52.84,False,True,True,⭐⭐ 偏多觀察
2023-12-04,574.0,29424299,-5240,-6,10,-5237,,55.01,53.57,False,False,True,⭐ 弱勢反彈
2023-12-05,570.0,27355530,-4359,-1211,-419,-5989,,46.48,51.2,False,False,True,⭐ 弱勢反彈
2023-12-06,570.0,23116422,2000,-53,165,2113,,40.79,47.73,False,False,True,⭐ 弱勢反彈
2023-12-07,566.0,24259384,-2554,-301,-295,-3150,,29.15,41.54,False,False,True,⭐ 弱勢反彈
2023-12-08,570.0,39243978,7907,-826,-896,6185,,29.24,37.44,False,False,True,⭐ 弱勢反彈
2023-12-11,574.0,29204446,4587,-123,252,4717,,36.16,37.01,False,False,True,⭐ 弱勢反彈
2023-12-12,578.0,32856787,9876,-63,-387,9426,,49.11,41.04,False,True,True,⭐⭐ 偏多觀察
2023-12-13,577.0,24327758,-118,-58,420,244,,55.65,45.91,False,False,True,⭐ 弱勢反彈
2023-12-14,582.0,40580966,22224,120,-1038,21306,,70.44,54.09,False,False,True,⭐ 弱勢反彈
2023-12-15,585.0,58693166,14136,388,-902,13622,,78.62,62.27,False,False,True,⭐ 弱勢反彈
2023-12-18,585.0,26938728,3319,580,-829,3070,,84.08,69.54,False,False,True,⭐ 弱勢反彈
2023-12-19,585.0,30591879,6889,923,-2590,5222,,84.84,74.64,False,False,True,⭐ 弱勢反彈
2023-12-20,585.0,38628249,20096,245,-12026,8315,,84.34,77.87,False,False,True,⭐ 弱勢反彈
2023-12-21,577.0,26007263,-8062,-302,-269,-8633,,69.19,74.98,False,False,True,⭐ 弱勢反彈
2023-12-22,582.0,19328302,9164,-136,-456,8571,,64.08,71.34,False,False,True,⭐ 弱勢反彈
2023-12-25,581.0,9994163,2737,-393,110,2454,,58.1,66.93,False,False,True,⭐ 弱勢反彈
2023-12-26,586.0,17033926,11634,-318,-457,10859,,66.94,66.93,False,True,True,⭐⭐ 偏多觀察
2023-12-27,592.0,34750958,21250,-247,-1288,19715,,77.96,70.61,False,False,True,⭐ 弱勢反彈
2023-12-28,593.0,27152352,13824,-272,-2592,10960,,85.31,75.51,False,False,True,⭐ 弱勢反彈
2023-12-29,593.0,20155619,5524,226,-746,5004,,90.2,80.41,False,False,True,⭐ 弱勢反彈
2024-01-02,593.0,27997826,7832,759,-1008,7583,,93.47,84.76,False,False,True,⭐ 弱勢反彈
2024-01-03,578.0,40134497,-7592,592,-250,-7249,,67.87,79.13,False,False,True,⭐ 弱勢反彈
2024-01-04,580.0,18063758,79,246,55,380,,53.09,70.45,False,False,True,⭐ 弱勢反彈
2024-01-05,576.0,22008878,-7850,28,74,-7748,,38.9,59.93,False,False,True,⭐ 弱勢反彈
2024-01-08,583.0,19270119,4980,419,-320,5079,,41.72,53.86,False,False,True,⭐ 弱勢反彈
2024-01-09,586.0,23718766,3702,1522,20,5245,,48.87,52.2,False,False,True,⭐ 弱勢反彈
2024-01-10,584.0,13708117,-152,-104,27,-228,,50.12,51.51,False,False,True,⭐ 弱勢反彈
2024-01-11,586.0,27842729,-1546,-630,32,-2144,,54.47,52.49,False,True,True,⭐⭐ 偏多觀察
2024-01-12,584.0,17636558,-2128,-668,195,-2602,,53.86,52.95,False,False,True,⭐ 弱勢反彈
2024-01-15,586.0,21900687,405,143,846,1394,,60.9,55.6,False,False,True,⭐ 弱勢反彈
2024-01-16,580.0,28889681,-8039,-1854,1803,-8091,,53.1,54.77,False,False,True,⭐ 弱勢反彈
2024-01-17,581.0,46857735,-16038,396,6314,-9328,,49.99,53.17,False,False,True,⭐ 弱勢反彈
2024-01-18,588.0,36746623,8177,751,1956,10885,,61.1,55.82,False,True,True,⭐⭐ 偏多觀察
2024-01-19,626.0,176166037,112956,1142,941,115039,,73.39,61.67,False,False,True,⭐ 弱勢反彈
2024-01-22,626.0,70829523,18518,-434,116,18200,,78.02,67.12,False,False,True,⭐ 弱勢反彈
2024-01-23,628.0,45761889,11160,-642,134,10652,,82.31,72.18,False,False,True,⭐ 弱勢反彈
2024-01-24,627.0,29905121,8450,-157,-531,7762,,84.57,76.31,False,False,True,⭐ 弱勢反彈
2024-01-25,642.0,59214638,34188,-98,199,34289,,89.72,80.78,False,False,True,⭐ 弱勢反彈
2024-01-26,644.0,44103850,17906,441,-970,17377,,92.16,84.58,False,False,True,⭐ 弱勢反彈
2024-01-29,648.0,29828008,6523,331,169,7023,,94.78,87.98,False,False,True,⭐ 弱勢反彈
2024-01-30,642.0,40398877,2205,-558,-131,1516,,93.34,89.76,False,False,True,⭐ 弱勢反彈
2024-01-31,628.0,47554701,-6350,-926,1417,-5859,,75.95,85.16,False,False,True,⭐ 弱勢反彈
2024-02-01,628.0,46924943,10793,-188,1418,12023,,60.98,77.1,False,False,True,⭐ 弱勢反彈
2024-02-02,635.0,27797894,8400,-263,176,8312,,59.04,71.08,False,False,True,⭐ 弱勢反彈
2024-02-05,646.0,48037344,10957,-1322,-852,8783,,70.4,70.85,False,False,True,⭐ 弱勢反彈
2024-02-15,697.0,132263803,42447,-38,465,42875,,75.82,72.51,False,True,True,⭐⭐ 偏多觀察
2024-02-16,683.0,48963167,-7088,-312,2928,-4472,,74.25,73.09,False,False,True,⭐ 弱勢反彈
2024-02-19,678.0,36366837,-10732,82,1855,-8795,,71.35,72.51,False,False,True,⭐ 弱勢反彈
2024-02-20,687.0,31403730,2641,-12,-1188,1441,,72.75,72.59,False,True,True,⭐⭐ 偏多觀察
2024-02-21,681.0,31980543,-5942,39,1514,-4389,,71.47,72.22,False,False,True,⭐ 弱勢反彈
2024-02-22,692.0,34269392,7728,38,2125,9890,,74.68,73.04,False,True,True,⭐⭐ 偏多觀察
2024-02-23,697.0,48404478,20881,-366,-570,19946,,78.18,74.75,False,False,True,⭐ 弱勢反彈
2024-02-26,698.0,29976379,5093,-223,1521,6391,,80.29,76.6,False,False,True,⭐ 弱勢反彈
2024-02-27,698.0,35389548,4624,-288,-183,4153,,76.38,76.53,False,False,True,⭐ 弱勢反彈
2024-02-29,690.0,59337072,-3985,-271,2146,-2111,,69.31,74.12,False,False,True,⭐ 弱勢反彈
2024-03-01,689.0,24167721,4709,-333,335,4711,,63.45,70.57,False,False,True,⭐ 弱勢反彈
2024-03-04,725.0,97210112,50094,-60,-130,49904,,75.63,72.25,False,True,True,⭐⭐ 偏多觀察
2024-03-05,730.0,73299411,7307,-797,-1664,4847,,79.31,74.61,False,False,True,⭐ 弱勢反彈
2024-03-06,735.0,52464833,3374,-339,50,3085,,84.32,77.84,False,False,True,⭐ 弱勢反彈
2024-03-07,760.0,80382406,20061,-178,-321,19562,,85.84,80.51,False,False,True,⭐ 弱勢反彈
2024-03-08,784.0,98069174,20821,-277,-338,20206,,86.86,82.63,False,False,True,⭐ 弱勢反彈
2024-03-11,766.0,73436931,-13430,-234,2793,-10871,,81.98,82.41,False,False,True,⭐ 弱勢反彈
2024-03-12,770.0,63336798,-1987,83,2517,613,,79.96,81.59,False,False,True,⭐ 弱勢反彈
2024-03-13,779.0,43130896,6898,-138,-1375,5385,,81.39,81.53,False,False,True,⭐ 弱勢反彈
2024-03-14,784.0,48964017,1408,-415,99,1091,,82.89,81.98,False,True,True,⭐⭐ 偏多觀察
2024-03-15,753.0,80580846,-18597,-1940,1505,-19032,,70.45,78.14,False,False,True,⭐ 弱勢反彈
2024-03-18,764.0,46006400,243,-513,829,560,,66.8,74.36,False,False,True,⭐ 弱勢反彈
2024-03-19,762.0,32078900,1436,-833,-1620,-1016,,51.51,66.74,False,False,True,⭐ 弱勢反彈
2024-03-20,758.0,48788389,-2258,-299,-795,-3351,,38.88,57.46,False,False,True,⭐ 弱勢反彈
2024-03-21,784.0,47759094,11869,117,2660,14647,,58.25,57.72,False,True,True,⭐⭐ 偏多觀察
2024-03-22,785.0,32629749,4023,-157,1309,5176,,68.56,61.33,False,False,True,⭐ 弱勢反彈
2024-03-25,780.0,21223414,-6,-217,672,450,,70.93,64.53,False,False,True,⭐ 弱勢反彈
2024-03-26,782.0,43103294,4232,60,140,4432,,72.29,67.12,False,False,True,⭐ 弱勢反彈
2024-03-27,779.0,19732209,-3943,29,124,-3790,,70.69,68.31,False,False,True,⭐ 弱勢反彈
2024-03-28,769.0,28393398,-6551,-315,47,-6820,,61.29,65.97,False,False,True,⭐ 弱勢反彈
2024-03-29,779.0,20212820,7736,-213,-829,6694,,63.36,65.1,False,False,True,⭐ 弱勢反彈
2024-04-01,770.0,22348250,1169,-844,1358,1683,,57.24,62.48,False,False,True,⭐ 弱勢反彈
2024-04-02,790.0,42219075,11547,14,1170,12732,,68.72,64.56,False,True,True,⭐⭐ 偏多觀察
2024-04-03,780.0,32909892,-85,-60,321,176,,62.48,63.87,False,False,True,⭐ 弱勢反彈
2024-04-08,783.0,40567580,-422,-208,554,-76,,62.49,63.41,False,False,True,⭐ 弱勢反彈
2024-04-09,819.0,61642573,19100,586,669,20355,,74.35,67.05,False,True,True,⭐⭐ 偏多觀察
2024-04-10,815.0,31109466,-5896,190,229,-5477,,79.69,71.27,False,False,True,⭐ 弱勢反彈
2024-04-11,820.0,27772972,-498,0,451,-47,,86.46,76.33,False,False,True,⭐ 弱勢反彈
2024-04-12,818.0,32473155,-2047,-427,-1096,-3570,,86.38,79.68,False,False,True,⭐ 弱勢反彈
2024-04-15,806.0,41251141,-11842,289,576,-10977,,79.22,79.53,False,False,True,⭐ 弱勢反彈
2024-04-16,788.0,54120813,-15290,-275,-393,-15959,,59.76,72.94,False,False,True,⭐ 弱勢反彈
2024-04-17,804.0,36616351,-3970,-76,388,-3659,,57.9,67.92,False,False,True,⭐ 弱勢反彈
2024-04-18,804.0,45765617,-7933,-1363,877,-8419,,54.88,63.57,False,False,True,⭐ 弱勢反彈
2024-04-19,750.0,143868560,-55140,-200,-2766,-58106,,38.25,55.13,False,False,True,⭐ 弱勢反彈
2024-04-22,742.0,52354944,-8303,261,1250,-6792,,26.28,45.51,False,False,True,⭐ 弱勢反彈
2024-04-23,754.0,32067682,2979,175,263,3417,,22.94,37.99,False,False,True,⭐ 弱勢反彈
2024-04-24,783.0,41652749,13376,-358,1429,14448,,31.96,35.98,False,False,True,⭐ 弱勢反彈
2024-04-25,766.0,30492037,-9086,175,-84,-8996,,33.35,35.1,False,False,True,⭐ 弱勢反彈
2024-04-26,782.0,34721905,15909,-1413,174,14670,,42.23,37.48,False,True,True,⭐⭐ 偏多觀察
2024-04-29,795.0,30704200,9081,-182,610,9510,,54.34,43.1,False,False,True,⭐ 弱勢反彈
2024-04-30,790.0,41627249,3936,-215,-445,3276,,60.04,48.75,False,False,True,⭐ 弱勢反彈
2024-05-02,772.0,47536363,-8856,-50,1737,-7169,,57.23,51.57,False,False,True,⭐ 弱勢反彈
2024-05-03,780.0,31026748,13351,-554,-126,12670,,59.66,54.27,False,False,True,⭐ 弱勢反彈
2024-05-06,786.0,33733509,10581,131,845,11557,,62.44,56.99,False,False,True,⭐ 弱勢反彈
2024-05-07,800.0,35917824,16169,22,384,16575,,73.16,62.38,False,False,True,⭐ 弱勢反彈
2024-05-08,802.0,22585765,4114,-118,-109,3886,,82.11,68.96,False,False,True,⭐ 弱勢反彈
2024-05-09,796.0,22863681,-4198,18,1308,-2872,,81.4,73.1,False,False,True,⭐ 弱勢反彈
2024-05-10,802.0,27560431,6175,34,2757,8966,,82.84,76.35,False,False,True,⭐ 弱勢反彈
2024-05-13,819.0,38146948,15952,673,-1366,15259,,84.79,79.16,False,False,True,⭐ 弱勢反彈
2024-05-14,825.0,29663617,5899,-15,-63,5821,,89.86,82.73,False,False,True,⭐ 弱勢反彈
2024-05-15,839.0,41805778,11230,-16,1277,12491,,90.89,85.45,False,False,True,⭐ 弱勢反彈
2024-05-16,841.0,46276890,7786,-292,2004,9498,,86.78,85.89,False,False,True,⭐ 弱勢反彈
2024-05-17,835.0,27855719,3337,117,611,4065,,80.25,84.01,False,False,True,⭐ 弱勢反彈
2024-05-20,835.0,30148330,-3091,70,1718,-1303,,75.9,81.31,False,False,True,⭐ 弱勢反彈
2024-05-21,841.0,20548110,3737,126,239,4102,,75.6,79.4,False,False,True,⭐ 弱勢反彈
2024-05-22,864.0,40904357,12824,17,793,13634,,83.23,80.68,False,True,True,⭐⭐ 偏多觀察
2024-05-23,875.0,40771207,5218,-71,-228,4919,,87.81,83.06,False,False,True,⭐ 弱勢反彈
2024-05-24,867.0,37353467,1738,-227,-301,1211,,86.82,84.31,False,False,True,⭐ 弱勢反彈
2024-05-27,869.0,32691921,-5198,-20,875,-4343,,85.86,84.83,False,False,True,⭐ 弱勢反彈
2024-05-28,865.0,32712504,-5624,9,152,-5462,,82.83,84.16,False,False,True,⭐ 弱勢反彈
2024-05-29,857.0,51073346,-1419,-70,275,-1213,,76.06,81.46,False,False,True,⭐ 弱勢反彈
2024-05-30,838.0,42535118,-14918,119,-442,-15241,,60.23,74.38,False,False,True,⭐ 弱勢反彈
2024-05-31,821.0,90177283,-17105,107,225,-16772,,40.15,62.97,False,False,True,⭐ 弱勢反彈
2024-06-03,846.0,29629706,7151,221,1050,8422,,41.39,55.78,False,False,True,⭐ 弱勢反彈
2024-06-04,839.0,31031104,-2929,-91,-636,-3656,,38.12,49.89,False,False,True,⭐ 弱勢反彈
2024-06-05,854.0,37531781,-508,501,-699,-706,,44.71,48.16,False,False,True,⭐ 弱勢反彈
2024-06-06,894.0,67300344,14806,794,-600,15000,,61.0,52.44,False,True,True,⭐⭐ 偏多觀察
2024-06-07,879.0,44489018,-15384,-38,10,-15413,,65.46,56.78,False,False,True,⭐ 弱勢反彈
2024-06-11,883.0,57435637,-7080,322,-80,-6838,,70.13,61.23,False,False,True,⭐ 弱勢反彈
2024-06-12,909.0,51874967,10880,393,-135,11138,,78.3,66.92,False,False,True,⭐ 弱勢反彈
2024-06-13,919.0,59656092,6643,388,97,7128,,80.85,71.56,False,False,True,⭐ 弱勢反彈
2024-06-14,922.0,43289572,-3435,184,884,-2367,,82.9,75.34,False,False,True,⭐ 弱勢反彈
2024-06-17,921.0,28796529,-6756,235,-54,-6574,,83.93,78.21,False,False,True,⭐ 弱勢反彈
2024-06-18,943.0,40870419,6810,366,546,7721,,87.26,81.22,False,False,True,⭐ 弱勢反彈
2024-06-19,981.0,76684138,12775,367,-725,12417,,90.55,84.33,False,False,True,⭐ 弱勢反彈
2024-06-20,981.0,52144900,-8939,434,3283,-5222,,92.75,87.14,False,False,True,⭐ 弱勢反彈
2024-06-21,970.0,97995843,-5342,-1110,-300,-6753,,90.55,88.28,False,False,True,⭐ 弱勢反彈
2024-06-24,940.0,74081708,-21256,58,316,-20882,,78.42,84.99,False,False,True,⭐ 弱勢反彈
2024-06-25,945.0,62079701,-3509,166,244,-3099,,69.16,79.71,False,False,True,⭐ 弱勢反彈
2024-06-26,960.0,48821135,2053,307,-336,2024,,69.31,76.25,False,False,True,⭐ 弱勢反彈
2024-06-27,960.0,41276086,-2005,-120,431,-1695,,68.27,73.59,False,False,True,⭐ 弱勢反彈
2024-06-28,966.0,42998776,423,58,1146,1627,,69.01,72.06,False,False,True,⭐ 弱勢反彈
2024-07-01,968.0,20936005,-863,81,119,-662,,70.6,71.58,False,False,True,⭐ 弱勢反彈
2024-07-02,960.0,27992930,-222,189,-437,-470,,68.33,70.49,False,False,True,⭐ 弱勢反彈
2024-07-03,979.0,25022531,6123,304,1167,7594,,78.89,73.29,False,True,True,⭐⭐ 偏多觀察
2024-07-04,1005.0,47251502,11913,243,1630,13787,,84.01,76.86,False,False,True,⭐ 弱勢反彈
2024-07-05,1005.0,21735614,-5217,461,-303,-5060,,87.42,80.38,False,False,True,⭐ 弱勢反彈
2024-07-08,1035.0,45678332,-4157,255,-82,-3985,,86.67,82.48,False,False,True,⭐ 弱勢反彈
2024-07-09,1040.0,54339957,-13261,766,67,-12428,,86.39,83.78,False,False,True,⭐ 弱勢反彈
2024-07-10,1045.0,51810372,-8648,650,-101,-8100,,87.6,85.05,False,False,True,⭐ 弱勢反彈
2024-07-11,1080.0,49304453,-1655,695,383,-577,,91.73,87.28,False,False,True,⭐ 弱勢反彈
2024-07-12,1040.0,79472761,-27378,810,255,-26312,,83.47,86.01,False,False,True,⭐ 弱勢反彈
2024-07-15,1040.0,44123104,-8496,51,262,-8182,,77.18,83.07,False,False,True,⭐ 弱勢反彈
2024-07-16,1055.0,36244442,180,2200,-654,1725,,74.75,80.29,False,False,True,⭐ 弱勢反彈
2024-07-17,1030.0,62390596,-20445,790,-2573,-22228,,62.33,74.3,False,False,True,⭐ 弱勢反彈
2024-07-18,1005.0,94327431,-35127,2062,1352,-31713,,48.29,65.63,False,False,True,⭐ 弱勢反彈
2024-07-19,970.0,110541544,-38005,418,-2821,-40408,,32.19,54.49,False,False,True,⭐ 弱勢反彈
2024-07-22,939.0,90266550,-5402,1560,2711,-1131,,21.7,43.56,False,False,True,⭐ 弱勢反彈
2024-07-23,979.0,53439290,6944,1097,-506,7535,,24.09,37.07,False,False,True,⭐ 弱勢反彈
2024-07-26,924.0,95625050,-43661,836,-2339,-45163,,18.0,30.71,False,False,True,⭐ 弱勢反彈
2024-07-29,944.0,44000914,9363,1616,-1305,9674,,18.23,26.55,True,False,True,⭐⭐ 偏多觀察
2024-07-30,940.0,45996400,-8897,1125,-243,-8015,,17.53,23.54,True,False,True,⭐⭐ 偏多觀察
2024-07-31,934.0,47407263,-6196,255,-711,-6652,,16.56,21.22,True,False,True,⭐⭐ 偏多觀察
2024-08-01,960.0,50257642,1981,632,-587,2027,,27.71,23.38,True,True,True,⭐⭐⭐ 黃金買點
2024-08-02,903.0,89044852,-43220,1741,-4672,-46150,,18.47,21.74,False,False,False,❌ 空頭或無訊號
2024-08-05,815.0,159662795,-44300,1801,-9407,-51906,,12.72,18.73,True,False,False,⭐ 弱勢反彈
2024-08-06,880.0,108521787,30591,4327,-704,34214,,21.93,19.8,True,True,False,⭐⭐ 偏多觀察
2024-08-07,920.0,62643163,7739,1253,102,9093,,37.48,25.69,False,False,False,❌ 空頭或無訊號
2024-08-08,896.0,41288222,-9204,510,-1094,-9788,,42.72,31.37,False,False,False,❌ 空頭或無訊號
2024-08-09,934.0,54464183,16361,146,-2492,14014,,54.34,39.03,False,False,True,⭐ 弱勢反彈
2024-08-12,940.0,40968742,11269,356,-3047,8579,,63.36,47.14,False,False,True,⭐ 弱勢反彈
2024-08-13,941.0,26831364,2953,290,-72,3170,,69.59,54.62,False,False,True,⭐ 弱勢反彈
2024-08-14,948.0,40527779,7991,646,-949,7688,,78.08,62.44,False,False,True,⭐ 弱勢反彈
2024-08-15,943.0,21714163,959,-338,-1277,-656,,82.57,69.15,False,False,True,⭐ 弱勢反彈
2024-08-16,969.0,49830670,17832,664,1087,19583,,88.38,75.56,False,False,True,⭐ 弱勢反彈
2024-08-19,973.0,22416274,1970,-92,-3166,-1288,,91.5,80.87,False,False,True,⭐ 弱勢反彈
2024-08-20,973.0,26420625,1370,22,-2288,-896,,92.85,84.87,False,False,True,⭐ 弱勢反彈
2024-08-21,958.0,32606816,-2937,171,-4531,-7298,,83.72,84.48,False,False,True,⭐ 弱勢反彈
2024-08-22,951.0,25850379,-4175,67,-48,-4156,,70.3,79.76,False,False,True,⭐ 弱勢反彈
2024-08-23,949.0,31203321,-4394,228,1370,-2796,,56.87,72.13,False,False,True,⭐ 弱勢反彈
2024-08-26,950.0,26518126,-5225,520,575,-4130,,47.56,63.94,False,False,True,⭐ 弱勢反彈
2024-08-27,942.0,19969925,-5131,51,338,-4742,,34.34,54.07,False,False,False,❌ 空頭或無訊號
2024-08-28,964.0,33519083,-697,197,547,48,,44.82,50.99,False,False,True,⭐ 弱勢反彈
2024-08-29,943.0,46275772,-21788,1047,-769,-21509,,34.88,45.62,False,False,False,❌ 空頭或無訊號
2024-08-30,944.0,75533393,29,484,578,1092,,29.09,40.11,False,False,False,❌ 空頭或無訊號
2024-09-02,948.0,19272593,61,-164,-72,-175,,32.97,37.73,False,False,False,❌ 空頭或無訊號
2024-09-03,940.0,23205623,-781,136,-21,-667,,25.69,33.72,False,False,False,❌ 空頭或無訊號
2024-09-04,889.0,93169835,-49026,722,-5088,-53392,,17.56,28.33,False,False,False,❌ 空頭或無訊號
2024-09-05,902.0,34147890,3094,664,-2457,1301,,17.85,24.84,True,False,False,⭐ 弱勢反彈
2024-09-06,918.0,28248063,4502,435,-765,4172,,25.06,24.91,True,True,False,⭐⭐ 偏多觀察
2024-09-09,899.0,38448946,-20677,559,300,-19818,,21.53,23.78,False,False,False,❌ 空頭或無訊號
2024-09-10,904.0,34312646,-3604,415,590,-2598,,22.31,23.29,False,False,False,❌ 空頭或無訊號
2024-09-11,901.0,19513256,-2132,658,179,-1294,,21.34,22.64,False,False,False,❌ 空頭或無訊號
2024-09-12,940.0,43749260,21570,71,1267,22908,,40.1,28.46,False,True,False,⭐ 弱勢反彈
2024-09-13,947.0,28307441,6962,49,-404,6607,,56.09,37.67,False,False,False,❌ 空頭或無訊號
2024-09-16,947.0,14456888,719,372,-450,641,,66.74,47.36,False,False,False,❌ 空頭或無訊號
2024-09-18,941.0,30094662,-458,539,-3615,-3534,,70.54,55.09,False,False,False,❌ 空頭或無訊號
2024-09-19,960.0,35254383,7342,387,3498,11227,,80.36,63.51,False,False,True,⭐ 弱勢反彈
2024-09-20,973.0,66762167,19412,376,-79,19709,,83.61,70.21,False,False,True,⭐ 弱勢反彈
2024-09-23,977.0,15399658,2125,71,778,2975,,87.04,75.82,False,False,True,⭐ 弱勢反彈
2024-09-24,987.0,29324170,9434,-73,-31,9330,,91.36,81.0,False,False,True,⭐ 弱勢反彈
2024-09-25,1005.0,43039991,9857,176,2251,12285,,94.24,85.41,False,False,True,⭐ 弱勢反彈
2024-09-26,1015.0,43341810,12427,113,2020,14561,,96.16,89.0,False,False,True,⭐ 弱勢反彈
2024-09-27,1000.0,37665070,4109,51,466,4626,,88.38,88.79,False,False,True,⭐ 弱勢反彈
2024-09-30,957.0,66874949,-20273,-91,-45,-20410,,67.62,81.73,False,False,False,❌ 空頭或無訊號
2024-10-01,972.0,27877267,1486,-7,-12,1466,,58.56,74.01,False,False,False,❌ 空頭或無訊號
2024-10-04,977.0,43765757,3077,-166,-621,2291,,48.84,65.62,False,False,False,❌ 空頭或無訊號
2024-10-07,1005.0,43850831,10969,732,2430,14132,,56.09,62.44,False,False,False,❌ 空頭或無訊號
2024-10-08,1010.0,35344059,2549,90,-777,1861,,63.38,62.76,False,True,False,⭐ 弱勢反彈
2024-10-09,1020.0,53208610,14666,-16,154,14803,,69.17,64.89,False,False,False,❌ 空頭或無訊號
2024-10-11,1045.0,47776351,14871,219,403,15493,,77.66,69.15,False,False,False,❌ 空頭或無訊號
2024-10-14,1045.0,39906157,-6088,628,716,-4743,,81.7,73.33,False,False,True,⭐ 弱勢反彈
2024-10-15,1070.0,52066470,11065,250,875,12190,,86.39,77.69,False,False,True,⭐ 弱勢反彈
2024-10-16,1045.0,60312846,-16937,-224,1303,-15858,,81.67,79.01,False,False,False,❌ 空頭或無訊號
2024-10-17,1035.0,56618332,-12990,587,4168,-8235,,75.43,77.82,False,False,True,⭐ 弱勢反彈
2024-10-18,1085.0,91036335,34398,-135,2445,36708,,79.12,78.25,False,True,True,⭐⭐ 偏多觀察
2024-10-21,1085.0,42094031,6577,-1252,339,5664,,81.22,79.24,False,False,True,⭐ 弱勢反彈
2024-10-22,1075.0,43740591,-6766,-80,82,-6764,,77.07,78.52,False,False,True,⭐ 弱勢反彈
2024-10-23,1060.0,32895421,-1094,-105,-958,-2157,,68.04,75.03,False,False,True,⭐ 弱勢反彈
2024-10-24,1060.0,40791484,6231,456,-503,6184,,59.65,69.9,False,False,True,⭐ 弱勢反彈
2024-10-25,1065.0,23347890,5544,-455,31,5120,,56.43,65.41,False,False,True,⭐ 弱勢反彈
2024-10-28,1050.0,41665065,3220,399,492,4110,,47.15,59.32,False,False,True,⭐ 弱勢反彈
2024-10-29,1040.0,48097705,-1955,1074,-711,-1593,,39.76,52.8,False,False,True,⭐ 弱勢反彈
2024-10-30,1030.0,40765247,-2903,717,54,-2132,,30.68,45.43,False,False,True,⭐ 弱勢反彈
2024-11-01,1025.0,61545741,-8312,452,-45,-7904,,30.21,40.36,False,False,True,⭐ 弱勢反彈
2024-11-04,1040.0,28225506,-992,417,-184,-760,,37.6,39.44,False,False,True,⭐ 弱勢反彈
2024-11-05,1050.0,33407780,16,425,-848,-407,,46.5,41.79,False,True,True,⭐⭐ 偏多觀察
2024-11-06,1060.0,59404980,-7740,610,-1327,-8457,,56.4,46.66,False,False,True,⭐ 弱勢反彈
2024-11-07,1065.0,46030563,-12284,345,940,-10999,,64.98,52.77,False,False,True,⭐ 弱勢反彈
2024-11-08,1090.0,38840413,3050,389,478,3917,,76.65,60.73,False,False,True,⭐ 弱勢反彈
2024-11-11,1085.0,36630666,21,249,-3301,-3031,,82.66,68.04,False,False,True,⭐ 弱勢反彈
2024-11-12,1050.0,54098799,-16890,165,-1837,-18561,,74.26,70.11,False,False,True,⭐ 弱勢反彈
2024-11-13,1035.0,46420969,-15722,354,-1420,-16788,,63.33,67.85,False,False,True,⭐ 弱勢反彈
2024-11-14,1035.0,49328914,-3544,487,-1884,-4941,,47.35,61.02,False,False,True,⭐ 弱勢反彈
2024-11-15,1035.0,37405855,-1998,-382,-111,-2490,,36.7,52.91,False,False,True,⭐ 弱勢反彈
2024-11-18,1025.0,33583180,-2280,715,-695,-2260,,26.84,44.22,False,False,True,⭐ 弱勢反彈
2024-11-19,1040.0,25497606,2555,478,1157,4191,,27.42,38.62,False,False,True,⭐ 弱勢反彈
2024-11-20,1025.0,40203197,-15851,763,1328,-13760,,20.66,32.63,False,False,True,⭐ 弱勢反彈
2024-11-21,1010.0,44679981,-12767,547,599,-11621,,13.77,26.35,False,False,True,⭐ 弱勢反彈
2024-11-22,1040.0,32509453,7435,480,654,8569,,27.36,26.69,True,True,True,⭐⭐⭐ 黃金買點
2024-11-25,1030.0,54443912,-7172,1463,1289,-4421,,34.91,29.43,False,False,True,⭐ 弱勢反彈
2024-11-26,1010.0,31309332,-10896,110,-158,-10945,,23.27,27.38,False,False,True,⭐ 弱勢反彈
2024-11-27,1000.0,34602143,-9614,-26,-768,-10408,,15.52,23.42,False,False,False,❌ 空頭或無訊號
2024-11-28,1005.0,37166049,-2252,1046,-82,-1289,,17.81,21.55,True,False,False,⭐ 弱勢反彈
2024-11-29,996.0,43621329,-8404,444,80,-7881,,14.18,19.09,True,False,False,⭐ 弱勢反彈
2024-12-02,1035.0,33333423,10949,348,-121,11176,,34.16,24.12,True,True,True,⭐⭐⭐ 黃金買點
2024-12-03,1055.0,48632084,9737,348,22,10107,,51.54,33.26,False,False,True,⭐ 弱勢反彈
2024-12-04,1070.0,35431584,11122,52,-336,10838,,67.69,44.74,False,False,True,⭐ 弱勢反彈
2024-12-05,1075.0,41293183,9732,-7,-157,9568,,76.57,55.35,False,False,True,⭐ 弱勢反彈
2024-12-06,1065.0,32090124,-3349,-161,-96,-3607,,78.7,63.13,False,False,True,⭐ 弱勢反彈
2024-12-09,1075.0,30255281,4753,-308,-5,4440,,83.9,70.06,False,False,True,⭐ 弱勢反彈
2024-12-10,1065.0,32359253,-2213,-18,-252,-2482,,83.59,74.57,False,False,True,⭐ 弱勢反彈
2024-12-11,1045.0,26948940,-7277,427,-408,-7259,,75.49,74.88,False,False,True,⭐ 弱勢反彈
2024-12-12,1060.0,26574460,-635,-158,-93,-886,,73.41,74.39,False,False,True,⭐ 弱勢反彈
2024-12-13,1065.0,24329785,-896,-179,-863,-1938,,67.98,72.25,False,False,True,⭐ 弱勢反彈
2024-12-16,1085.0,43679921,18767,-109,-919,17739,,78.66,74.39,False,True,True,⭐⭐ 偏多觀察
2024-12-17,1075.0,40033595,2750,-173,-48,2528,,72.44,73.74,False,False,True,⭐ 弱勢反彈
2024-12-18,1085.0,47331164,12564,-190,-908,11466,,74.96,74.14,False,True,True,⭐⭐ 偏多觀察
2024-12-19,1070.0,46126529,-6196,425,315,-5456,,66.64,71.64,False,False,True,⭐ 弱勢反彈
2024-12-20,1035.0,56392109,-22205,3,499,-21702,,44.43,62.57,False,False,False,❌ 空頭或無訊號
2024-12-23,1080.0,32800319,17701,553,862,19116,,54.62,59.92,False,False,True,⭐ 弱勢反彈
2024-12-24,1080.0,30069757,6113,-12,532,6632,,61.41,60.42,False,True,True,⭐⭐ 偏多觀察
2024-12-25,1085.0,16186220,3798,50,1301,5150,,68.72,63.18,False,False,True,⭐ 弱勢反彈
2024-12-26,1085.0,15017636,4192,47,83,4323,,73.59,66.65,False,False,True,⭐ 弱勢反彈
2024-12-27,1090.0,26151993,6775,-85,95,6785,,79.62,70.97,False,False,True,⭐ 弱勢反彈
2024-12-30,1090.0,27437455,2610,-31,-233,2346,,83.63,75.19,False,False,True,⭐ 弱勢反彈
2024-12-31,1075.0,29239004,-6885,-91,162,-6815,,77.98,76.12,False,False,True,⭐ 弱勢反彈
2025-01-02,1065.0,45045125,-12452,306,-1482,-13628,,68.65,73.63,False,False,True,⭐ 弱勢反彈
2025-01-03,1075.0,31244211,5304,364,-36,5632,,62.43,69.9,False,False,True,⭐ 弱勢反彈
2025-01-06,1125.0,77874801,29406,113,2800,32320,,74.96,71.58,False,True,True,⭐⭐ 偏多觀察
2025-01-07,1130.0,54691485,-4270,-291,674,-3887,,73.78,72.32,False,False,True,⭐ 弱勢反彈
2025-01-08,1105.0,49181518,-12898,-296,990,-12204,,65.06,69.9,False,False,True,⭐ 弱勢反彈
2025-01-09,1100.0,29916198,-6564,22,2,-6539,,57.66,65.82,False,False,True,⭐ 弱勢反彈
2025-01-10,1100.0,24475751,-5017,-203,-38,-5258,,52.73,61.45,False,False,True,⭐ 弱勢反彈
2025-01-13,1075.0,62629547,-15740,1389,377,-13975,,41.5,54.8,False,False,True,⭐ 弱勢反彈
2025-01-14,1090.0,31280235,-745,661,-135,-219,,38.78,49.46,False,False,True,⭐ 弱勢反彈
2025-01-15,1065.0,37966582,-11694,472,-157,-11379,,25.85,41.59,False,False,False,❌ 空頭或無訊號
2025-01-16,1105.0,49872673,12938,-1819,1493,12612,,31.27,38.15,False,False,True,⭐ 弱勢反彈
2025-01-17,1120.0,60857371,13346,-148,-177,13020,,40.14,38.82,False,True,True,⭐⭐ 偏多觀察
2025-01-20,1120.0,32062171,4160,-416,200,3945,,52.95,43.53,False,False,True,⭐ 弱勢反彈
2025-01-21,1120.0,24368832,2372,344,45,2761,,61.49,49.52,False,False,True,⭐ 弱勢反彈
2025-01-22,1135.0,45996696,6860,75,841,7776,,68.45,55.83,False,False,True,⭐ 弱勢反彈
2025-02-03,1070.0,113031525,-30298,2773,1669,-25856,,49.33,53.66,False,False,True,⭐ 弱勢反彈
2025-02-04,1095.0,57904652,12195,352,-1044,11502,,45.85,51.06,False,False,True,⭐ 弱勢反彈
2025-02-05,1110.0,43082532,6000,45,289,6334,,49.09,50.4,False,False,True,⭐ 弱勢反彈
2025-02-06,1115.0,33768196,-48,338,98,387,,53.09,51.3,False,True,True,⭐⭐ 偏多觀察
2025-02-07,1125.0,31107545,3045,15,38,3098,,59.47,54.02,False,False,True,⭐ 弱勢反彈
2025-02-10,1105.0,31037109,-2271,-132,-479,-2882,,56.31,54.79,False,False,True,⭐ 弱勢反彈
2025-02-11,1110.0,21023057,1229,-353,-292,584,,56.06,55.21,False,False,True,⭐ 弱勢反彈
2025-02-12,1100.0,26190392,213,-19,-347,-153,,52.19,54.2,False,False,True,⭐ 弱勢反彈
2025-02-13,1090.0,35681521,-10885,454,1117,-9313,,50.18,52.86,False,False,True,⭐ 弱勢反彈
2025-02-14,1060.0,73417323,-20971,-91,35,-21028,,33.45,46.39,False,False,False,❌ 空頭或無訊號
2025-02-17,1085.0,37215861,9680,-301,260,9639,,35.12,42.63,False,False,True,⭐ 弱勢反彈
2025-02-18,1100.0,24018940,4529,-375,-247,3907,,43.93,43.07,False,True,True,⭐⭐ 偏多觀察
2025-02-19,1090.0,28756849,-298,-31,-1631,-1960,,44.67,43.6,False,False,True,⭐ 弱勢反彈
2025-02-20,1080.0,31108197,-4496,-131,181,-4447,,40.04,42.41,False,False,True,⭐ 弱勢反彈
2025-02-21,1095.0,31480715,1362,116,48,1526,,47.9,44.24,False,True,True,⭐⭐ 偏多觀察
2025-02-24,1075.0,33837606,-9785,133,102,-9551,,41.03,43.17,False,False,False,❌ 空頭或無訊號
2025-02-25,1055.0,53174277,-22161,560,-170,-21771,,30.68,39.01,False,False,False,❌ 空頭或無訊號
2025-02-26,1060.0,42921499,-7310,868,57,-6385,,29.55,35.85,False,False,False,❌ 空頭或無訊號
2025-02-27,1040.0,61646900,-17446,123,329,-16993,,19.7,30.47,False,False,False,❌ 空頭或無訊號
2025-03-03,1020.0,73279419,-19728,2326,1850,-15553,,19.8,26.91,True,False,False,⭐ 弱勢反彈
2025-03-04,1000.0,70879417,-27265,1185,385,-25694,,14.55,22.79,True,False,False,⭐ 弱勢反彈
2025-03-05,1020.0,45086222,-3679,913,-638,-3405,,17.78,21.12,True,False,False,⭐ 弱勢反彈
2025-03-06,1005.0,49318590,-8976,680,256,-8039,,14.88,19.04,True,False,False,⭐ 弱勢反彈
2025-03-07,1005.0,50358724,-8198,285,-223,-8136,,13.29,17.12,True,False,False,⭐ 弱勢反彈
2025-03-10,998.0,55410836,-12945,697,-1176,-13424,,11.6,15.28,True,False,False,⭐ 弱勢反彈
2025-03-11,971.0,58764791,-18727,967,-800,-18559,,10.35,13.64,True,False,False,⭐ 弱勢反彈
2025-03-12,988.0,38527201,773,1406,-2359,-180,,15.07,14.12,True,True,False,⭐⭐ 偏多觀察
2025-03-13,965.0,42915696,-7843,305,406,-7133,,11.04,13.09,True,False,False,⭐ 弱勢反彈
2025-03-14,959.0,42394920,-6823,616,917,-5289,,9.14,11.77,True,False,False,⭐ 弱勢反彈
2025-03-17,970.0,35012870,-1004,627,461,84,,12.76,12.1,True,True,False,⭐⭐ 偏多觀察
2025-03-18,971.0,25716157,-3614,-429,780,-3263,,16.13,13.44,True,False,False,⭐ 弱勢反彈
2025-03-19,952.0,43493556,-13683,-10,826,-12867,,11.86,12.92,True,False,False,⭐ 弱勢反彈
2025-03-20,985.0,31993556,11702,-286,657,12072,,29.12,18.32,True,True,False,⭐⭐ 偏多觀察
2025-03-21,972.0,46869716,-4150,-790,229,-4712,,32.75,23.13,False,False,False,❌ 空頭或無訊號
2025-03-24,972.0,16866075,1081,283,226,1590,,35.16,27.14,False,False,False,❌ 空頭或無訊號
2025-03-25,990.0,28306040,9266,74,162,9501,,47.69,33.99,False,False,False,❌ 空頭或無訊號
2025-03-26,980.0,25939071,-5262,366,942,-3955,,54.01,40.66,False,False,False,❌ 空頭或無訊號
2025-03-27,958.0,44589770,-19332,317,409,-18606,,41.93,41.09,False,False,False,❌ 空頭或無訊號
2025-03-28,952.0,37802947,-6409,-159,-353,-6922,,32.04,38.07,False,False,False,❌ 空頭或無訊號
2025-03-31,910.0,59733510,-23332,1011,-332,-22653,,21.36,32.5,False,False,False,❌ 空頭或無訊號
2025-04-01,944.0,33673400,2249,1233,-740,2742,,27.57,30.86,False,False,False,❌ 空頭或無訊號
2025-04-02,942.0,28201820,347,280,-102,525,,30.93,30.88,False,True,False,⭐ 弱勢反彈
2025-04-07,848.0,37652704,1622,-133,-881,608,,20.62,27.46,False,False,False,❌ 空頭或無訊號
2025-04-08,816.0,136580582,-36298,1358,346,-34595,,16.95,23.96,False,False,False,❌ 空頭或無訊號
2025-04-09,785.0,122044966,-33153,373,-89,-32869,,12.07,19.99,True,False,False,⭐ 弱勢反彈
2025-04-10,863.0,28397160,1231,-35,302,1498,,23.08,21.02,True,True,False,⭐⭐ 偏多觀察
2025-04-11,889.0,81264878,14690,1946,-1113,15523,,36.15,26.07,False,False,False,❌ 空頭或無訊號
2025-04-14,865.0,72625129,-12577,379,-5784,-17981,,40.57,30.9,False,False,False,❌ 空頭或無訊號
2025-04-15,877.0,35642588,3828,622,-2039,2411,,45.85,35.88,False,False,False,❌ 空頭或無訊號
2025-04-16,855.0,47199014,-7458,-16,-5086,-12560,,45.1,38.96,False,False,False,❌ 空頭或無訊號
2025-04-17,847.0,36449601,-9120,-374,638,-8855,,48.22,42.05,False,False,False,❌ 空頭或無訊號
2025-04-18,850.0,23249139,-7123,-75,-14,-7212,,51.12,45.07,False,False,False,❌ 空頭或無訊號
2025-04-21,835.0,20672773,-1522,11,-330,-1841,,48.98,46.37,False,False,False,❌ 空頭或無訊號
2025-04-22,816.0,32057642,-7156,-256,-150,-7563,,32.66,41.8,False,False,False,❌ 空頭或無訊號
2025-04-23,873.0,40685613,17523,29,-801,16751,,43.61,42.4,False,True,False,⭐ 弱勢反彈
2025-04-24,864.0,34499991,4125,-157,-1237,2731,,47.46,44.09,False,False,False,❌ 空頭或無訊號
2025-04-25,888.0,39651775,11566,806,223,12596,,59.88,49.35,False,False,False,❌ 空頭或無訊號
2025-04-28,897.0,25396543,8675,278,-250,8704,,71.68,56.8,False,False,False,❌ 空頭或無訊號
2025-04-29,902.0,31146996,7404,104,-62,7446,,81.12,64.91,False,False,False,❌ 空頭或無訊號
2025-04-30,908.0,39204833,11773,-4,-2463,9306,,87.41,72.41,False,False,False,❌ 空頭或無訊號
2025-05-02,950.0,48129292,25712,282,-403,25592,,91.61,78.81,False,False,False,❌ 空頭或無訊號
2025-05-05,938.0,56516129,13643,-181,-3686,9776,,89.91,82.51,False,False,False,❌ 空頭或無訊號
2025-05-06,920.0,43358708,-2919,371,-3463,-6011,,81.96,82.33,False,False,False,❌ 空頭或無訊號
2025-05-07,928.0,39021595,5018,100,-3151,1967,,78.11,80.92,False,False,False,❌ 空頭或無訊號
2025-05-08,918.0,30777988,-3056,-79,-934,-4069,,67.1,76.31,False,False,False,❌ 空頭或無訊號
2025-05-09,949.0,40878730,14505,358,-524,14339,,73.9,75.51,False,False,False,❌ 空頭或無訊號
2025-05-12,957.0,25668469,4602,305,-1563,3343,,80.18,77.07,False,True,False,⭐ 弱勢反彈
2025-05-13,969.0,50960522,6730,268,-75,6923,,79.1,77.74,False,False,False,❌ 空頭或無訊號
2025-05-14,999.0,55061671,17528,323,4055,21907,,86.06,80.52,False,False,False,❌ 空頭或無訊號
2025-05-15,993.0,28518212,1604,492,-339,1756,,88.09,83.04,False,False,False,❌ 空頭或無訊號
2025-05-16,998.0,18079325,1082,134,-296,920,,91.31,85.8,False,False,False,❌ 空頭或無訊號
2025-05-19,984.0,21936885,-3141,-80,-148,-3369,,88.21,86.6,False,False,False,❌ 空頭或無訊號
2025-05-20,978.0,24317788,1244,105,946,2295,,83.2,85.47,False,False,False,❌ 空頭或無訊號
2025-05-21,990.0,27677478,9085,257,838,10180,,83.75,84.9,False,False,False,❌ 空頭或無訊號
2025-05-22,982.0,19671417,1141,-77,-1749,-685,,76.67,82.15,False,False,False,❌ 空頭或無訊號
2025-05-23,984.0,23744132,4066,18,-1428,2656,,67.24,77.18,False,False,False,❌ 空頭或無訊號
2025-05-26,976.0,20906797,8803,-117,-2777,5908,,46.16,66.84,False,False,False,❌ 空頭或無訊號
2025-05-27,965.0,29843876,-796,-11,-2256,-3062,,34.19,55.96,False,False,False,❌ 空頭或無訊號
2025-05-28,967.0,31929816,7188,-26,87,7249,,28.06,46.66,False,False,False,❌ 空頭或無訊號
2025-05-29,967.0,64850290,-2825,-17,2258,-585,,23.97,39.09,False,False,False,❌ 空頭或無訊號
2025-06-02,946.0,40608468,-13196,24,-586,-13759,,15.98,31.39,False,False,False,❌ 空頭或無訊號
2025-06-03,950.0,27482916,-656,146,-354,-863,,13.17,25.32,True,False,False,⭐ 弱勢反彈
2025-06-04,990.0,43196396,15827,479,462,16768,,39.98,30.21,True,True,False,⭐⭐ 偏多觀察
2025-06-05,998.0,27047750,9823,689,-725,9788,,58.76,39.72,False,False,False,❌ 空頭或無訊號
2025-06-06,995.0,18797346,1004,238,165,1407,,69.42,49.62,False,False,False,❌ 空頭或無訊號
2025-06-09,1005.0,23952041,5689,274,290,6253,,77.01,58.75,False,False,True,⭐ 弱勢反彈
2025-06-10,1045.0,55353908,24402,691,1086,26180,,83.07,66.86,False,False,True,⭐ 弱勢反彈
2025-06-11,1065.0,46137188,12002,-91,-38,11873,,87.37,73.69,False,False,True,⭐ 弱勢反彈
2025-06-12,1045.0,28661875,1481,-343,-94,1043,,84.86,77.42,False,False,True,⭐ 弱勢反彈
2025-06-13,1030.0,31371948,2972,-23,-2686,262,,78.79,77.87,False,False,True,⭐ 弱勢反彈
2025-06-16,1025.0,31257555,-620,-403,155,-868,,70.86,75.54,False,False,True,⭐ 弱勢反彈
2025-06-17,1045.0,30890431,3844,-231,-1488,2125,,70.03,73.7,False,False,True,⭐ 弱勢反彈
2025-06-18,1055.0,41740374,9012,75,-2400,6687,,73.69,73.7,False,False,True,⭐ 弱勢反彈
2025-06-19,1035.0,25354905,-833,-100,-392,-1325,,65.79,71.06,False,False,True,⭐ 弱勢反彈
2025-06-20,1055.0,67241164,1829,3949,-558,5221,,68.1,70.08,False,False,True,⭐ 弱勢反彈
2025-06-23,1020.0,33543038,-8292,-24,382,-7934,,48.43,62.86,False,False,True,⭐ 弱勢反彈
2025-06-24,1050.0,30105394,11175,31,94,11300,,58.21,61.31,False,False,True,⭐ 弱勢反彈
2025-06-25,1070.0,44519173,23559,9,-180,23387,,72.14,64.92,False,True,True,⭐⭐ 偏多觀察
2025-06-26,1075.0,39534708,19173,18,-1689,17502,,78.86,69.57,False,False,True,⭐ 弱勢反彈
2025-06-27,1080.0,34877892,12288,-687,-2257,9343,,85.91,75.02,False,False,True,⭐ 弱勢反彈
2025-06-30,1060.0,35763093,-891,-231,140,-982,,80.35,76.79,False,False,True,⭐ 弱勢反彈
2025-07-01,1085.0,52818889,17472,-205,624,17891,,82.73,78.77,False,False,True,⭐ 弱勢反彈
2025-07-02,1085.0,24453697,864,-240,-284,340,,84.32,80.62,False,False,True,⭐ 弱勢反彈
2025-07-03,1090.0,39719503,4547,-73,311,4785,,83.99,81.75,False,False,True,⭐ 弱勢反彈
2025-07-04,1085.0,23556842,597,80,60,737,,79.07,80.86,False,False,True,⭐ 弱勢反彈
2025-07-07,1080.0,19949311,-380,-8,367,-21,,69.38,77.03,False,False,True,⭐ 弱勢反彈
2025-07-08,1080.0,29944918,-284,-352,955,319,,61.07,71.71,False,False,True,⭐ 弱勢反彈
2025-07-09,1090.0,25899845,807,-71,38,775,,62.93,68.78,False,False,True,⭐ 弱勢反彈
2025-07-10,1100.0,23947482,5901,-1300,-569,4032,,71.59,69.72,False,True,True,⭐⭐ 偏多觀察
2025-07-11,1100.0,30615792,4265,-1194,29,3100,,76.89,72.11,False,False,True,⭐ 弱勢反彈
2025-07-14,1095.0,29975913,1151,-152,-1940,-941,,76.26,73.49,False,False,True,⭐ 弱勢反彈
2025-07-15,1110.0,49458466,9925,-82,913,10756,,80.84,75.94,False,False,True,⭐ 弱勢反彈
2025-07-16,1130.0,34513639,11347,128,277,11752,,87.23,79.7,False,False,True,⭐ 弱勢反彈
2025-07-17,1130.0,36971364,-2765,-23,1868,-920,,89.1,82.84,False,False,True,⭐ 弱勢反彈
2025-07-18,1155.0,50467755,19294,-214,283,19364,,90.98,85.55,False,False,True,⭐ 弱勢反彈
2025-07-21,1150.0,32374260,2154,166,-234,2087,,90.48,87.19,False,False,True,⭐ 弱勢反彈
2025-07-22,1130.0,54933274,4360,-935,363,3788,,80.32,84.9,False,False,True,⭐ 弱勢反彈
2025-07-23,1145.0,31360184,-571,-641,2247,1035,,80.21,83.34,False,False,True,⭐ 弱勢反彈
2025-07-24,1145.0,16038287,1151,-468,148,831,,80.14,82.27,False,False,True,⭐ 弱勢反彈
2025-07-25,1145.0,23026843,4913,-1367,-221,3325,,79.62,81.39,False,False,True,⭐ 弱勢反彈
2025-07-28,1145.0,23153187,2430,-329,458,2560,-0.11,75.3,79.36,False,False,True,⭐ 弱勢反彈
2025-07-29,1135.0,41471548,574,-465,225,334,-0.01,65.02,74.58,False,False,True,⭐ 弱勢反彈
2025-07-30,1155.0,37445435,12832,-352,592,13072,0.04,71.92,73.69,False,False,True,⭐ 弱勢反彈
2025-07-31,1160.0,35986507,9040,-1293,1612,9359,0.21,77.11,74.83,False,True,True,⭐⭐ 偏多觀察
2025-08-01,1140.0,45352225,-3792,-142,712,-3222,0.45,63.91,71.19,False,False,True,⭐ 弱勢反彈
2025-08-04,1135.0,25256974,7098,-329,-783,5986,-0.07,50.94,64.44,False,False,True,⭐ 弱勢反彈
2025-08-05,1150.0,20695955,1738,-195,-530,1013,-0.25,54.79,61.22,False,False,True,⭐ 弱勢反彈
2025-08-06,1125.0,24015506,-5787,-737,-90,-6614,0.34,36.53,52.99,False,False,True,⭐ 弱勢反彈
2025-08-07,1180.0,64965686,23150,79,1026,24255,-0.1,57.69,54.56,False,True,True,⭐⭐ 偏多觀察
2025-08-08,1175.0,27434505,-3406,-369,-451,-4226,-0.1,66.23,58.45,False,False,True,⭐ 弱勢反彈
2025-08-11,1180.0,37435809,-2298,-266,263,-2302,0.13,70.35,62.41,False,False,True,⭐ 弱勢反彈
2025-08-12,1180.0,30137118,-1462,259,63,-1140,-0.18,73.09,65.97,False,False,True,⭐ 弱勢反彈
2025-08-13,1200.0,39708109,4574,171,167,4912,-0.83,82.06,71.33,False,False,True,⭐ 弱勢反彈
2025-08-14,1175.0,35269337,-10363,29,719,-9615,0.59,76.93,73.2,False,False,True,⭐ 弱勢反彈
2025-08-15,1180.0,23577178,-1318,-780,1344,-754,0.17,75.73,74.04,False,False,True,⭐ 弱勢反彈
2025-08-18,1180.0,21182611,-79,44,545,509,-0.29,74.93,74.34,False,False,True,⭐ 弱勢反彈
2025-08-19,1185.0,22439999,2703,-159,82,2627,-0.27,72.18,73.62,False,False,True,⭐ 弱勢反彈
2025-08-20,1135.0,73148689,-32340,129,4263,-27948,0.87,48.12,65.12,False,False,True,⭐ 弱勢反彈
2025-08-21,1150.0,25030476,-5062,90,817,-4155,-0.23,39.77,56.67,False,False,True,⭐ 弱勢反彈
2025-08-22,1135.0,20220071,-4170,-142,-10,-4322,0.04,26.51,46.62,False,False,True,⭐ 弱勢反彈
2025-08-25,1170.0,27470807,3338,569,222,4128,-0.01,35.62,42.95,False,False,True,⭐ 弱勢反彈
2025-08-26,1175.0,39495275,-4335,65,75,-4195,-0.02,47.99,44.63,False,True,True,⭐⭐ 偏多觀察
2025-08-27,1190.0,23824689,3673,432,439,4544,-0.16,65.33,51.53,False,False,True,⭐ 弱勢反彈
2025-08-28,1160.0,20960787,-1309,-642,155,-1796,0.23,58.7,53.92,False,False,True,⭐ 弱勢反彈
2025-08-29,1160.0,21820054,389,-594,80,-125,0.08,54.29,54.04,False,False,True,⭐ 弱勢反彈
2025-09-01,1165.0,23022319,2414,129,-233,2309,-0.42,54.37,54.15,False,False,True,⭐ 弱勢反彈
2025-09-02,1160.0,14994018,1153,-162,71,1061,-0.26,51.4,53.24,False,False,True,⭐ 弱勢反彈
2025-09-03,1160.0,20211322,1143,-134,-280,728,0.07,49.42,51.96,False,False,True,⭐ 弱勢反彈
2025-09-04,1160.0,25311450,6852,-103,-101,6648,0.25,44.06,49.33,False,False,True,⭐ 弱勢反彈
2025-09-05,1180.0,27931124,11888,-147,349,12089,-0.12,55.3,51.32,False,True,True,⭐⭐ 偏多觀察
2025-09-08,1180.0,28393035,12400,31,127,12558,0.28,60.2,54.28,False,False,True,⭐ 弱勢反彈
2025-09-09,1200.0,35720097,13808,-97,976,14688,-0.36,73.47,60.67,False,False,True,⭐ 弱勢反彈
2025-09-10,1225.0,43516678,14653,-137,1571,16086,-0.35,80.35,67.23,False,False,True,⭐ 弱勢反彈
2025-09-11,1240.0,34811140,10036,-596,-910,8530,-0.52,81.1,71.86,False,False,True,⭐ 弱勢反彈
2025-09-12,1260.0,28224895,10814,-324,718,11208,-0.24,87.4,77.04,False,False,True,⭐ 弱勢反彈
2025-09-15,1255.0,26019117,-836,-645,537,-944,0.2,90.15,81.41,False,False,True,⭐ 弱勢反彈
2025-09-16,1280.0,42279997,13671,-899,-721,12050,0.1,92.1,84.97,False,False,True,⭐ 弱勢反彈
2025-09-17,1265.0,32019276,-4367,-561,581,-4348,-0.29,88.94,86.29,False,False,True,⭐ 弱勢反彈
2025-09-18,1285.0,26442220,907,-91,916,1732,-0.16,92.62,88.4,False,False,True,⭐ 弱勢反彈
2025-09-19,1265.0,48894096,-8573,-1326,689,-9210,0.46,86.75,87.85,False,False,True,⭐ 弱勢反彈
2025-09-22,1295.0,30411595,2745,-304,1245,3686,-0.37,91.17,88.96,False,True,True,⭐⭐ 偏多觀察
2025-09-23,1340.0,37523254,3311,42,436,3789,-0.07,94.11,90.68,False,False,True,⭐ 弱勢反彈
2025-09-24,1340.0,47820358,-4744,-398,2122,-3021,0.86,91.31,90.89,False,False,True,⭐ 弱勢反彈
2025-09-25,1320.0,27800815,-8113,-168,2059,-6221,0.81,83.1,88.29,False,False,True,⭐ 弱勢反彈
2025-09-26,1300.0,29378983,-3002,-142,1188,-1955,0.06,69.43,82.0,False,False,True,⭐ 弱勢反彈
2025-09-30,1305.0,44853467,673,541,1649,2863,0.29,61.1,75.04,False,False,True,⭐ 弱勢反彈
2025-10-01,1325.0,36184828,8448,487,1134,10069,-0.27,62.96,71.01,False,False,True,⭐ 弱勢反彈
2025-10-02,1365.0,32693509,6925,2,1905,8832,-0.04,73.72,71.91,False,True,True,⭐⭐ 偏多觀察
2025-10-03,1400.0,34379158,863,-412,896,1347,-0.32,82.48,75.44,False,False,True,⭐ 弱勢反彈
2025-10-07,1435.0,42424519,-12226,-24,2344,-9906,0.7,86.1,78.99,False,False,True,⭐ 弱勢反彈
2025-10-08,1415.0,27708676,-9910,26,1607,-8277,0.3,84.06,80.68,False,False,True,⭐ 弱勢反彈
2025-10-09,1440.0,42507551,-1502,-68,1633,63,0.59,86.25,82.54,False,False,True,⭐ 弱勢反彈
2025-10-13,1415.0,60321869,-18979,938,2723,-15317,1.14,82.5,82.53,False,False,True,⭐ 弱勢反彈
2025-10-14,1425.0,44821332,-1162,213,-312,-1261,-0.42,80.81,81.95,False,False,True,⭐ 弱勢反彈
2025-10-15,1465.0,45432176,121,-388,2559,2291,0.75,87.2,83.7,False,True,True,⭐⭐ 偏多觀察
2025-10-16,1485.0,42490828,-6983,1698,2003,-3282,1.18,89.09,85.5,False,False,True,⭐ 弱勢反彈
2025-10-17,1450.0,43864962,-12682,564,-21,-12138,-0.52,81.19,84.06,False,False,True,⭐ 弱勢反彈
2025-10-20,1480.0,34972122,5823,1075,566,7464,-0.6,82.7,83.61,False,False,True,⭐ 弱勢反彈
2025-10-21,1480.0,37067269,-300,1583,236,1519,-0.42,82.4,83.21,False,False,True,⭐ 弱勢反彈
2025-10-22,1460.0,30679057,-14952,732,1573,-12647,0.59,76.15,80.85,False,False,True,⭐ 弱勢反彈
2025-10-23,1450.0,26134949,-8491,99,546,-7846,-0.33,68.95,76.88,False,False,True,⭐ 弱勢反彈
2025-10-27,1480.0,36024098,979,-301,2346,3023,0.01,70.96,74.91,False,False,True,⭐ 弱勢反彈
2025-10-28,1475.0,35135504,-8298,212,768,-7318,-0.12,69.53,73.12,False,False,True,⭐ 弱勢反彈
2025-10-29,1505.0,32775105,6209,221,557,6987,-0.14,75.52,73.92,False,True,True,⭐⭐ 偏多觀察
2025-10-30,1505.0,30058497,-1913,-171,-78,-2162,-0.35,77.8,75.21,False,False,True,⭐ 弱勢反彈
2025-10-31,1500.0,33838761,-7726,292,3058,-4376,0.61,75.94,75.45,False,False,True,⭐ 弱勢反彈
2025-11-03,1510.0,30913479,3528,497,783,4808,-0.19,78.4,76.44,False,False,True,⭐ 弱勢反彈
2025-11-04,1505.0,35922791,2907,939,-73,3772,-0.3,78.2,77.02,False,False,True,⭐ 弱勢反彈
2025-11-05,1460.0,63423241,-30801,538,2031,-28232,2.39,61.39,71.81,False,False,True,⭐ 弱勢反彈
2025-11-06,1465.0,29955147,-2097,459,1083,-554,0.12,45.69,63.1,False,False,True,⭐ 弱勢反彈
2025-11-07,1460.0,23551721,-3253,102,-298,-3450,-0.01,32.84,53.02,False,False,True,⭐ 弱勢反彈
2025-11-10,1475.0,26579263,-3911,206,919,-2786,0.13,31.42,45.82,False,False,True,⭐ 弱勢反彈
2025-11-11,1465.0,24857058,-5735,187,-43,-5591,-0.76,25.71,39.11,False,False,True,⭐ 弱勢反彈
2025-11-12,1475.0,25998385,-1642,335,436,-871,-0.4,26.66,34.96,False,False,True,⭐ 弱勢反彈
2025-11-13,1460.0,23920639,-7932,-203,-24,-8159,0.13,20.16,30.03,False,False,True,⭐ 弱勢反彈
2025-11-14,1430.0,32778804,-17020,480,438,-16102,0.13,15.1,25.05,False,False,True,⭐ 弱勢反彈
2025-11-17,1445.0,34872653,6263,-2467,-1617,2179,0.14,19.59,23.23,True,False,True,⭐⭐ 偏多觀察
2025-11-18,1405.0,49856799,-15668,477,748,-14443,-0.19,13.06,19.84,True,False,True,⭐⭐ 偏多觀察
2025-11-19,1395.0,42661060,-5426,154,1016,-4256,0.12,8.71,16.13,True,False,True,⭐⭐ 偏多觀察
2025-11-20,1455.0,28295025,6704,288,536,7528,0.19,25.81,19.36,True,True,True,⭐⭐⭐ 黃金買點
2025-11-21,1385.0,64673494,-34625,117,3968,-30540,1.04,17.2,18.64,False,False,True,⭐ 弱勢反彈
2025-11-24,1375.0,88861648,-18933,412,2268,-16253,0.71,11.47,16.25,True,False,True,⭐⭐ 偏多觀察
2025-11-25,1415.0,31006765,6458,-52,-92,6314,-0.43,21.68,18.06,True,True,True,⭐⭐⭐ 黃金買點
2025-11-26,1440.0,31659935,-1105,5322,643,4859,-0.37,39.94,25.35,False,False,True,⭐ 弱勢反彈
2025-11-27,1435.0,24202285,-1631,627,-95,-1099,0.24,50.16,33.62,False,False,True,⭐ 弱勢反彈
2025-11-28,1440.0,26130506,-2299,1148,1748,597,0.18,58.93,42.06,False,False,True,⭐ 弱勢反彈
2025-12-01,1410.0,33722188,-6204,1496,808,-3900,0.48,53.01,45.71,False,False,True,⭐ 弱勢反彈
2025-12-02,1430.0,27923064,5200,285,446,5931,-0.13,56.91,49.44,False,False,True,⭐ 弱勢反彈
2025-12-03,1450.0,25462840,4238,131,221,4589,0.01,69.19,56.03,False,False,True,⭐ 弱勢反彈
2025-12-04,1445.0,21934952,1738,327,690,2755,0.4,75.29,62.45,False,False,True,⭐ 弱勢反彈
2025-12-05,1460.0,22539737,8960,-46,727,9642,-0.21,83.53,69.47,False,False,True,⭐ 弱勢反彈
2025-12-08,1495.0,27405663,7527,545,327,8399,-0.1,89.02,75.99,False,False,True,⭐ 弱勢反彈
2025-12-09,1480.0,27555343,-5417,452,1349,-3615,0.76,85.27,79.08,False,False,True,⭐ 弱勢反彈
2025-12-10,1505.0,26387641,7567,964,1326,9857,-0.2,90.18,82.78,False,False,True,⭐ 弱勢反彈
2025-12-11,1470.0,31820417,-4179,501,896,-2782,0.58,79.17,81.58,False,False,True,⭐ 弱勢反彈
2025-12-12,1480.0,24025183,2199,882,921,4002,0.25,73.83,79.0,False,False,True,⭐ 弱勢反彈
2025-12-15,1450.0,28160888,-11951,712,1070,-10169,0.54,57.06,71.69,False,False,True,⭐ 弱勢反彈
2025-12-16,1435.0,36751412,-12665,2492,1246,-8927,0.22,41.75,61.71,False,False,True,⭐ 弱勢反彈
2025-12-17,1430.0,33103549,-9376,272,4192,-4912,0.53,29.68,51.03,False,False,False,❌ 空頭或無訊號
2025-12-18,1430.0,33103697,-3242,1700,2933,1391,0.63,24.79,42.28,False,False,False,❌ 空頭或無訊號
2025-12-19,1430.0,42614140,1647,-2473,1081,255,0.35,21.53,35.36,False,False,False,❌ 空頭或無訊號
2025-12-22,1465.0,23919483,7513,32,770,8315,-0.35,31.02,33.92,False,False,True,⭐ 弱勢反彈
2025-12-23,1490.0,22337117,4730,250,133,5112,0.54,45.68,37.84,False,True,True,⭐⭐ 偏多觀察
2025-12-24,1495.0,13707427,-2144,-124,-183,-2451,0.15,61.82,45.83,False,False,True,⭐ 弱勢反彈
2025-12-26,1510.0,20806344,2076,406,488,2970,-0.24,74.55,55.4,False,False,True,⭐ 弱勢反彈
2025-12-29,1530.0,24010398,3091,372,914,4378,-0.42,83.03,64.61,False,False,True,⭐ 弱勢反彈
2025-12-30,1520.0,21819219,-2181,-1281,157,-3304,0.13,85.79,71.67,False,False,True,⭐ 弱勢反彈
2025-12-31,1550.0,31389568,2766,303,-214,2855,-0.6,90.53,77.96,False,False,True,⭐ 弱勢反彈
2026-01-02,1585.0,39836425,-4399,712,1363,-2324,0.97,93.68,83.2,False,False,True,⭐ 弱勢反彈
2026-01-05,1670.0,76182999,-5543,3437,2021,-86,0.56,92.32,86.24,False,False,True,⭐ 弱勢反彈
2026-01-06,1705.0,54073389,-7990,957,-137,-7170,-0.65,94.88,89.12,False,False,True,⭐ 弱勢反彈
2026-01-07,1675.0,54807595,-26817,944,405,-25467,0.55,92.04,90.09,False,False,True,⭐ 弱勢反彈
2026-01-08,1685.0,31485749,-4178,567,-198,-3809,-0.36,91.52,90.57,False,False,True,⭐ 弱勢反彈
2026-01-09,1680.0,42191307,-11454,-333,672,-11115,-0.68,90.07,90.4,False,False,True,⭐ 弱勢反彈
2026-01-12,1690.0,34556660,-10256,20,188,-10047,0.43,90.82,90.54,False,True,True,⭐⭐ 偏多觀察
2026-01-13,1710.0,34064122,-3082,-135,118,-3100,-0.13,92.25,91.11,False,False,True,⭐ 弱勢反彈
2026-01-14,1710.0,33253803,-5844,1058,941,-3845,0.17,92.93,91.72,False,False,True,⭐ 弱勢反彈
2026-01-15,1690.0,41703827,-10350,1281,1172,-7897,0.84,84.76,89.4,False,False,True,⭐ 弱勢反彈
2026-01-16,1740.0,58108842,10106,208,-1133,9181,-2.34,86.67,88.49,False,False,True,⭐ 弱勢反彈
2026-01-19,1760.0,32242493,-8021,-1064,-1817,-10901,0.08,85.78,87.58,False,False,True,⭐ 弱勢反彈
2026-01-20,1775.0,32687106,-5392,-22,-836,-6250,0.08,89.18,88.12,False,True,True,⭐⭐ 偏多觀察
2026-01-21,1740.0,50745376,-18029,-3633,-182,-21845,1.03,82.12,86.12,False,False,True,⭐ 弱勢反彈
2026-01-22,1760.0,34437982,-5350,421,1311,-3619,-0.55,81.42,84.55,False,False,True,⭐ 弱勢反彈
2026-01-23,1770.0,29676301,-4918,3364,230,-1324,-0.4,84.28,84.46,False,False,True,⭐ 弱勢反彈
2026-01-26,1755.0,25989274,-4006,-399,21,-4383,-0.16,79.99,82.97,False,False,True,⭐ 弱勢反彈
2026-01-27,1780.0,32183611,6704,-285,281,6700,-0.68,85.08,83.67,False,True,True,⭐⭐ 偏多觀察
2026-01-28,1820.0,31327933,7714,664,386,8763,-0.06,90.05,85.8,False,False,True,⭐ 弱勢反彈
2026-01-29,1805.0,36079326,-8629,15,280,-8334,0.33,84.28,85.29,False,False,True,⭐ 弱勢反彈
2026-01-30,1775.0,46341867,-13718,450,-117,-13384,0.9,68.46,79.68,False,False,True,⭐ 弱勢反彈
2026-02-02,1765.0,33342359,-9845,2045,186,-7614,0.01,54.42,71.26,False,False,True,⭐ 弱勢反彈
2026-02-03,1800.0,30386718,-2924,1083,-11,-1853,1.28,56.65,66.39,False,False,True,⭐ 弱勢反彈
2026-02-04,1785.0,29087857,-9645,840,428,-8377,0.55,52.58,61.79,False,False,True,⭐ 弱勢反彈
2026-02-05,1765.0,28974303,-9668,1236,-537,-8970,0.85,42.46,55.34,False,False,True,⭐ 弱勢反彈
2026-02-06,1780.0,36484181,-6574,962,-1072,-6684,-0.16,42.34,51.01,False,False,True,⭐ 弱勢反彈
2026-02-09,1815.0,40350444,2919,267,7,3193,0.03,54.54,52.19,False,True,True,⭐⭐ 偏多觀察
2026-02-10,1880.0,45674475,12634,241,-431,12443,-1.63,69.7,58.02,False,False,True,⭐ 弱勢反彈
2026-02-11,1915.0,44684131,-4941,1141,1258,-2543,0.18,78.0,64.68,False,False,True,⭐ 弱勢反彈
2026-02-23,1900.0,80768993,-17559,2322,1908,-13329,0.6,79.35,69.57,False,False,True,⭐ 弱勢反彈
2026-02-24,1965.0,44316733,6887,1486,1182,9555,-0.71,84.81,74.65,False,False,True,⭐ 弱勢反彈
2026-02-25,2015.0,47398835,-4192,2744,870,-578,0.61,88.71,79.34,False,False,True,⭐ 弱勢反彈
2026-02-26,1995.0,74411249,-18137,1202,1264,-15671,0.7,88.96,82.54,False,False,True,⭐ 弱勢反彈
2026-03-02,1975.0,57404594,-19539,2624,514,-16401,0.32,86.79,83.96,False,False,True,⭐ 弱勢反彈
2026-03-03,1935.0,54577298,-21195,1279,897,-19020,-0.25,76.91,81.61,False,False,True,⭐ 弱勢反彈
2026-03-04,1865.0,84647010,-27354,1467,799,-25089,0.01,55.78,73.0,False,False,True,⭐ 弱勢反彈
2026-03-05,1900.0,56489914,-9756,1494,118,-8144,0.82,44.48,63.49,False,False,True,⭐ 弱勢反彈
2026-03-06,1890.0,34307388,-10927,946,866,-9115,0.79,34.86,53.95,False,False,True,⭐ 弱勢反彈
2026-03-09,1810.0,94441296,-37837,2661,-1627,-36802,1.67,28.47,45.45,False,False,True,⭐ 弱勢反彈
2026-03-10,1850.0,46926862,-969,522,-260,-707,-0.63,29.44,40.12,False,False,True,⭐ 弱勢反彈
2026-03-11,1940.0,39238328,5027,-36,770,5761,-0.53,43.24,41.16,False,True,True,⭐⭐ 偏多觀察
2026-03-12,1885.0,40662382,-19046,283,256,-18507,1.18,45.86,42.72,False,False,True,⭐ 弱勢反彈
2026-03-13,1865.0,36317450,-12743,-133,-353,-13230,0.48,45.65,43.7,False,False,True,⭐ 弱勢反彈
2026-03-16,1845.0,35401289,-16174,-802,661,-16316,0.67,43.59,43.66,False,False,True,⭐ 弱勢反彈
2026-03-17,1870.0,26754183,-230,-492,905,183,-1.18,46.61,44.65,False,True,True,⭐⭐ 偏多觀察
2026-03-18,1905.0,25694925,373,-144,721,950,0.18,56.07,48.45,False,False,True,⭐ 弱勢反彈
2026-03-19,1850.0,38750629,-22790,-100,451,-22439,1.25,52.2,49.7,False,False,True,⭐ 弱勢反彈
2026-03-20,1840.0,53705722,-6769,-4028,-36,-10833,-0.1,37.57,45.66,False,False,True,⭐ 弱勢反彈
2026-03-23,1810.0,41950478,-15306,1861,724,-12721,0.12,30.1,40.47,False,False,True,⭐ 弱勢反彈
2026-03-24,1810.0,30569936,-5178,691,442,-4045,0.16,26.48,35.81,False,False,True,⭐ 弱勢反彈
2026-03-25,1845.0,46664345,979,265,700,1944,0.04,33.65,35.09,False,False,True,⭐ 弱勢反彈
2026-03-26,1840.0,24634887,-5191,548,143,-4500,0.2,37.1,35.76,False,True,True,⭐⭐ 偏多觀察
2026-03-27,1820.0,33883223,-11136,381,712,-10042,0.05,34.07,35.2,False,False,True,⭐ 弱勢反彈
2026-03-30,1780.0,46272405,-15960,558,-439,-15841,0.34,22.71,31.03,False,False,False,❌ 空頭或無訊號
2026-03-31,1760.0,75832456,-20438,1421,2732,-16285,-0.08,15.14,25.74,False,False,False,❌ 空頭或無訊號
2026-04-01,1855.0,46457423,6181,633,2463,9277,-0.22,37.63,29.7,True,True,True,⭐⭐⭐ 黃金買點
2026-04-02,1810.0,29332490,-9386,-193,136,-9442,0.44,39.58,32.99,False,False,True,⭐ 弱勢反彈
2026-04-07,1860.0,19895445,5880,421,91,6393,-0.58,55.37,40.45,False,False,True,⭐ 弱勢反彈
2026-04-08,1950.0,53813263,18393,452,1711,20556,0.82,70.25,50.38,False,False,True,⭐ 弱勢反彈
2026-04-09,1955.0,36054784,722,-104,-497,121,0.04,80.17,60.31,False,False,True,⭐ 弱勢反彈
2026-04-10,2000.0,39096242,8160,-175,375,8359,0.64,86.78,69.13,False,False,True,⭐ 弱勢反彈
2026-04-13,1990.0,31882568,-1275,-4823,53,-6045,0.93,89.8,76.02,False,False,True,⭐ 弱勢反彈
2026-04-14,2055.0,46188401,18955,615,653,20223,-0.78,93.2,81.75,False,False,True,⭐ 弱勢反彈
2026-04-15,2080.0,46824833,4826,-138,244,4931,-0.41,93.2,85.57,False,False,True,⭐ 弱勢反彈
2026-04-16,2085.0,35974352,-2390,306,1084,-1000,0.01,93.77,88.3,False,False,True,⭐ 弱勢反彈
2026-04-17,2030.0,44433257,-9383,-2186,-270,-11838,-1.17,87.04,87.88,False,False,True,⭐ 弱勢反彈
2026-04-20,2025.0,30566172,-3033,661,-70,-2442,0.37,77.08,84.28,False,False,True,⭐ 弱勢反彈
2026-04-21,2050.0,28055761,2210,696,-77,2829,-0.88,74.91,81.16,False,False,True,⭐ 弱勢反彈
2026-04-22,2050.0,27457065,-2132,-742,-326,-3200,0.2,70.46,77.59,False,False,True,⭐ 弱勢反彈
2026-04-23,2080.0,54918117,7193,754,-1379,6569,-0.76,68.85,74.68,False,False,True,⭐ 弱勢反彈
2026-04-24,2185.0,52391785,8306,1168,256,9729,1.52,78.3,75.89,False,True,True,⭐⭐ 偏多觀察
2026-04-27,2265.0,79778277,-18940,5284,248,-13408,3.02,78.43,76.73,False,False,True,⭐ 弱勢反彈
2026-04-28,2215.0,57336004,-22114,861,500,-20752,-0.13,73.05,75.51,False,False,True,⭐ 弱勢反彈
2026-04-29,2180.0,49147402,-15783,1002,-358,-15139,0.3,65.64,72.22,False,False,True,⭐ 弱勢反彈
2026-04-30,2135.0,59584011,-21183,596,115,-20472,-0.14,55.78,66.74,False,False,True,⭐ 弱勢反彈
2026-05-04,2275.0,44458732,9112,809,378,10299,-0.87,64.2,65.89,False,False,True,⭐ 弱勢反彈
2026-05-05,2250.0,26644983,-8581,1496,-195,-7280,0.48,66.94,66.24,False,True,True,⭐⭐ 偏多觀察
2026-05-06,2250.0,38026963,-4320,1935,-213,-2598,-0.57,68.26,66.92,False,False,True,⭐ 弱勢反彈
2026-05-07,2310.0,41966283,3885,1433,148,5466,-0.83,73.98,69.27,False,False,True,⭐ 弱勢反彈
2026-05-08,2290.0,31730352,-858,1269,108,519,0.01,73.92,70.82,False,False,True,⭐ 弱勢反彈
2026-05-11,2235.0,46172626,-17754,-54,-7,-17815,0.79,65.16,68.93,False,False,True,⭐ 弱勢反彈
2026-05-12,2255.0,54239538,-9237,8880,425,67,-0.3,62.48,66.78,False,False,True,⭐ 弱勢反彈
2026-05-13,2220.0,43727683,-11971,5474,-589,-7086,0.56,55.15,62.9,False,False,True,⭐ 弱勢反彈
2026-05-14,2270.0,39564699,600,5857,-1289,5169,-0.87,53.43,59.75,False,False,True,⭐ 弱勢反彈
2026-05-15,2265.0,34360513,-3399,3386,-21,-33,-0.34,49.91,56.47,False,False,True,⭐ 弱勢反彈
2026-05-18,2240.0,32966937,-9522,6430,520,-2572,0.44,41.6,51.51,False,False,True,⭐ 弱勢反彈
2026-05-19,2205.0,45585931,-17247,4144,200,-12903,0.4,27.74,43.59,False,False,True,⭐ 弱勢反彈
2026-05-20,2185.0,38332945,-11031,2189,-712,-9555,0.16,18.49,35.22,False,False,True,⭐ 弱勢反彈
2026-05-21,2230.0,24929331,1014,167,423,1605,-0.08,23.04,31.16,True,False,True,⭐⭐ 偏多觀察
2026-05-22,2255.0,26823133,733,-465,188,456,0.01,32.03,31.45,False,True,True,⭐⭐ 偏多觀察
2026-05-25,2310.0,28250944,4046,4128,97,8272,-0.74,51.11,38.0,False,False,True,⭐ 弱勢反彈
2026-05-26,2270.0,32781470,-7749,-597,98,-8248,0.89,54.31,43.44,False,False,True,⭐ 弱勢反彈
2026-05-27,2300.0,40272350,8811,1,371,9183,-0.44,62.65,49.84,False,False,True,⭐ 弱勢反彈
2026-05-28,2295.0,42313277,-7079,465,466,-6147,1.71,62.72,54.13,False,False,True,⭐ 弱勢反彈
2026-05-29,2355.0,104783831,13284,349,420,14054,-0.06,71.64,59.97,False,False,True,⭐ 弱勢反彈
2026-06-01,2355.0,60942792,-3312,458,922,-1931,1.18,72.39,64.11,False,False,True,⭐ 弱勢反彈
2026-06-02,2380.0,41532527,391,-68,462,785,0.08,75.46,67.89,False,False,True,⭐ 弱勢反彈
2026-06-03,2425.0,29219904,-104,648,227,771,-0.6,81.31,72.37,False,False,True,⭐ 弱勢反彈
2026-06-04,2385.0,32542948,-11256,538,1099,-9619,0.1,76.76,73.83,False,False,True,⭐ 弱勢反彈
2026-06-05,2365.0,43403895,-17840,2900,517,-14422,-0.41,69.8,72.49,False,False,True,⭐ 弱勢反彈
2026-06-08,2295.0,52273858,-20465,730,-214,-19949,-0.33,56.85,67.27,False,False,True,⭐ 弱勢反彈
2026-06-09,2305.0,38847544,-15008,2660,-1254,-13602,0.76,49.8,61.45,False,False,True,⭐ 弱勢反彈
2026-06-10,2255.0,54194021,-15543,-4,-731,-16278,-0.17,37.17,53.36,False,False,True,⭐ 弱勢反彈
2026-06-11,2250.0,46417523,-4904,612,2909,-1383,-0.67,30.58,45.76,False,False,True,⭐ 弱勢反彈
2026-06-12,2310.0,26306885,3927,-149,-181,3597,-0.03,34.88,42.14,False,False,True,⭐ 弱勢反彈
2026-06-15,2375.0,30228535,9647,86,107,9840,0.23,47.17,43.81,False,True,True,⭐⭐ 偏多觀察
2026-06-16,2400.0,37145708,-382,3849,-158,3309,-0.09,62.34,49.99,False,False,True,⭐ 弱勢反彈
2026-06-17,2385.0,30059393,-6877,-317,895,-6299,0.64,71.47,57.15,False,False,True,⭐ 弱勢反彈
2026-06-18,2410.0,49982610,7516,-7268,37,284,-0.01,80.17,64.82,False,False,True,⭐ 弱勢反彈
2026-06-22,2510.0,45207883,14361,-202,1146,15305,0.21,86.78,72.14,False,False,True,⭐ 弱勢反彈
2026-06-23,2490.0,39537895,-2726,165,1192,-1369,-0.11,86.57,76.95,False,False,True,⭐ 弱勢反彈
2026-06-24,2390.0,67304477,-38450,658,1078,-36715,3.12,76.18,76.69,False,False,True,⭐ 弱勢反彈
2026-06-25,2390.0,41099957,-6104,179,-310,-6235,0.77,64.39,72.59,False,False,True,⭐ 弱勢反彈
2026-06-26,2340.0,53800344,-14281,734,1009,-12537,-0.64,45.31,63.5,False,False,True,⭐ 弱勢反彈
2026-06-29,2370.0,38133782,-1912,919,997,4,0.45,37.35,54.78,False,False,True,⭐ 弱勢反彈
2026-06-30,2410.0,49540227,-1426,-90,652,-863,1.84,38.39,49.32,False,False,True,⭐ 弱勢反彈
2026-07-01,2505.0,37544470,7400,4743,-386,11756,-0.71,54.17,50.93,False,True,True,⭐⭐ 偏多觀察
2026-07-02,2465.0,35919290,-12254,1026,217,-11011,1.09,58.33,53.4,False,False,True,⭐ 弱勢反彈
2026-07-03,2445.0,32905868,-12537,821,653,-11063,1.05,57.94,54.91,False,False,True,⭐ 弱勢反彈
2026-07-06,2460.0,21041918,-241,380,119,258,-0.06,63.62,57.82,False,False,True,⭐ 弱勢反彈
2026-07-07,2440.0,31400854,83,539,-237,385,-1.55,63.71,59.78,False,False,True,⭐ 弱勢反彈
2026-07-08,2465.0,25519599,-4155,730,468,-2957,-0.02,68.4,62.65,False,False,True,⭐ 弱勢反彈
2026-07-09,2415.0,34681018,-12749,43,90,-12615,0.79,61.79,62.37,False,False,True,⭐ 弱勢反彈
2026-07-13,2440.0,35310380,-2045,530,623,-892,-0.16,51.72,58.82,False,False,True,⭐ 弱勢反彈
2026-07-14,2420.0,42857055,-12416,1841,2570,-8005,0.34,43.18,53.6,False,False,True,⭐ 弱勢反彈
2026-07-15,2440.0,33665566,-3427,-596,456,-3568,0.22,43.94,50.38,False,False,True,⭐ 弱勢反彈
2026-07-16,2470.0,30538604,-4215,528,1061,-2625,0.2,53.53,51.43,False,True,True,⭐⭐ 偏多觀察
2026-07-17,2290.0,97362670,-44184,1489,2759,-39936,0.64,35.69,46.18,False,False,False,❌ 空頭或無訊號
2026-07-20,2320.0,55790346,-1672,1049,4626,4002,-0.74,28.55,40.31,False,False,False,❌ 空頭或無訊號
2026-07-21,2410.0,31605663,4976,974,214,6163,-0.66,40.09,40.23,False,False,True,⭐ 弱勢反彈
2026-07-22,2400.0,31653123,-3539,1562,-1059,-3036,0.19,46.02,42.16,False,True,True,⭐⭐ 偏多觀察
2026-07-23,2405.0,28001492,-4614,-943,38,-5519,0.07,50.86,45.06,False,False,True,⭐ 弱勢反彈
2026-07-24,2350.0,24810509,-9637,550,305,-8781,0.34,45.02,45.05,False,False,True,⭐ 弱勢反彈
2026-07-27,2350.0,28939466,-2662,567,1410,-685,0.01,41.12,43.74,False,False,True,⭐ 弱勢反彈
2026-07-28,2280.0,45333029,-14659,284,5123,-9252,-0.34,29.08,38.85,False,False,False,❌ 空頭或無訊號
2026-07-29,2200.0,68139691,-11211,1652,4893,-4665,-0.58,21.9,33.2,False,False,False,❌ 空頭或無訊號
2026-07-30,2205.0,51372177,-3957,939,1638,-1381,-0.16,17.75,28.05,False,False,False,❌ 空頭或無訊號
2026-07-31,2425.0,69478145,13780,7064,2725,23569,-1.33,42.65,32.92,True,True,True,⭐⭐⭐ 黃金買點
2026-08-03,2370.0,35209944,-9717,387,-1587,-10917,0.74,52.33,39.39,False,False,True,⭐ 弱勢反彈
2026-08-04,2320.0,41021199,-12430,434,-2327,-14323,0.8,53.94,44.24,False,False,False,❌ 空頭或無訊號
2026-08-05,2405.0,36782301,12251,-1205,-1099,9948,-1.52,66.57,51.68,False,False,True,⭐ 弱勢反彈
2026-08-06,2365.0,25536816,-4011,-123,-583,-4718,,69.55,57.64,False,False,True,⭐ 弱勢反彈
