date,close,volume,外資,投信,自營商,三大法人合計(張),融資增減(張),K,D,RSI14,BB_upper,BB_lower,KD落入20以下,出現黃金交叉,趨勢向上非鈍化
2021-08-16,37.95,37263140,1267,-282,-15,970,,,,,,,False,False,False
2021-08-17,37.65,25101544,-4445,43,-180,-4583,,,,,,,False,False,False
2021-08-18,39.7,48517885,-1295,432,639,-224,,,,,,,False,False,False
2021-08-19,38.2,27380886,-4869,73,-665,-5461,,,,,,,False,False,False
2021-08-20,37.75,18701840,-1343,62,-536,-1817,,,,,,,False,False,False
2021-08-23,38.8,15354202,3118,15,298,3430,,,,,,,False,False,False
2021-08-24,38.6,19066341,3255,-111,-279,2866,,,,,,,False,False,False
2021-08-25,39.3,16994551,4355,1,383,4739,,,,,,,False,False,False
2021-08-26,39.25,14755959,389,10,-291,108,,80.39,80.39,,,,False,False,False
2021-08-27,39.15,15659913,2219,-2500,35,-246,,79.08,79.96,,,,False,False,False
2021-08-30,39.65,16297993,4415,-4626,212,1,,84.75,81.55,,,,False,True,False
2021-08-31,40.3,22961685,8848,-712,440,8577,,89.83,84.31,,,,False,False,False
2021-09-01,41.6,30674502,3760,-115,1090,4736,,92.42,87.02,,,,False,False,False
2021-09-02,40.9,24101317,3110,-88,-1187,1835,,87.54,87.19,,,,False,False,False
2021-09-03,41.5,21496371,6737,-31,604,7310,,88.18,87.52,56.89,,,False,False,False
2021-09-06,41.15,17825962,2372,-50,46,2368,,84.77,86.6,54.25,,,False,False,False
2021-09-07,41.5,26908551,10247,183,617,11046,,85.47,86.23,56.43,,,False,False,False
2021-09-08,38.9,43909003,-12947,3,-1767,-14711,,57.53,76.66,40.88,,,False,False,False
2021-09-09,38.9,14862413,-2308,-1040,-47,-3395,,39.43,64.25,40.88,,,False,False,False
2021-09-10,40.05,18484139,8562,-118,228,8672,,39.73,56.08,48.2,42.09,36.99,False,False,False
2021-09-13,39.5,10325362,-2482,-11,-775,-3268,,34.01,48.72,45.31,42.06,37.18,False,False,False
2021-09-14,39.05,9006603,-1723,0,-553,-2275,,25.36,40.93,43.04,41.96,37.41,False,False,False
2021-09-15,38.0,20882236,-12398,-7,-1240,-13645,,16.91,32.93,38.22,42.0,37.21,False,False,False
2021-09-16,38.2,8208958,-1076,4,-307,-1379,,13.03,26.29,39.6,42.0,37.21,True,False,False
2021-09-17,37.15,40103600,-17697,-255,-511,-18463,,9.74,20.77,35.14,42.08,37.07,True,False,False
2021-09-22,36.4,28127920,-7208,-282,-282,-7772,,14.32,18.62,32.34,42.32,36.59,True,False,False
2021-09-23,36.25,18789196,-1745,-12,-71,-1828,,17.16,18.14,31.79,42.52,36.15,True,False,False
2021-09-24,36.85,10562065,239,-143,-47,49,,22.87,19.71,36.42,42.59,35.84,True,True,False
2021-09-27,37.5,11991687,-1367,0,139,-1228,,30.8,23.41,41.08,42.59,35.66,False,False,False
2021-09-28,37.4,8123028,-716,1252,-254,282,,37.38,28.07,40.59,42.58,35.49,False,False,False
2021-09-29,36.85,14652525,-933,5,-38,-966,,39.55,31.9,37.89,42.56,35.23,False,False,False
2021-09-30,36.85,10136384,-1106,81,-13,-1038,,44.02,35.94,37.89,42.44,35.01,False,False,False
2021-10-01,36.3,14737226,1823,57,-241,1639,,43.71,38.53,35.19,42.06,34.86,False,False,False
2021-10-04,35.45,12531912,-3235,55,-94,-3274,,34.08,37.05,31.45,41.84,34.54,False,False,False
2021-10-05,35.55,11626657,-776,113,131,-532,,34.16,36.08,32.36,41.37,34.41,False,False,False
2021-10-06,34.15,21135716,-7482,172,-496,-7806,,24.11,32.09,26.96,41.05,34.03,False,False,False
2021-10-07,35.2,13377864,3258,19,85,3362,,26.74,30.31,35.63,40.34,34.11,False,False,False
2021-10-08,35.6,35774611,-10448,1555,17,-8876,,32.05,30.89,38.62,40.15,33.97,False,True,False
2021-10-12,35.55,13349040,-2014,1433,20,-561,,35.14,32.31,38.38,39.93,33.86,False,False,False
2021-10-13,34.65,15978683,-7808,1343,-328,-6793,,29.9,31.5,34.26,39.43,33.82,False,False,False
2021-10-14,35.5,13558068,-2187,81,354,-1752,,34.86,32.62,40.74,38.92,33.93,False,True,False
2021-10-15,36.1,14478167,-26,1519,114,1607,,47.8,37.68,44.87,38.44,34.11,False,False,False
2021-10-18,36.15,9920726,-1812,2,-81,-1892,,57.01,44.12,45.21,38.19,34.17,False,False,False
2021-10-19,35.4,35921612,-11237,1681,-126,-9682,,54.38,47.54,41.09,37.84,34.24,False,False,False
2021-10-20,35.65,26197644,-3714,6299,-1,2584,,54.49,49.86,42.96,37.7,34.24,False,False,False
2021-10-21,36.0,23492679,1178,441,-46,1572,,58.97,52.9,45.56,37.66,34.23,False,False,False
2021-10-22,37.15,27762616,9203,-566,852,9489,,71.55,59.12,53.13,37.79,34.2,False,False,False
2021-10-25,37.3,18258586,-3321,-5,-132,-3458,,81.04,66.42,54.03,37.87,34.16,False,False,False
2021-10-26,38.45,51979452,6331,22,2257,8610,,85.86,72.9,60.31,38.11,34.01,False,False,False
2021-10-27,38.1,61398566,-15897,2038,114,-13745,,85.81,77.2,57.72,38.26,33.93,False,False,False
2021-10-28,39.2,50107222,18480,1863,-959,19385,,88.65,81.02,63.08,38.77,33.66,False,False,False
2021-10-29,39.2,30195388,1723,-73,293,1943,,88.34,83.46,63.08,39.21,33.46,False,False,False
2021-11-01,40.25,33559433,18414,-8,890,19296,,91.06,85.99,67.62,39.9,33.16,False,False,False
2021-11-02,39.45,31913956,2577,-30,-1535,1011,,84.56,85.52,61.42,40.3,33.16,False,False,False
2021-11-03,39.85,21737623,8115,11,1363,9489,,82.26,84.43,63.24,40.72,33.17,False,False,False
2021-11-04,39.4,19361604,503,0,-1051,-549,,77.19,82.02,59.83,40.9,33.52,False,False,False
2021-11-05,39.7,14502454,5416,-24,-46,5346,,73.83,79.29,61.32,41.16,33.71,False,False,False
2021-11-08,40.35,19900482,4863,1974,701,7538,,76.91,78.5,64.42,41.51,33.83,False,False,False
2021-11-09,41.1,33496747,6485,-599,536,6422,,78.89,78.63,67.64,41.94,33.96,False,True,False
2021-11-10,42.1,40104909,10334,1293,2141,13768,,85.93,81.06,71.35,42.4,34.24,False,False,False
2021-11-11,42.45,43076616,-6,452,337,783,,87.92,83.35,72.54,42.92,34.42,False,False,True
2021-11-12,42.9,40334148,14519,640,-125,15034,,88.11,84.94,74.04,43.48,34.54,False,False,True
2021-11-15,42.85,30104970,3353,-1,63,3414,,85.27,85.05,73.56,43.91,34.77,False,False,True
2021-11-16,43.15,20859260,10483,1165,273,11921,,85.42,85.17,74.62,44.21,35.25,False,False,True
2021-11-17,43.15,40724425,-3050,63,186,-2801,,83.21,84.51,74.62,44.4,35.81,False,False,True
2021-11-18,42.8,33132752,6742,-315,-709,5718,,78.55,82.53,70.78,44.43,36.46,False,False,True
2021-11-19,42.35,19543959,1528,-3,-163,1362,,68.33,77.79,66.07,44.46,36.95,False,False,True
2021-11-22,43.65,49813545,12196,475,2010,14681,,73.72,76.44,71.89,44.64,37.41,False,False,True
2021-11-23,43.8,34359439,5308,83,45,5436,,75.66,76.18,72.47,44.89,37.69,False,False,True
2021-11-24,43.1,22797621,-6575,7,-532,-7100,,66.35,72.9,65.6,44.9,38.18,False,False,True
2021-11-25,42.7,16725869,2106,203,-46,2264,,54.08,66.63,61.98,44.92,38.51,False,False,True
2021-11-26,41.8,23460991,3916,-312,-973,2632,,39.69,57.65,54.67,44.82,38.87,False,False,True
2021-11-29,42.1,21112574,6120,-2631,384,3873,,39.32,51.54,56.51,44.82,39.05,False,False,True
2021-11-30,42.4,24956713,4652,-4954,391,89,,41.93,48.33,58.34,44.72,39.45,False,False,True
2021-12-01,43.0,16084863,7079,-2625,202,4656,,49.38,48.68,61.78,44.69,39.8,False,True,True
2021-12-02,42.55,22274936,3222,-3625,-33,-436,,50.06,49.14,57.91,44.45,40.35,False,False,True
2021-12-03,42.4,19224517,1148,-4031,-1338,-4221,,49.09,49.12,56.64,44.14,40.93,False,False,True
2021-12-06,42.35,14524620,970,-1525,-252,-807,,48.19,48.81,56.19,43.88,41.39,False,False,True
2021-12-07,42.3,12695053,30,-214,-209,-393,,50.25,49.29,55.72,43.73,41.66,False,True,True
2021-12-08,41.95,19377206,-694,-966,-352,-2012,,48.05,48.88,52.42,43.74,41.64,False,False,True
2021-12-09,41.4,15881887,632,0,-391,241,,39.91,45.89,47.64,43.83,41.44,False,False,True
2021-12-10,41.4,11313861,1997,0,1,1998,,34.01,41.93,47.64,43.87,41.25,False,False,True
2021-12-13,41.05,6356101,-1208,0,-65,-1274,,25.76,36.54,44.63,43.93,41.01,False,False,True
2021-12-14,40.1,14904914,-1165,-149,-391,-1704,,17.66,30.25,37.68,44.09,40.55,False,False,True
2021-12-15,40.4,10623153,209,-561,-320,-672,,17.33,25.94,40.81,44.1,40.26,True,False,True
2021-12-16,40.7,9064303,496,-1467,220,-752,,21.25,24.38,43.86,44.08,40.07,True,False,True
2021-12-17,40.35,9043339,920,31,-241,710,,19.62,22.79,41.2,44.11,39.84,False,False,True
2021-12-20,40.3,6149432,-1645,-2,-135,-1782,,17.93,21.17,40.82,43.92,39.7,True,False,True
2021-12-21,41.2,10963573,2581,-4,207,2784,,31.21,24.52,49.81,43.58,39.77,True,True,True
2021-12-22,41.4,13869848,-2402,-847,-128,-3377,,44.06,31.03,51.57,43.38,39.81,False,False,True
2021-12-23,41.35,7453072,550,-7,-195,349,,51.86,37.97,51.09,43.24,39.81,False,False,True
2021-12-24,41.25,6013004,-89,-10,161,62,,55.5,43.82,50.08,43.21,39.79,False,False,True
2021-12-27,41.3,5072505,396,-14,61,443,,58.71,48.78,50.6,43.14,39.77,False,False,True
2021-12-28,41.7,8898154,3305,89,169,3563,,66.16,54.57,54.71,43.06,39.79,False,False,True
2021-12-29,41.85,7325868,-240,-39,32,-247,,73.84,61.0,56.18,42.84,39.89,False,False,True
2021-12-30,42.2,22619220,1954,-9,476,2421,,78.21,66.73,59.49,42.77,39.93,False,False,True
2022-01-03,41.1,17478021,-6160,0,-500,-6660,,60.91,64.79,47.38,42.62,39.95,False,False,True
2022-01-04,41.35,9133926,-721,0,-347,-1068,,47.51,59.03,49.88,42.47,40.0,False,False,True
2022-01-05,41.95,12324085,6516,130,63,6709,,52.36,56.81,55.35,42.4,40.03,False,False,True
2022-01-06,41.5,12183342,-2438,-13,-307,-2758,,45.25,52.96,50.87,42.33,40.05,False,False,True
2022-01-07,40.75,11574055,-3108,59,-252,-3301,,31.97,45.96,44.41,42.31,40.01,False,False,False
2022-01-10,40.45,10022198,-2413,217,-405,-2601,,27.31,39.74,42.1,42.3,39.92,False,False,False
2022-01-11,39.75,14345462,-5336,-4,-793,-6133,,20.99,33.49,37.25,42.38,39.71,False,False,False
2022-01-12,40.05,10223189,-1014,14,-527,-1527,,21.8,29.6,40.42,42.39,39.7,False,False,False
2022-01-13,40.15,13938518,841,6,507,1354,,23.68,27.62,41.48,42.4,39.66,False,False,False
2022-01-14,39.45,12672073,-4979,23,-489,-5446,,17.64,24.29,36.57,42.51,39.43,False,False,False
2022-01-17,40.6,7729832,3880,-1,419,4298,,27.81,25.46,47.56,42.51,39.46,True,True,False
2022-01-18,40.4,7044159,2010,130,176,2317,,32.64,27.86,46.06,42.5,39.47,False,False,False
2022-01-19,40.2,6289536,1531,-15,22,1538,,34.8,30.17,44.55,42.49,39.39,False,False,False
2022-01-20,40.05,6491639,-1531,27,-41,-1545,,36.72,32.35,43.41,42.45,39.29,False,False,False
2022-01-21,39.35,10422195,-3412,22,-269,-3659,,26.23,30.31,38.43,42.47,39.07,False,False,False
2022-01-24,38.65,19243694,-2492,-7217,-86,-9796,,22.57,27.73,34.21,42.57,38.71,False,False,False
2022-01-25,38.6,16069657,28,2194,-122,2099,,19.57,25.01,33.92,42.61,38.4,False,False,False
2022-01-26,41.0,76919307,15064,71,384,15518,,38.62,29.55,53.89,42.51,38.43,True,True,False
2022-02-07,41.0,39366277,-3281,135,-505,-3651,,48.51,35.87,53.89,42.38,38.47,False,False,False
2022-02-08,42.1,25364092,9690,654,1052,11396,,64.05,45.26,60.28,42.36,38.48,False,False,True
2022-02-09,42.2,17334607,1642,41,94,1778,,74.44,54.99,60.81,42.55,38.4,False,False,True
2022-02-10,42.9,35257685,10252,2686,1150,14088,,82.27,64.08,64.4,42.87,38.24,False,False,True
2022-02-11,43.55,47690206,22212,1543,779,24534,,85.86,71.34,67.38,43.25,38.02,False,False,True
2022-02-14,42.85,20896917,7079,118,-1728,5469,,84.2,75.63,61.41,43.47,37.93,False,False,True
2022-02-15,42.9,18025312,-540,1917,222,1599,,83.38,78.21,61.67,43.75,37.87,False,False,True
2022-02-16,43.25,20430734,4285,805,88,5178,,83.01,79.81,63.53,44.08,37.82,False,False,True
2022-02-17,44.65,89759643,27325,4816,5733,37874,,85.93,81.85,69.84,44.67,37.72,False,False,True
2022-02-18,45.1,48977030,2170,1598,1417,5185,,90.21,84.64,71.55,45.29,37.6,False,False,True
2022-02-21,44.7,24447259,7479,3903,-2685,8698,,89.0,86.09,67.88,45.73,37.62,False,False,True
2022-02-22,44.15,28428082,7442,1359,-509,8292,,81.17,84.45,63.08,45.97,37.85,False,False,True
2022-02-23,44.2,16470547,2985,49,54,3088,,76.53,81.81,63.33,46.22,37.96,False,False,True
2022-02-24,43.1,36228188,3328,5564,-2404,6488,,60.79,74.8,54.47,46.3,38.15,False,False,False
2022-02-25,43.5,20552507,3386,358,412,4156,,52.29,67.3,56.84,46.38,38.4,False,False,False
2022-03-01,44.2,17578395,2693,176,559,3428,,55.78,63.46,60.69,46.51,38.69,False,False,True
2022-03-02,44.05,11742532,664,97,-51,710,,56.14,61.02,59.46,46.48,39.19,False,False,True
2022-03-03,45.0,33227420,8793,1026,1202,11021,,68.8,63.61,64.36,46.34,39.96,False,True,True
2022-03-04,44.6,17023586,-1146,276,-747,-1617,,73.08,66.77,61.02,45.88,41.02,False,False,True
2022-03-07,43.4,29281532,901,4882,-1081,4702,,63.0,65.51,52.25,45.71,41.43,False,False,True
2022-03-08,41.55,25214201,-4804,227,-1380,-5957,,42.0,57.68,42.18,45.6,41.59,False,False,False
2022-03-09,41.5,13738797,-5748,448,-280,-5580,,30.63,48.66,41.94,45.68,41.45,False,False,False
2022-03-10,42.2,13186830,910,-2127,418,-799,,29.19,42.17,46.45,45.68,41.45,False,False,False
2022-03-11,41.25,14573844,-2515,-1629,-693,-4837,,19.9,34.75,41.72,45.83,41.14,False,False,False
2022-03-14,41.7,10903505,509,-690,-102,-283,,17.65,29.05,44.59,45.87,40.92,True,False,False
2022-03-15,40.5,15693257,-1836,-215,-599,-2650,,11.77,23.29,39.06,46.06,40.49,True,False,False
2022-03-16,40.4,11121290,-2639,179,-493,-2953,,10.51,19.03,38.62,46.22,40.08,True,False,False
2022-03-17,41.95,14971878,4813,1,626,5440,,23.46,20.51,48.16,46.2,39.97,True,True,True
2022-03-18,42.45,13480485,2353,15,-219,2150,,37.42,26.15,50.82,46.01,39.94,False,False,True
2022-03-21,42.25,7752718,-1756,18,-348,-2086,,52.72,35.01,49.72,45.71,39.95,False,False,True
2022-03-22,42.25,4657872,1215,16,-112,1119,,62.93,44.31,49.72,45.46,39.96,False,False,True
2022-03-23,42.3,7020022,906,23,28,957,,70.35,52.99,50.03,45.29,39.95,False,False,True
2022-03-24,41.85,8774376,2377,-136,-462,1779,,69.74,58.57,47.19,45.08,39.92,False,False,False
2022-03-25,41.25,11265931,2906,-480,-120,2306,,61.92,59.69,43.63,45.03,39.79,False,False,False
2022-03-28,41.2,7452925,1774,21,77,1873,,56.1,58.49,43.33,44.91,39.67,False,False,False
2022-03-29,40.6,11825994,-3168,-1046,-119,-4333,,39.62,52.2,39.87,44.68,39.55,False,False,False
2022-03-30,40.5,11758989,-2947,-1476,142,-4281,,29.81,44.74,39.3,44.42,39.45,False,False,False
2022-03-31,40.1,12456547,1668,-2139,-270,-741,,19.88,36.45,37.04,43.85,39.53,False,False,False
2022-04-01,40.35,12617053,-1204,-1074,-198,-2475,,22.11,31.67,39.39,43.23,39.72,True,False,False
2022-04-06,39.45,13913706,-8219,-231,117,-8334,,16.21,26.52,34.42,43.01,39.55,False,False,False
2022-04-07,39.35,11095524,-2928,3703,33,808,,13.49,22.17,33.91,43.1,39.24,True,False,False
2022-04-08,39.9,12328683,-5178,3273,-168,-2073,,19.66,21.34,39.26,43.09,39.09,True,False,False
2022-04-11,39.75,14332515,-1949,3282,-235,1098,,22.14,21.6,38.35,42.98,38.95,True,True,False
2022-04-12,38.75,14318571,-4168,-79,72,-4174,,16.48,19.9,32.87,43.08,38.6,False,False,False
2022-04-13,39.9,11262045,-1702,67,637,-998,,28.27,22.69,42.96,42.99,38.51,True,True,False
2022-04-14,38.8,12922604,-6135,-855,-874,-7864,,23.39,22.92,37.2,43.07,38.26,False,False,False
2022-04-15,38.2,9496756,-1893,169,-500,-2224,,15.6,20.48,34.48,43.2,37.91,False,False,False
2022-04-18,38.4,6317169,-238,74,55,-109,,19.24,20.07,36.16,43.11,37.65,True,False,False
2022-04-19,39.0,8113314,1979,5,211,2195,,29.83,23.32,41.02,42.82,37.6,True,True,False
2022-04-20,40.45,17773051,7035,59,1176,8270,,53.22,33.29,50.79,42.55,37.69,False,False,False
2022-04-21,40.05,8793740,-2526,2006,-494,-1014,,63.88,43.49,48.41,42.22,37.79,False,False,False
2022-04-22,39.8,6549026,-1131,527,54,-550,,67.89,51.62,46.93,41.82,37.95,False,False,False
2022-04-25,38.15,12858666,-4370,-2160,-505,-7034,,50.2,51.15,38.55,41.54,37.85,False,False,False
2022-04-26,38.0,10601726,-5481,589,81,-4811,,36.55,46.28,37.88,41.38,37.69,False,False,False
2022-04-27,38.25,24863317,-6139,-1999,17,-8120,,36.45,43.0,39.74,41.14,37.64,False,False,False
2022-04-28,37.75,17397446,-9043,144,-448,-9347,,31.54,39.18,37.34,41.04,37.45,False,False,False
2022-04-29,38.2,15142145,2267,2,122,2391,,32.62,37.0,40.81,40.89,37.37,False,False,False
2022-05-03,38.3,7222322,-311,23,20,-268,,34.31,36.1,41.58,40.77,37.31,False,False,False
2022-05-04,38.4,4805279,-1268,10,66,-1192,,36.6,36.27,42.4,40.58,37.31,False,True,False
2022-05-05,39.2,10364119,1375,-85,95,1385,,47.68,40.07,48.56,40.55,37.31,False,False,False
2022-05-06,38.35,8477010,-2487,0,-131,-2618,,49.79,43.31,43.26,40.51,37.25,False,False,False
2022-05-09,37.6,7779669,-2008,2,-80,-2086,,41.19,42.6,39.2,40.42,37.11,False,False,False
2022-05-10,37.95,6541139,854,-23,520,1351,,42.01,42.4,41.94,40.3,37.05,False,False,False
2022-05-11,37.6,6095842,-362,-21,-141,-525,,38.31,41.04,40.0,40.31,36.93,False,False,False
2022-05-12,37.4,6774702,-51,-28,12,-67,,33.42,38.5,38.89,40.15,36.83,False,False,False
2022-05-13,38.0,4764440,741,124,157,1022,,37.43,38.14,43.91,40.12,36.78,False,False,False
2022-05-16,38.35,6535278,696,5,166,867,,44.35,40.21,46.66,40.13,36.79,False,True,False
2022-05-17,38.9,6558690,1179,9,480,1668,,55.63,45.35,50.75,40.16,36.81,False,False,False
2022-05-18,39.2,7252904,1367,1,17,1385,,66.25,52.32,52.87,40.19,36.8,False,False,False
2022-05-19,39.75,11949548,7398,-4,482,7876,,77.5,60.71,56.57,40.0,36.92,False,False,False
2022-05-20,39.3,7638209,-229,0,-656,-885,,78.23,66.55,52.91,39.84,37.01,False,False,False
2022-05-23,39.3,4112071,904,0,-31,873,,77.61,70.24,52.91,39.72,37.07,False,False,False
2022-05-24,38.7,5137380,-150,-17,-304,-471,,69.64,70.04,48.11,39.75,37.1,False,False,False
2022-05-25,38.95,3760600,773,2,362,1137,,64.26,68.11,50.14,39.8,37.14,False,False,False
2022-05-26,38.6,3023986,-498,-23,-91,-611,,49.7,61.97,47.34,39.82,37.16,False,False,False
2022-05-27,39.0,3481402,-542,-2,61,-483,,46.04,56.66,50.72,39.85,37.25,False,False,False
2022-05-30,39.45,8934143,-1169,-224,124,-1269,,53.27,55.53,54.28,39.96,37.27,False,False,False
2022-05-31,39.5,5715056,1483,-481,27,1029,,59.17,56.74,54.67,40.07,37.28,False,True,False
2022-06-01,39.6,5321331,1255,-27,-59,1169,,64.73,59.41,55.49,40.18,37.29,False,False,False
2022-06-02,40.75,24846346,-321,365,1217,1261,,73.16,63.99,63.65,40.51,37.12,False,False,False
2022-06-06,40.7,9639059,702,-11,-643,48,,78.1,68.7,63.11,40.81,37.05,False,False,False
2022-06-07,40.5,4121918,14,-10,-2,2,,78.74,72.04,60.88,40.97,37.18,False,False,False
2022-06-08,39.9,17059380,-2732,-17,59,-2690,,70.55,71.54,54.64,41.02,37.32,False,False,False
2022-06-09,39.5,4467620,-314,-10,-216,-540,,57.64,66.91,50.89,40.96,37.57,False,False,False
2022-06-10,39.1,6071593,-202,0,-33,-235,,43.61,59.14,47.39,40.81,37.9,False,False,False
2022-06-13,38.0,9120195,-1758,-283,-422,-2463,,29.07,49.12,39.38,40.81,37.9,False,False,False
2022-06-14,38.45,8950601,631,-442,22,212,,28.43,42.22,43.58,40.8,37.92,False,False,False
2022-06-15,38.15,6594900,-977,4,-23,-997,,25.14,36.53,41.52,40.85,37.79,False,False,False
2022-06-16,37.8,7033441,638,10,-171,477,,19.62,30.89,39.18,40.92,37.58,False,False,False
2022-06-17,37.8,18069794,202,-424,-586,-808,,22.38,28.06,39.18,40.93,37.38,True,False,False
2022-06-20,36.7,9425867,1303,-255,-223,825,,16.68,24.26,32.52,41.11,36.94,False,False,False
2022-06-21,37.3,8578197,-1464,-930,377,-2017,,19.08,22.53,38.65,41.14,36.71,True,False,False
2022-06-22,35.7,13878439,-2118,-79,-140,-2337,,15.75,20.27,30.65,41.42,36.13,True,False,False
2022-06-23,35.25,7447541,-809,-679,320,-1168,,12.19,17.58,28.84,41.66,35.51,True,False,False
2022-06-24,36.0,6610750,895,-68,366,1193,,16.14,17.1,35.65,41.74,35.17,True,False,False
2022-06-27,36.8,5719175,490,3,366,859,,25.53,19.91,42.03,41.7,34.99,True,True,False
2022-06-28,36.2,2770851,119,-218,-231,-330,,26.72,22.18,38.91,41.63,34.74,False,False,False
2022-06-29,36.5,4371608,945,2,-37,910,,35.39,26.58,41.26,41.5,34.57,False,False,False
2022-06-30,35.5,15588146,-1113,-4,-277,-1394,,34.38,29.18,36.26,41.39,34.27,False,False,False
2022-07-01,32.5,16899538,-2271,23,141,-2107,,23.26,27.21,26.07,41.43,33.4,False,False,False
2022-07-04,32.2,7364221,-2072,2,163,-1907,,16.18,23.53,25.3,41.33,32.65,False,False,False
2022-07-05,31.25,22823681,1100,-3713,-105,-2718,,14.17,20.41,23.0,41.25,31.81,True,False,False
2022-07-06,29.7,25247803,-1178,-2904,-16,-4098,,10.76,17.19,19.83,41.37,30.67,True,False,False
2022-07-07,30.45,9509741,468,121,732,1322,,11.78,15.39,25.2,41.2,29.93,True,False,False
2022-07-08,31.0,13546460,345,-3658,581,-2732,,14.96,15.25,28.97,40.89,29.43,True,False,False
2022-07-11,31.0,8162902,-1021,31,2141,1151,,17.38,15.96,28.97,40.66,28.96,True,True,False
2022-07-12,29.3,19270822,-4520,-2592,-529,-7641,,11.84,14.59,24.54,40.44,28.27,True,False,False
2022-07-13,29.0,15821569,6552,3,-1199,5355,,10.88,13.35,23.85,40.15,27.64,True,False,False
2022-07-14,29.25,11138046,-1966,-2251,311,-3907,,14.25,13.65,25.73,39.77,27.17,True,True,False
2022-07-15,30.3,13262579,360,-39,633,954,,24.09,17.13,33.19,39.2,26.99,True,False,False
2022-07-18,30.45,8655392,-1843,-79,261,-1661,,37.49,23.91,34.21,38.75,26.82,False,False,False
2022-07-19,31.25,8995625,2420,-6,299,2713,,54.04,33.96,39.5,38.08,26.88,False,False,False
2022-07-20,32.1,14842645,1293,701,-60,1934,,65.57,44.49,44.6,37.69,26.91,False,False,False
2022-07-21,32.35,8243378,1143,-1583,-421,-861,,75.15,54.71,46.04,37.37,26.94,False,False,False
2022-07-22,32.55,7084996,397,146,-107,436,,83.06,64.16,47.22,36.88,27.09,False,False,False
2022-07-25,32.2,5940438,162,6,-149,19,,85.67,71.33,45.35,36.1,27.41,False,False,False
2022-07-26,31.55,6228224,155,22,-373,-196,,82.49,75.05,42.01,35.33,27.71,False,False,False
2022-07-27,32.85,35162701,-3140,-5345,722,-7763,,80.23,76.78,49.94,34.42,28.26,False,False,False
2022-07-28,32.5,14127021,-387,-2,-834,-1223,,73.57,75.71,48.03,33.65,28.73,False,False,False
2022-07-29,32.65,8767492,-1858,12,290,-1556,,70.33,73.92,48.93,33.67,28.72,False,False,False
2022-08-01,33.1,9955521,947,13,-6,954,,67.01,71.61,51.63,33.82,28.66,False,False,False
2022-08-02,32.05,10239396,-4316,21,-371,-4666,,51.59,64.94,45.58,33.89,28.67,False,False,False
2022-08-03,32.05,5245960,-744,39,-52,-757,,41.31,57.07,45.58,33.92,28.88,False,False,False
2022-08-04,32.15,7323219,-1346,154,297,-896,,35.72,49.95,46.27,33.98,28.98,False,False,False
2022-08-05,33.05,8792711,1495,528,1231,3254,,43.31,47.74,52.2,34.17,29.0,False,False,False
2022-08-08,33.5,10771270,-948,32,146,-770,,53.54,49.67,54.88,34.41,29.01,False,True,False
2022-08-09,32.1,17847063,-4983,-2156,-323,-7462,,43.59,47.64,46.2,34.31,29.39,False,False,False
2022-08-10,31.15,15652552,-1879,-2127,-1255,-5261,,29.74,41.67,41.41,34.05,29.87,False,False,False
2022-08-11,32.75,15406640,8629,11,1249,9889,,42.27,41.87,50.68,33.82,30.45,False,True,False
2022-08-12,33.45,12331700,1211,-9,-125,1077,,60.16,47.97,54.1,33.84,30.74,False,False,False
2022-08-15,33.45,6487497,-792,22,-25,-795,,70.82,55.59,54.1,33.81,31.07,False,False,False
2022-08-16,33.25,6665387,944,-2161,2,-1215,,74.78,61.98,52.89,33.83,31.25,False,False,False
2022-08-17,32.8,9803172,492,-2621,-22,-2151,,71.65,65.21,50.16,33.85,31.3,False,False,False
2022-08-18,32.7,8013499,1601,-1999,-264,-662,,68.28,66.23,49.54,33.87,31.32,False,False,False
2022-08-19,33.3,6690145,1961,-360,818,2419,,73.72,68.73,53.23,33.94,31.32,False,False,False
2022-08-22,33.15,3714728,379,17,-1,395,,75.43,70.96,52.2,33.99,31.36,False,False,False
2022-08-23,32.85,3390235,-594,37,-428,-985,,70.13,70.68,50.12,33.95,31.54,False,False,False
2022-08-24,32.55,6007783,-1686,-238,-378,-2302,,54.53,65.3,48.06,33.93,31.52,False,False,False
2022-08-25,32.9,2821844,761,23,276,1059,,51.91,60.84,50.61,33.95,31.54,False,False,False
2022-08-26,33.4,10143306,389,16,356,761,,61.27,60.98,54.09,34.02,31.55,False,True,False
2022-08-29,32.6,5821501,-2072,67,-402,-2407,,49.74,57.23,48.24,33.99,31.53,False,False,False
2022-08-30,32.7,3259919,36,15,-154,-103,,44.27,52.91,48.98,33.98,31.61,False,False,False
2022-08-31,32.95,3634777,795,16,82,893,,44.99,50.27,50.88,33.97,31.7,False,False,False
2022-09-01,32.8,2998740,474,10,-466,17,,41.9,47.48,49.68,33.96,31.78,False,False,False
2022-09-02,32.3,4273700,-2025,21,83,-1921,,27.93,40.96,45.82,33.94,31.72,False,False,False
2022-09-05,31.7,5245497,-1280,48,-466,-1698,,20.21,34.05,41.64,33.92,31.57,False,False,False
2022-09-06,31.0,6030149,-2192,49,-312,-2455,,13.47,27.19,37.36,34.07,31.3,False,False,False
2022-09-07,30.75,4890589,-258,20,-315,-553,,13.81,22.73,35.93,34.15,31.18,True,False,False
2022-09-08,32.25,10667621,-374,32,953,611,,33.02,26.16,48.58,34.14,31.15,True,True,False
2022-09-12,32.55,4148305,342,-4,303,641,,49.39,33.9,50.68,34.05,31.15,False,False,False
2022-09-13,31.85,6714236,-3288,42,-592,-3838,,51.98,39.93,45.97,33.94,31.09,False,False,False
2022-09-14,31.35,5546981,-1124,48,120,-956,,48.49,42.78,42.9,33.9,30.95,False,False,False
2022-09-15,31.3,4423342,-1275,26,-142,-1391,,45.53,43.7,42.59,33.89,30.8,False,False,False
2022-09-16,31.8,6740460,152,20,-469,-297,,50.62,46.0,46.69,33.86,30.75,False,False,False
2022-09-19,31.25,4105327,-1648,48,104,-1496,,46.82,46.27,43.05,33.75,30.65,False,False,False
2022-09-20,31.3,3034231,-771,27,59,-685,,44.94,45.83,43.48,33.64,30.58,False,False,False
2022-09-21,31.4,5734778,1008,8,132,1148,,41.07,44.24,44.39,33.55,30.52,False,False,False
2022-09-22,30.9,7368731,-1877,21,-249,-2106,,32.56,40.35,40.86,33.53,30.37,False,False,False
2022-09-23,31.0,3853809,374,34,-180,228,,28.53,36.41,41.85,33.42,30.29,False,False,False
2022-09-26,29.65,9074128,-1863,-152,-804,-2818,,19.74,30.85,33.62,33.35,29.99,False,False,False
2022-09-27,30.0,6654579,1010,34,-7,1038,,22.14,27.95,37.08,33.32,29.76,True,False,False
2022-09-28,29.1,6542078,-127,27,-62,-162,,15.34,23.75,32.41,33.36,29.36,False,False,False
2022-09-29,30.7,12943650,-560,38,474,-48,,29.53,25.67,45.54,33.12,29.38,True,True,False
2022-09-30,31.15,13914208,1936,-23,66,1979,,46.61,32.65,48.57,32.89,29.44,False,False,False
2022-10-03,31.0,5290026,689,16,156,861,,56.07,40.46,47.62,32.74,29.46,False,False,False
2022-10-04,32.2,9423671,2290,23,1448,3761,,70.71,50.54,55.18,32.82,29.43,False,False,True
2022-10-05,32.5,10955642,2084,-6,-5,2073,,77.41,59.5,56.85,33.0,29.4,False,False,True
2022-10-06,32.0,6105476,-1288,2,-582,-1868,,77.48,65.49,53.28,33.08,29.44,False,False,True
2022-10-07,32.15,5319596,1099,5,33,1137,,78.85,69.94,54.21,33.07,29.45,False,False,True
2022-10-11,30.4,8898735,-1808,16,-1352,-3144,,64.41,68.1,43.36,32.89,29.41,False,False,False
2022-10-12,31.45,7438997,1723,24,-54,1693,,63.99,66.73,49.84,32.84,29.42,False,False,False
2022-10-13,30.55,6921809,1342,34,-267,1109,,55.82,63.09,45.08,32.82,29.36,False,False,False
2022-10-14,32.45,13507716,4187,15,1274,5476,,65.51,63.9,54.88,32.98,29.31,False,True,True
2022-10-17,32.6,9693952,1097,23,-4,1116,,73.86,67.22,55.56,33.11,29.26,False,False,True
2022-10-18,32.95,12038194,2993,21,602,3616,,80.85,71.76,57.17,33.35,29.19,False,False,True
2022-10-19,32.0,11611273,-2884,54,-290,-3121,,74.59,72.71,51.7,33.41,29.2,False,False,False
2022-10-20,32.15,14685751,91,-22,-335,-267,,72.14,72.52,52.47,33.48,29.21,False,False,True
2022-10-21,31.8,4146640,65,16,-133,-51,,66.48,70.51,50.44,33.53,29.25,False,False,False
2022-10-24,32.1,6539017,-616,16,336,-264,,65.54,68.85,52.15,33.6,29.29,False,False,False
2022-10-25,31.6,6067061,540,10,60,610,,58.84,65.51,49.11,33.52,29.56,False,False,False
2022-10-26,30.05,26679992,-318,-393,-1251,-1962,,45.08,58.7,41.11,33.52,29.57,False,False,False
2022-10-27,30.0,12371141,-2971,-4,402,-2573,,35.46,50.96,40.88,33.36,29.82,False,False,False
2022-10-28,28.7,20109368,-6006,-589,-865,-7461,,24.38,42.1,35.32,33.65,29.33,False,False,False
2022-10-31,29.8,13014878,5006,-947,692,4751,,25.35,36.51,42.45,33.71,29.14,False,False,False
2022-11-01,30.3,8370883,2447,0,503,2950,,30.39,34.47,45.4,33.72,29.05,False,False,False
2022-11-02,30.2,5895175,-441,0,-65,-506,,32.96,33.97,44.91,33.65,28.93,False,False,False
2022-11-03,30.55,6696092,776,9,105,890,,37.45,35.13,47.08,33.5,28.88,False,True,False
2022-11-04,31.0,7686960,1213,4,213,1430,,46.3,38.85,49.83,33.42,28.86,False,False,False
2022-11-07,32.9,17722553,10294,0,701,10995,,64.2,47.3,59.41,33.55,28.81,False,False,True
2022-11-08,32.3,10246215,-28,2,-143,-169,,70.83,55.14,55.78,33.66,28.88,False,False,False
2022-11-09,32.55,8232285,1000,5,77,1082,,77.14,62.48,56.96,33.79,28.87,False,False,False
2022-11-10,32.75,4745594,2432,1,75,2508,,82.73,69.23,57.93,33.95,28.93,False,False,False
2022-11-11,33.75,18396353,3048,-4,1005,4050,,82.88,73.78,62.46,34.18,28.82,False,False,True
2022-11-14,33.75,11771899,1295,820,-906,1209,,82.74,76.77,62.46,34.39,28.73,False,False,True
2022-11-15,33.65,9322184,-232,-82,35,-279,,81.97,78.5,61.69,34.51,28.68,False,False,True
2022-11-16,34.1,13678332,5136,-78,104,5161,,84.01,80.34,63.85,34.82,28.58,False,False,True
2022-11-17,33.7,7299699,1347,-24,-364,959,,80.11,80.26,60.58,35.02,28.54,False,False,True
2022-11-18,34.85,23191213,6344,1571,799,8714,,85.01,81.84,65.98,35.45,28.41,False,True,True
2022-11-21,34.2,14671297,-3894,-15,-555,-4464,,79.48,81.06,60.9,35.7,28.37,False,False,True
2022-11-22,34.7,10429438,3913,263,-333,3843,,81.64,81.25,63.24,36.03,28.35,False,True,True
2022-11-23,34.7,12461663,384,330,-93,621,,78.99,80.5,63.24,36.28,28.56,False,False,True
2022-11-24,34.75,6384647,998,-78,-231,689,,78.1,79.7,63.5,36.48,28.84,False,False,True
2022-11-25,34.2,7575005,-377,-96,-251,-724,,67.38,75.59,58.7,36.32,29.55,False,False,True
2022-11-28,33.95,5711220,-322,-5,61,-266,,53.0,68.06,56.6,36.21,30.07,False,False,True
2022-11-29,34.2,5842041,790,0,-13,777,,49.62,61.92,58.21,36.13,30.54,False,False,True
2022-11-30,34.65,8734215,1116,-1,307,1423,,55.94,59.92,61.01,35.99,31.13,False,False,True
2022-12-01,35.15,17172053,4156,1185,-146,5195,,61.93,60.59,63.9,35.86,31.72,False,True,True
2022-12-02,35.15,11738055,715,-3,-162,550,,64.9,62.03,63.9,35.69,32.31,False,False,True
2022-12-05,35.85,21036791,4692,1050,174,5915,,69.93,64.66,67.78,35.94,32.35,False,False,True
2022-12-06,34.5,18686728,-5548,-1605,-989,-8142,,58.29,62.54,55.41,35.83,32.68,False,False,True
2022-12-07,33.8,12203038,-1216,3,-695,-1908,,42.75,55.94,50.29,35.7,32.94,False,False,True
2022-12-08,33.7,12502705,331,-2,-390,-62,,37.39,49.76,49.58,35.57,33.16,False,False,True
2022-12-09,33.95,8051592,835,0,24,859,,36.04,45.18,51.42,35.57,33.18,False,False,True
2022-12-12,34.6,10545504,2755,372,199,3326,,40.91,43.76,55.91,35.57,33.26,False,False,True
2022-12-13,34.75,9737979,2016,-5,-84,1927,,45.5,44.34,56.9,35.58,33.37,False,True,True
2022-12-14,35.3,9403275,2400,189,474,3063,,53.44,47.37,60.41,35.68,33.38,False,False,True
2022-12-15,35.25,6550493,-180,604,-89,334,,58.3,51.01,59.93,35.73,33.49,False,False,True
2022-12-16,34.85,32508244,-16724,21206,-288,4195,,63.16,55.06,56.11,35.73,33.49,False,False,True
2022-12-19,35.2,33609886,-23072,21123,-475,-2424,,71.87,60.66,58.6,35.8,33.52,False,False,True
2022-12-20,34.75,33895548,-21148,21334,68,254,,72.32,64.55,54.33,35.8,33.53,False,False,True
2022-12-21,34.85,33688177,-24314,21413,526,-2375,,70.43,66.51,55.11,35.81,33.53,False,False,True
2022-12-22,34.8,23684781,-10801,12893,-419,1673,,68.01,67.01,54.61,35.81,33.53,False,False,True
2022-12-23,35.0,15889014,-2842,9259,-908,5509,,67.56,67.19,56.33,35.84,33.59,False,False,True
2022-12-26,34.2,7996412,-2668,283,-447,-2832,,49.48,61.29,48.43,35.82,33.63,False,False,True
2022-12-27,34.3,4902445,867,125,-83,909,,39.66,54.08,49.38,35.82,33.64,False,False,True
2022-12-28,33.6,7209640,-1407,344,-223,-1286,,28.1,45.42,43.33,35.88,33.48,False,False,True
2022-12-29,33.75,6310274,-703,-4,5,-702,,27.76,39.54,44.89,35.85,33.36,False,False,True
2022-12-30,33.75,5267947,-554,-14,-17,-585,,27.54,35.54,44.89,35.81,33.26,False,False,True
2023-01-03,34.25,3017181,499,273,200,972,,36.61,35.89,50.19,35.58,33.34,False,True,True
2023-01-04,34.2,2390913,329,2,21,352,,41.87,37.89,49.67,35.57,33.32,False,False,True
2023-01-05,34.2,6288337,-136,11,189,64,,46.72,40.83,49.67,35.55,33.37,False,False,True
2023-01-06,34.75,5504910,2588,3,271,2862,,60.09,47.25,55.49,35.55,33.48,False,False,True
2023-01-09,35.2,8272608,3402,200,910,4512,,73.39,55.96,59.6,35.62,33.54,False,False,True
2023-01-10,35.2,4758671,2391,-14,16,2394,,79.36,63.76,59.6,35.69,33.53,False,False,True
2023-01-11,35.0,3987007,1285,6,27,1318,,80.45,69.32,56.89,35.71,33.53,False,False,True
2023-01-12,34.95,3131534,1045,-6,50,1089,,79.07,72.57,56.21,35.66,33.55,False,False,True
2023-01-13,34.5,3786655,-574,387,-49,-236,,70.26,71.8,50.31,35.58,33.55,False,False,True
2023-01-16,34.45,2908746,695,128,-13,810,,56.71,66.77,49.68,35.55,33.54,False,False,True
2023-01-17,34.6,3805122,1191,126,3,1321,,49.81,61.12,51.62,35.47,33.56,False,False,True
2023-01-30,35.5,13601308,2878,117,2343,5338,,60.48,60.9,61.26,35.6,33.5,False,False,True
2023-01-31,35.8,9040508,2473,-618,-128,1727,,73.65,65.15,63.85,35.78,33.42,False,True,True
2023-02-01,35.7,5682293,-711,196,0,-514,,76.55,68.95,62.36,35.92,33.37,False,False,True
2023-02-02,37.3,24904449,6093,-661,1971,7403,,82.78,73.56,73.18,36.5,33.02,False,False,True
2023-02-03,37.25,11937912,3230,-639,-963,1628,,86.4,77.84,72.47,36.96,32.87,False,False,True
2023-02-06,36.3,6541984,-820,-648,-264,-1732,,78.77,78.15,60.6,37.13,32.9,False,False,True
2023-02-07,36.25,3372906,202,0,-162,40,,73.15,76.48,60.04,37.22,33.07,False,False,True
2023-02-08,36.45,3639585,1157,-48,-112,997,,71.34,74.77,61.56,37.32,33.24,False,False,True
2023-02-09,36.4,2458427,822,-22,-5,795,,66.0,71.85,60.94,37.38,33.45,False,False,True
2023-02-10,35.8,4919026,81,-6,-426,-350,,52.34,65.34,53.86,37.38,33.6,False,False,True
2023-02-13,35.6,3566776,290,-11,-562,-282,,40.19,56.96,51.71,37.35,33.77,False,False,True
2023-02-14,36.35,6267521,2289,3,-108,2184,,43.46,52.46,58.42,37.37,33.96,False,False,True
2023-02-15,35.3,16849376,-7190,-287,-158,-7635,,40.26,48.39,48.3,37.36,34.03,False,False,True
2023-02-16,35.1,6891567,-2400,-379,21,-2758,,37.95,44.91,46.64,37.36,34.02,False,False,True
2023-02-17,35.05,3282889,-455,0,167,-288,,36.41,42.08,46.21,37.36,34.0,False,False,True
2023-02-20,35.2,3805707,-515,-5,344,-176,,37.35,40.5,47.76,37.36,34.03,False,False,True
2023-02-21,35.05,3668960,-1796,-9,158,-1647,,36.01,39.0,46.32,37.35,34.04,False,False,True
2023-02-22,34.6,4505375,-2110,-82,134,-2058,,29.34,35.78,42.23,37.34,34.06,False,False,False
2023-02-23,34.65,3774588,-1969,-17,135,-1851,,25.56,32.37,42.83,37.32,34.1,False,False,False
2023-02-24,34.45,6890600,-2881,-138,378,-2641,,20.37,28.37,40.98,37.34,34.07,False,False,False
2023-03-01,34.3,6062444,-2102,-92,63,-2131,,24.0,26.92,39.6,37.39,33.9,False,False,False
2023-03-02,34.8,7909049,-1398,-174,52,-1519,,36.83,30.22,46.12,37.38,33.81,False,True,False
2023-03-03,35.75,19295046,1479,-11,1000,2468,,54.1,38.18,55.86,37.38,33.81,False,False,True
2023-03-06,35.35,8119502,-3039,-9,-400,-3448,,59.55,45.3,51.63,37.1,33.9,False,False,True
2023-03-07,35.05,8145110,-1660,16,74,-1570,,58.64,49.75,48.65,36.77,34.01,False,False,True
2023-03-08,34.9,6649895,-1777,11,191,-1575,,55.76,51.75,47.18,36.65,33.99,False,False,False
2023-03-09,34.8,4722459,-1315,-17,86,-1246,,52.33,51.94,46.19,36.52,33.98,False,False,False
2023-03-10,34.1,7638153,-2816,-5,-8,-2829,,39.43,47.77,39.83,36.37,33.89,False,False,False
2023-03-13,34.0,5642948,-2242,-13,31,-2223,,32.41,42.65,39.0,36.19,33.83,False,False,False
2023-03-14,33.55,4840026,-2188,-48,19,-2217,,21.61,35.64,35.44,36.19,33.61,False,False,False
2023-03-15,33.6,3443495,-1616,295,-39,-1360,,15.08,28.79,36.14,36.16,33.43,False,False,False
2023-03-16,33.25,4641911,-1194,-93,-140,-1427,,11.78,23.12,33.42,35.97,33.31,True,False,False
2023-03-17,33.9,10413977,928,113,189,1229,,19.45,21.89,42.14,35.9,33.24,True,False,False
2023-03-20,34.25,2342907,308,8,128,444,,30.79,24.86,46.22,35.84,33.22,True,True,False
2023-03-21,34.25,3117650,241,-17,-170,54,,38.36,29.36,46.22,35.78,33.2,False,False,False
2023-03-22,34.1,3000450,-179,-63,-20,-262,,47.08,35.27,44.65,35.7,33.17,False,False,False
2023-03-23,34.05,4177712,14,-301,-10,-297,,51.82,40.78,44.12,35.62,33.15,False,False,False
2023-03-24,34.7,7743693,2649,-58,50,2641,,65.92,49.16,52.16,35.63,33.15,False,False,False
2023-03-27,34.7,3786144,-446,-38,19,-465,,75.32,57.88,52.16,35.64,33.15,False,False,False
2023-03-28,33.9,7390329,-2582,-23,-377,-2982,,65.9,60.55,43.27,35.63,33.1,False,False,False
2023-03-29,33.7,3518514,-828,-9,-97,-934,,47.93,56.35,41.37,35.63,33.04,False,False,False
2023-03-30,34.75,13518545,3952,-222,704,4434,,60.35,57.68,53.03,35.63,33.04,False,True,False
2023-03-31,35.05,29102784,-1343,-227,469,-1100,,60.37,58.58,55.74,35.46,33.13,False,False,True
2023-04-06,34.35,11735337,-4529,-112,-457,-5097,,50.66,55.94,48.68,35.3,33.19,False,False,False
2023-04-07,35.15,11478322,3588,-227,162,3523,,55.3,55.73,55.6,35.32,33.18,False,False,True
2023-04-10,34.85,6513281,-1725,-282,-17,-2024,,54.23,55.23,52.73,35.31,33.19,False,False,False
2023-04-11,35.15,8887663,1034,-25,236,1245,,57.68,56.05,55.22,35.38,33.15,False,True,True
2023-04-12,35.2,5013387,380,-279,-61,40,,60.68,57.59,55.64,35.51,33.14,False,False,True
2023-04-13,34.65,6940789,-2745,-106,-22,-2874,,55.03,56.74,50.08,35.54,33.17,False,False,False
2023-04-14,34.65,4323970,-500,-10,3,-507,,46.34,53.27,50.08,35.54,33.28,False,False,False
2023-04-17,34.7,4819097,-1271,-50,21,-1300,,41.42,49.32,50.6,35.53,33.4,False,False,False
2023-04-18,34.3,5321621,-2688,-11,103,-2596,,32.21,43.62,46.44,35.42,33.61,False,False,False
2023-04-19,33.95,7390548,-2911,-224,-266,-3401,,22.48,36.57,43.09,35.42,33.62,False,False,False
2023-04-20,34.1,4574358,-255,-336,-22,-614,,21.05,31.4,44.92,35.42,33.6,False,False,False
2023-04-21,33.7,10097361,2462,-5315,268,-2585,,15.83,26.21,41.12,35.46,33.51,False,False,False
2023-04-24,34.25,12328446,6332,-4894,137,1575,,22.94,25.12,47.68,35.46,33.53,True,False,False
2023-04-25,33.2,24300558,-2298,-4934,-601,-7833,,19.64,23.29,38.8,35.56,33.34,False,False,False
2023-04-26,31.8,26985025,-2857,-5019,55,-7821,,16.9,21.16,30.61,35.92,32.69,True,False,False
2023-04-27,32.5,15847113,5380,-4741,1081,1720,,21.74,21.36,37.69,35.99,32.4,True,True,False
2023-04-28,32.2,9531859,-4383,-408,189,-4603,,22.12,21.61,36.0,36.11,32.11,False,False,False
2023-05-02,32.8,5732120,1921,-8,302,2215,,29.8,24.34,41.65,36.14,31.99,False,False,False
2023-05-03,32.2,8630087,-3038,-7,39,-3007,,28.47,25.71,38.03,36.15,31.73,False,False,False
2023-05-04,32.6,8708465,1096,0,287,1383,,31.88,27.77,41.67,36.04,31.59,False,False,False
2023-05-05,32.5,7384978,-32,2,-111,-141,,33.08,29.54,41.02,36.0,31.44,False,False,False
2023-05-08,32.5,5084189,-105,2,33,-70,,33.88,30.99,41.02,35.83,31.35,False,False,False
2023-05-09,32.65,11897648,-2066,-11,22,-2055,,43.42,35.13,42.57,35.67,31.29,False,False,False
2023-05-10,32.3,5619758,-2641,-1,-93,-2735,,35.12,35.13,39.93,35.44,31.23,False,False,False
2023-05-11,31.85,6672098,-2668,-168,35,-2800,,23.41,31.22,36.77,35.18,31.16,False,False,False
2023-05-12,31.9,7738842,-1937,-127,441,-1624,,16.68,26.38,37.36,35.0,31.07,False,False,False
2023-05-15,32.45,9074843,205,-71,301,435,,26.86,26.54,43.63,34.75,31.1,True,True,False
2023-05-16,32.05,8178587,-3579,-84,164,-3499,,26.24,26.44,40.46,34.45,31.13,False,False,False
2023-05-17,32.2,7274298,-1195,4,561,-631,,28.61,27.16,42.16,34.2,31.17,False,True,False
2023-05-18,32.9,11260375,2944,2,301,3247,,43.14,32.49,49.4,34.03,31.24,False,False,False
2023-05-19,32.8,7013487,-1301,-2,-279,-1582,,50.99,38.66,48.47,33.79,31.35,False,False,False
2023-05-22,32.7,5343526,0,0,-120,-121,,59.28,45.53,47.5,33.62,31.42,False,False,False
2023-05-23,32.8,9626278,-178,-7,-25,-210,,67.1,52.72,48.61,33.2,31.69,False,False,False
2023-05-24,32.9,6049373,412,18,71,501,,74.62,60.02,49.75,33.13,31.73,False,False,False
2023-05-25,32.9,4035951,1073,102,-241,934,,79.63,66.56,49.75,33.15,31.82,False,False,False
2023-05-26,32.95,7734703,3018,-43,-212,2763,,78.09,70.4,50.38,33.21,31.81,False,False,False
2023-05-29,33.4,7759146,2598,-24,156,2730,,79.33,73.38,55.82,33.36,31.78,False,False,False
2023-05-30,33.1,6548965,-1557,-58,-6,-1621,,70.84,72.53,51.75,33.4,31.76,False,False,False
2023-05-31,33.3,8473128,-24,18,268,262,,70.3,71.79,54.15,33.49,31.78,False,False,False
2023-06-01,33.65,6441684,1689,374,51,2114,,77.73,73.77,58.08,33.66,31.72,False,True,False
2023-06-02,33.85,15691053,-4774,388,290,-4096,,78.67,75.4,60.18,33.85,31.66,False,False,False
2023-06-05,33.4,15509165,-5910,333,-28,-5604,,69.62,73.48,53.66,33.92,31.68,False,False,False
2023-06-06,33.3,13519734,-1556,40,-126,-1641,,59.06,68.67,52.31,33.98,31.69,False,False,False
2023-06-07,33.0,10661374,-5632,99,10,-5523,,41.94,59.76,48.36,33.98,31.76,False,False,False
2023-06-08,32.3,16596599,-8637,-89,-216,-8942,,29.62,49.71,40.66,33.94,31.85,False,False,False
2023-06-09,32.1,12439662,-7181,127,-31,-7085,,20.52,39.98,38.76,33.91,31.9,False,False,False
2023-06-12,32.4,9259726,-1834,-107,-79,-2020,,19.11,33.03,43.06,33.91,31.89,False,False,False
2023-06-13,32.8,11441836,791,-40,201,952,,24.37,30.14,48.27,33.87,32.01,True,False,False
2023-06-14,33.6,17339320,4261,-2,-3,4256,,40.28,33.52,56.79,33.92,32.1,False,True,True
2023-06-15,33.9,18254958,-1733,-55,2274,486,,54.26,40.43,59.49,34.05,32.07,False,False,False
2023-06-16,34.85,52375196,28544,-16873,4152,15823,,69.51,50.12,66.59,34.42,31.9,False,False,True
2023-06-19,34.9,51294121,16991,-11088,4854,10757,,76.5,58.91,66.92,34.73,31.81,False,False,True
2023-06-20,32.6,46992644,13766,-16758,-10944,-13936,,56.82,58.21,44.98,34.74,31.78,False,False,False
2023-06-21,32.25,27380528,8690,-16631,-295,-8236,,39.99,52.14,42.69,34.77,31.69,False,False,False
2023-06-26,32.85,29849387,14168,-16269,35,-2066,,34.31,46.2,47.62,34.77,31.68,False,False,False
2023-06-27,32.75,8603483,1811,-234,-38,1539,,28.99,40.46,46.9,34.77,31.66,False,False,False
2023-06-28,32.4,7109533,-2820,-23,90,-2753,,21.55,34.16,44.36,34.76,31.57,False,False,False
2023-06-29,32.7,9673810,50,1,207,258,,19.92,29.41,47.01,34.75,31.54,False,False,False
2023-06-30,32.7,4462583,-218,0,-27,-245,,18.84,25.89,47.01,34.73,31.5,True,False,False
2023-07-03,32.5,5685280,-2678,-23,-8,-2709,,15.89,22.55,45.34,34.67,31.44,True,False,False
2023-07-04,32.25,5577375,-1950,-23,-58,-2031,,12.11,19.07,43.27,34.59,31.37,True,False,False
2023-07-05,32.5,4386459,524,442,-71,895,,18.07,18.74,45.93,34.54,31.32,True,False,False
2023-07-06,32.35,3939739,-655,181,-167,-641,,17.05,18.18,44.58,34.51,31.26,True,False,False
2023-07-07,32.25,5629671,-944,481,-159,-622,,21.24,19.2,43.65,34.49,31.2,True,True,False
2023-07-10,31.8,6715470,-3285,469,-139,-2955,,16.38,18.26,39.68,34.52,31.13,False,False,False
2023-07-11,31.95,3244126,-177,164,11,-2,,16.48,17.67,41.59,34.52,31.11,True,False,False
2023-07-12,31.85,4616584,77,64,-10,131,,15.15,16.83,40.67,34.54,31.03,True,False,False
2023-07-13,32.05,6168252,978,34,64,1076,,19.82,17.83,43.37,34.53,30.97,True,True,False
2023-07-14,32.15,3568358,660,-463,-86,111,,29.88,21.85,44.73,34.43,30.92,True,False,False
2023-07-17,32.5,8471261,220,370,-83,507,,49.55,31.08,49.32,34.27,30.95,False,False,False
2023-07-18,32.15,9947684,-5680,1704,-107,-4083,,49.7,37.29,45.27,33.76,31.18,False,False,False
2023-07-19,31.8,7765701,-1528,-24,-25,-1577,,36.84,37.14,41.6,32.96,31.67,False,False,False
2023-07-20,31.35,7368308,-3282,4,-14,-3292,,24.56,32.94,37.4,33.02,31.49,False,False,False
2023-07-21,31.1,7401506,-1307,828,-43,-522,,20.29,28.73,35.27,33.12,31.28,False,False,False
2023-07-24,30.7,5865891,-1168,133,-91,-1126,,14.38,23.95,32.11,33.18,31.0,False,False,False
2023-07-25,31.0,4627855,-299,226,25,-48,,15.57,21.15,36.69,33.15,30.86,True,False,False
2023-07-26,30.1,17364369,-6515,93,-506,-6928,,13.41,18.57,30.13,33.29,30.48,True,False,False
2023-07-27,30.6,9554197,-2279,99,67,-2113,,18.03,18.39,36.88,33.25,30.32,True,False,False
2023-07-28,31.15,8304657,1648,110,59,1817,,27.78,21.52,43.36,33.13,30.28,True,True,False
2023-07-31,31.2,11627697,542,465,72,1079,,34.88,25.98,43.92,33.03,30.25,False,False,False
2023-08-01,31.8,5996434,797,1201,-22,1975,,53.49,35.15,50.31,32.98,30.26,False,False,False
2023-08-02,31.2,8600900,-3723,999,-65,-2789,,57.61,42.63,44.81,32.86,30.25,False,False,False
2023-08-04,31.9,7118334,1354,1653,45,3053,,70.19,51.82,51.48,32.79,30.27,False,False,False
2023-08-07,31.65,4528707,-1135,783,-17,-369,,73.46,59.03,49.19,32.72,30.28,False,False,False
2023-08-08,30.95,9940951,-3217,1439,-310,-2088,,65.27,61.11,43.39,32.69,30.22,False,False,False
2023-08-09,30.9,5077721,-441,793,-17,336,,58.24,60.15,43.0,32.64,30.17,False,False,False
2023-08-10,30.45,4927881,-1886,690,-43,-1239,,39.81,53.37,39.55,32.62,30.05,False,False,False
2023-08-11,30.45,3553809,-445,595,-59,91,,29.32,45.35,39.55,32.55,29.96,False,False,False
2023-08-14,30.15,7247278,-1463,1094,-613,-982,,23.33,38.01,37.24,32.47,29.84,False,False,False
2023-08-15,30.35,4747022,-691,1032,142,483,,22.37,32.8,39.76,32.25,29.85,False,False,False
2023-08-16,30.05,5130772,-3191,1236,-80,-2035,,17.19,27.6,37.34,32.1,29.78,False,False,False
2023-08-17,30.35,6726016,-783,791,22,30,,19.97,25.05,41.2,31.99,29.75,True,False,False
2023-08-18,30.15,3910235,-1178,1193,-1,14,,20.33,23.48,39.45,31.95,29.67,True,False,False
2023-08-21,30.35,3496631,-1084,675,23,-386,,27.84,24.93,42.1,31.92,29.63,False,True,False
2023-08-22,30.2,5514280,-1208,669,6,-533,,31.6,27.16,40.66,31.92,29.57,False,False,False
2023-08-23,31.2,7262574,2259,465,195,2919,,50.36,34.89,52.33,31.94,29.57,False,False,False
2023-08-24,31.15,6326392,-1419,567,-177,-1029,,58.14,42.64,51.78,31.97,29.65,False,False,False
2023-08-25,30.95,3954570,318,495,-50,763,,59.81,48.36,49.54,31.98,29.67,False,False,False
2023-08-28,31.15,4842621,950,645,126,1722,,64.43,53.72,51.78,31.98,29.67,False,False,False
2023-08-29,32.35,14304043,171,708,1572,2451,,74.47,60.64,62.54,32.22,29.55,False,False,False
2023-08-30,34.75,141737183,17607,232,2353,20192,,78.13,66.47,74.69,33.19,28.88,False,False,True
2023-08-31,33.7,70705557,-10799,348,-1302,-11753,,74.11,69.01,64.79,33.62,28.69,False,False,True
2023-09-01,33.2,29564088,-3702,722,-500,-3480,,68.1,68.71,60.66,33.83,28.61,False,False,False
2023-09-04,33.5,12072044,-2191,673,324,-1194,,65.46,67.63,62.22,34.12,28.51,False,False,True
2023-09-05,33.85,14930724,-2370,1020,197,-1153,,65.17,66.81,64.0,34.47,28.45,False,False,True
2023-09-06,33.95,12392272,2934,1653,369,4956,,65.67,66.43,64.52,34.81,28.42,False,False,True
2023-09-07,34.35,21767698,3144,1572,666,5383,,68.02,66.96,66.59,35.18,28.44,False,True,True
2023-09-08,34.55,12911212,2457,1570,-220,3807,,70.93,68.28,67.6,35.53,28.5,False,False,True
2023-09-11,33.75,11729854,-1923,1222,-307,-1008,,56.62,64.39,59.78,35.68,28.71,False,False,True
2023-09-12,34.0,9228330,2059,1615,-415,3259,,50.94,59.91,61.28,35.83,28.92,False,False,True
2023-09-13,34.15,7266016,582,1570,-316,1836,,54.91,58.24,62.2,35.94,29.22,False,False,False
2023-09-14,34.35,13422165,-308,1522,1074,2288,,60.03,58.84,63.44,36.06,29.5,False,True,False
2023-09-15,35.0,29961190,6753,1873,1232,9859,,73.35,63.68,67.21,36.2,29.84,False,False,True
2023-09-18,34.7,10960682,-695,1461,-287,479,,73.15,66.83,63.93,36.24,30.24,False,False,True
2023-09-19,34.35,10588648,-3679,1283,-283,-2679,,65.94,66.53,60.24,36.12,30.78,False,False,True
2023-09-20,34.05,8792329,-803,1321,-563,-45,,55.07,62.71,57.2,36.05,31.13,False,False,True
2023-09-21,33.55,7123007,-1326,-29,15,-1340,,37.72,54.38,52.44,35.89,31.53,False,False,True
2023-09-22,33.3,10252997,-729,1005,-664,-388,,36.06,48.27,50.19,35.59,32.06,False,False,True
2023-09-25,33.8,6983121,-1709,1047,280,-382,,41.01,45.85,54.4,35.19,32.73,False,False,True
2023-09-26,32.75,10782693,-3146,677,-416,-2885,,31.58,41.09,45.67,35.11,32.85,False,False,True
2023-09-27,32.05,14054671,-4616,703,-540,-4454,,24.44,35.54,40.95,35.21,32.48,False,False,False
2023-09-28,31.65,9522266,-1345,802,-58,-601,,16.29,29.12,38.5,35.43,32.06,False,False,False
2023-10-02,31.7,10501237,-2320,962,368,-990,,14.62,24.29,38.99,35.57,31.76,True,False,False
2023-10-03,32.2,9893527,145,654,651,1450,,19.27,22.61,43.82,35.62,31.59,True,False,False
2023-10-04,31.65,5871408,-2264,961,-584,-1886,,16.94,20.72,40.06,35.68,31.3,True,False,False
2023-10-05,32.35,7189142,1882,582,620,3084,,23.57,21.67,46.37,35.65,31.18,True,True,True
2023-10-06,32.7,5970892,-177,267,631,721,,32.09,25.15,49.24,35.54,31.12,False,False,True
2023-10-11,32.75,8031063,2058,-9,169,2218,,40.35,30.21,49.66,35.39,31.09,False,False,True
2023-10-12,32.8,4682079,-204,130,88,14,,56.31,38.91,50.1,35.34,31.05,False,False,True
2023-10-13,32.9,5250528,1464,-47,92,1509,,65.61,47.81,51.02,35.25,31.03,False,False,True
2023-10-16,32.25,5040503,-976,515,-535,-996,,60.41,52.01,45.18,35.13,30.95,False,False,True
2023-10-17,32.45,3718521,698,-42,111,767,,59.72,54.58,47.18,34.96,30.94,False,False,True
2023-10-18,32.2,9275298,-844,938,-837,-743,,54.63,54.59,44.97,34.59,31.02,False,False,False
2023-10-19,32.8,4652951,1354,761,426,2540,,59.87,56.35,50.92,34.26,31.16,False,False,True
2023-10-20,32.65,4278111,-806,826,111,131,,57.31,56.67,49.48,33.97,31.28,False,False,True
2023-10-23,32.7,3490418,178,561,318,1057,,57.05,56.8,49.99,33.73,31.39,False,False,True
2023-10-24,32.4,5329991,-204,275,-393,-322,,48.18,53.92,46.94,33.57,31.43,False,False,True
2023-10-25,29.65,37198948,-12865,217,-2749,-15397,,34.71,47.52,29.3,33.93,30.71,False,False,False
2023-10-26,28.65,19474019,-5581,1224,-176,-4532,,24.23,39.76,25.55,34.23,29.9,False,False,False
2023-10-27,28.5,19164377,-4113,731,420,-2962,,18.51,32.67,25.03,34.51,29.19,False,False,False
2023-10-30,27.75,18989723,-3598,309,89,-3200,,14.39,26.58,22.56,34.86,28.41,True,False,False
2023-10-31,27.0,16889478,-4652,374,-62,-4341,,9.59,20.92,20.4,35.24,27.57,True,False,False
2023-11-01,27.4,13702693,-1873,372,40,-1461,,10.5,17.44,24.55,35.41,26.96,True,False,False
2023-11-02,27.95,9931222,-2834,2815,67,47,,13.92,16.27,29.97,35.41,26.54,True,False,False
2023-11-03,27.85,7198160,-2018,54,-72,-2036,,15.69,16.08,29.55,35.42,26.15,True,False,False
2023-11-06,28.3,6082703,845,33,-40,838,,24.63,18.93,33.99,35.28,25.88,True,True,False
2023-11-07,28.15,4387653,-1148,-16,-94,-1258,,36.68,24.84,33.24,35.06,25.65,False,False,False
2023-11-08,27.7,8850156,-2682,-6,-84,-2772,,39.73,29.81,31.02,34.81,25.39,False,False,False
2023-11-09,27.4,6939348,-2205,136,-144,-2213,,42.17,33.93,29.61,34.51,25.16,False,False,False
2023-11-10,27.45,2823235,-336,-2,-16,-354,,44.78,37.55,30.18,34.12,25.0,False,False,False
2023-11-13,27.55,4514445,-530,64,4,-461,,48.48,41.19,31.38,33.78,24.87,False,False,False
2023-11-14,27.8,3757376,78,-30,154,202,,48.11,43.5,34.42,33.34,24.84,False,False,False
2023-11-15,28.35,15643262,1303,-186,115,1232,,56.77,47.92,40.64,32.9,24.9,False,False,False
2023-11-16,28.35,5180555,-879,319,-185,-745,,62.53,52.79,40.64,32.23,25.12,False,False,False
2023-11-17,28.4,5047783,-979,-75,112,-941,,67.62,57.73,41.23,31.49,25.44,False,False,False
2023-11-20,28.7,6350652,157,442,119,718,,75.08,63.51,44.77,30.55,25.98,False,False,False
2023-11-21,28.65,5512602,-1235,-549,-169,-1953,,78.01,68.35,44.29,29.3,26.85,False,False,False
2023-11-22,28.4,3474586,179,79,-47,211,,74.59,70.43,41.88,29.01,27.02,False,False,False
2023-11-23,28.85,6305373,2230,130,307,2668,,79.93,73.59,47.42,29.05,27.0,False,False,False
2023-11-24,28.7,5083268,-2212,91,-296,-2417,,79.33,75.51,45.85,29.08,26.99,False,False,False
2023-11-27,28.25,5100429,-1043,-33,-476,-1552,,61.98,71.0,41.42,29.1,27.02,False,False,False
2023-11-28,28.65,5442512,-954,15,155,-785,,58.97,66.99,46.38,29.09,27.2,False,False,False
2023-11-29,28.85,4841153,945,-19,-70,856,,64.8,66.26,48.72,29.14,27.29,False,False,False
2023-11-30,28.8,8307011,-3412,-8,-20,-3440,,63.2,65.24,48.15,29.21,27.3,False,False,False
2023-12-01,28.7,4450888,545,-45,-257,243,,58.8,63.09,46.98,29.26,27.34,False,False,False
2023-12-04,29.0,6588207,397,238,294,929,,64.6,63.59,50.85,29.34,27.33,False,True,False
2023-12-05,28.65,6624974,-4070,365,-181,-3886,,57.35,61.51,46.58,29.37,27.35,False,False,False
2023-12-06,28.5,3562103,-1485,117,-22,-1390,,47.76,56.93,44.84,29.36,27.44,False,False,False
2023-12-07,28.45,4702340,-1724,41,125,-1557,,39.77,51.21,44.25,29.29,27.61,False,False,False
2023-12-08,28.45,10571349,-130,23,212,106,,42.65,48.36,44.25,29.2,27.81,False,False,False
2023-12-11,28.35,3135195,-253,70,221,38,,42.41,46.37,42.93,29.08,28.0,False,False,False
2023-12-12,28.9,9294382,-36,502,71,537,,54.08,48.94,51.48,29.03,28.16,False,True,False
2023-12-13,29.0,7520524,-2066,814,202,-1049,,64.01,53.96,52.87,29.08,28.18,False,False,False
2023-12-14,29.2,10609939,-1084,628,120,-335,,71.24,59.72,55.59,29.17,28.17,False,False,False
2023-12-15,30.1,41389861,9923,1459,683,12065,,69.41,62.95,65.32,29.55,27.96,False,False,False
2023-12-18,29.9,15265345,-3646,-760,-307,-4712,,66.37,64.09,62.06,29.76,27.87,False,False,False
2023-12-19,29.45,7602711,-2704,1347,-323,-1680,,60.23,62.8,55.38,29.84,27.88,False,False,False
2023-12-20,30.05,8855485,598,1635,-866,1367,,61.61,62.41,61.36,30.03,27.85,False,False,False
2023-12-21,30.3,8674613,-2298,2094,831,627,,63.3,62.7,63.55,30.26,27.77,False,True,False
2023-12-22,30.35,15446224,-5158,2474,-178,-2862,,64.04,63.15,63.99,30.47,27.72,False,False,False
2023-12-25,30.5,9167037,-2513,2392,-107,-228,,65.33,63.88,65.34,30.65,27.76,False,False,False
2023-12-26,30.9,11719806,-354,1756,277,1680,,70.22,65.99,68.71,30.93,27.71,False,False,False
2023-12-27,31.95,34472235,242,2893,824,3959,,77.89,69.96,75.45,31.45,27.5,False,False,True
2023-12-28,31.75,24547390,-3755,0,92,-3662,,76.93,72.28,72.26,31.81,27.43,False,False,False
2023-12-29,31.35,8360974,-774,6,-620,-1388,,72.36,72.31,66.22,32.03,27.48,False,False,False
2024-01-02,31.4,11161709,3620,-2450,-229,941,,68.24,70.95,66.59,32.23,27.52,False,False,False
2024-01-03,31.4,12177602,-2290,2399,-36,73,,65.49,69.13,66.59,32.39,27.64,False,False,False
2024-01-04,31.2,7877005,-1749,3029,210,1491,,59.05,65.77,63.32,32.47,27.83,False,False,False
2024-01-05,31.05,5960757,1388,550,-389,1549,,51.17,60.9,60.91,32.49,28.07,False,False,False
2024-01-08,30.8,9276656,-2089,3147,-415,643,,40.17,53.99,57.01,32.44,28.35,False,False,False
2024-01-09,30.25,5408818,-574,33,-222,-764,,26.78,44.92,49.5,32.3,28.68,False,False,False
2024-01-10,30.05,4799770,621,740,-292,1069,,20.28,36.71,47.07,32.21,28.89,False,False,False
2024-01-11,30.25,4076727,388,425,52,865,,20.02,31.15,49.72,32.11,29.11,False,False,False
2024-01-12,30.35,4571806,-1264,1709,103,548,,21.68,27.99,51.05,32.02,29.31,False,False,False
2024-01-15,30.3,6358918,-2039,1884,138,-17,,22.15,26.04,50.33,32.02,29.34,False,False,False
2024-01-16,29.9,7458941,-3322,2123,-379,-1578,,16.43,22.84,44.92,32.02,29.34,False,False,False
2024-01-17,29.0,11194100,-1853,-1803,186,-3471,,10.95,18.88,35.64,32.09,29.22,True,False,False
2024-01-18,29.0,6625393,-2776,2033,-248,-991,,10.2,15.99,35.64,32.2,29.0,True,False,False
2024-01-19,29.7,4669405,-239,984,83,828,,19.84,17.27,45.75,32.22,28.93,True,True,True
2024-01-22,30.05,6428279,-971,-97,442,-625,,35.75,23.43,49.98,32.22,28.9,True,False,True
2024-01-23,30.3,6627838,586,-55,223,753,,50.86,32.58,52.81,32.21,28.88,False,False,True
2024-01-24,30.1,4821149,304,-49,-72,183,,56.13,40.43,50.36,32.17,28.84,False,False,True
2024-01-25,30.0,2923095,43,-85,-382,-424,,57.93,46.26,49.13,31.94,28.88,False,False,True
2024-01-26,30.55,8113879,2106,-2345,606,367,,68.54,53.69,55.56,31.75,28.95,False,False,True
2024-01-29,29.5,15806504,-7408,-2665,-1137,-11210,,57.66,55.01,44.1,31.62,28.89,False,False,True
2024-01-30,28.85,13178232,-4401,-66,-1764,-6231,,39.29,49.77,38.77,31.52,28.74,False,False,False
2024-01-31,29.2,18460060,-3150,-9,1386,-1773,,38.44,45.99,42.78,31.34,28.7,False,False,False
2024-02-01,28.9,10080148,-5865,959,175,-4731,,33.79,41.93,40.34,31.19,28.62,False,False,False
2024-02-02,28.7,9331893,-4058,646,-50,-3461,,27.97,37.27,38.75,31.06,28.51,False,False,False
2024-02-05,28.5,10309563,-2258,709,-26,-1575,,21.37,31.97,37.18,30.98,28.37,False,False,False
2024-02-15,28.55,6389226,-1008,114,17,-877,,17.95,27.3,37.86,30.95,28.22,False,False,False
2024-02-16,29.0,8126984,558,-14,337,881,,22.34,25.64,43.76,30.91,28.16,True,False,False
2024-02-19,29.15,4761820,-1400,284,77,-1038,,27.48,26.26,45.61,30.82,28.14,False,True,False
2024-02-20,28.75,6447960,-3160,3,-233,-3390,,28.67,27.06,41.67,30.71,28.09,False,False,False
2024-02-21,28.75,7675722,-694,-5,230,-469,,29.46,27.86,41.67,30.59,28.05,False,False,False
2024-02-22,29.0,3764463,1316,-11,169,1473,,42.44,32.72,45.11,30.52,28.03,False,False,False
2024-02-23,28.7,4163402,-703,-40,-269,-1013,,40.58,35.34,41.91,30.53,28.0,False,False,False
2024-02-26,28.25,8135303,-5154,-1,-41,-5195,,28.57,33.08,37.61,30.57,27.88,False,False,False
2024-02-27,28.2,4566324,-1481,-55,-57,-1592,,24.17,30.11,37.16,30.55,27.75,False,False,False
2024-02-29,28.45,4877518,619,-628,221,212,,27.65,29.29,41.01,30.43,27.71,False,False,False
2024-03-01,28.2,3602522,-1138,-24,-14,-1176,,23.56,27.38,38.47,30.25,27.68,False,False,False
2024-03-04,28.35,4985769,1460,-286,-6,1169,,24.68,26.48,40.84,30.07,27.68,False,False,False
2024-03-05,27.9,9366367,-5397,-35,-95,-5527,,18.68,23.88,36.32,29.92,27.63,False,False,False
2024-03-06,27.8,4797156,-636,-149,11,-774,,15.48,21.08,35.38,29.51,27.76,True,False,False
2024-03-07,27.3,10122628,-2728,-23,102,-2649,,10.32,17.49,31.07,29.49,27.56,True,False,False
2024-03-08,27.25,10758198,844,-1128,-98,-381,,9.74,14.91,30.67,29.55,27.34,True,False,False
2024-03-11,27.45,5273827,1750,-340,-55,1355,,13.16,14.33,34.33,29.49,27.22,True,False,False
2024-03-12,27.55,4103251,-93,-594,81,-606,,17.34,15.33,36.15,29.45,27.13,True,True,False
2024-03-13,26.95,9856220,-4799,-19,18,-4800,,12.42,14.36,30.67,29.49,26.92,True,False,False
2024-03-14,26.7,6583609,-3208,-30,2,-3236,,8.28,12.33,28.71,29.55,26.67,True,False,False
2024-03-15,26.75,6487952,-626,-429,-55,-1110,,8.22,10.96,29.68,29.57,26.48,True,False,False
2024-03-18,26.7,7004694,180,-2003,-91,-1914,,11.2,11.04,29.25,29.49,26.33,True,True,False
2024-03-19,26.6,6950826,1696,-3601,7,-1898,,11.27,11.12,28.37,29.35,26.21,True,False,False
2024-03-20,26.45,6567929,-33,-2350,9,-2375,,8.71,10.31,27.06,29.27,26.06,True,False,False
2024-03-21,27.05,12431841,3689,-2096,389,1983,,21.28,13.97,39.18,29.13,26.03,True,True,False
2024-03-22,27.45,12718926,1575,-2507,-148,-1080,,38.32,22.09,45.66,28.9,26.11,False,False,False
2024-03-25,26.85,11563224,-1931,-3131,81,-4981,,35.89,26.69,38.96,28.71,26.11,False,False,False
2024-03-26,26.75,8272987,1013,-2312,-29,-1328,,31.98,28.45,37.96,28.61,26.06,False,False,False
2024-03-27,26.7,6359395,1402,-2429,58,-969,,28.21,28.37,37.44,28.49,26.03,False,False,False
2024-03-28,26.65,5319412,-1615,-17,-60,-1692,,24.56,27.1,36.9,28.29,26.05,False,False,False
2024-03-29,26.7,3366597,456,-357,58,156,,22.32,25.51,37.86,28.13,26.06,False,False,False
2024-04-01,27.3,8512181,2966,-80,662,3548,,35.12,28.71,48.15,27.9,26.19,False,True,False
2024-04-02,27.45,8307964,-2724,1849,-186,-1061,,46.08,34.5,50.37,27.8,26.24,False,False,False
2024-04-03,27.15,4042668,-1422,554,-49,-916,,45.39,38.13,46.13,27.68,26.3,False,False,False
2024-04-08,27.8,14715896,2348,1149,58,3555,,59.89,45.38,54.97,27.78,26.24,False,False,False
2024-04-09,27.85,6800666,-1225,474,6,-746,,70.79,53.85,55.57,27.89,26.19,False,False,False
2024-04-10,27.85,7359472,531,-17,129,643,,74.07,60.59,55.57,27.97,26.15,False,False,False
2024-04-11,27.4,6297732,-2251,649,66,-1535,,66.59,62.59,48.75,27.95,26.16,False,False,False
2024-04-12,26.9,8516665,-4362,395,-84,-4050,,49.95,58.38,42.5,27.95,26.16,False,False,False
2024-04-15,26.7,9200349,-1492,2195,-107,596,,34.41,50.39,40.28,27.95,26.16,False,False,False
2024-04-16,26.3,13565951,-5313,1911,-201,-3603,,27.59,42.79,36.2,27.98,26.08,False,False,False
2024-04-17,26.4,5774581,-2692,1665,124,-904,,24.6,36.72,37.89,27.99,26.04,False,False,False
2024-04-18,26.25,10424149,2273,-348,139,2065,,20.27,31.24,36.33,28.02,25.97,False,False,False
2024-04-19,25.95,18374327,-5163,3067,-559,-2655,,22.8,28.43,33.38,28.07,25.87,False,False,False
2024-04-22,26.1,8770270,-2320,2457,493,631,,26.13,27.66,36.17,28.09,25.76,False,False,False
2024-04-23,25.95,7124162,298,241,-161,378,,27.72,27.68,34.61,28.07,25.63,False,True,False
2024-04-24,26.2,9264779,3653,149,111,3913,,33.45,29.61,39.32,28.07,25.57,False,False,False
2024-04-25,25.85,6139369,-2154,607,-27,-1574,,36.19,31.8,35.47,28.1,25.45,False,False,False
2024-04-26,26.0,5316548,-902,355,48,-499,,42.88,35.49,38.26,28.11,25.37,False,False,False
2024-04-29,26.8,10327313,6590,229,191,7010,,61.92,44.3,50.54,28.11,25.38,False,False,False
2024-04-30,27.6,12698263,6637,204,24,6865,,74.61,54.4,59.27,28.21,25.37,False,False,False
2024-05-02,26.7,14094360,-8200,823,-129,-7506,,71.07,59.96,48.83,28.16,25.36,False,False,False
2024-05-03,27.2,11925148,6596,-376,-100,6119,,73.31,64.41,53.71,28.12,25.37,False,False,False
2024-05-06,26.9,11328900,-4979,457,24,-4498,,68.17,65.66,50.59,28.1,25.37,False,False,False
2024-05-07,26.95,6472690,-399,380,98,79,,65.62,65.65,51.1,27.97,25.42,False,False,False
2024-05-08,27.0,3660922,-43,15,120,92,,64.8,65.37,51.64,27.82,25.48,False,False,False
2024-05-09,26.35,5944320,-3755,567,-267,-3455,,52.85,61.19,44.76,27.6,25.55,False,False,False
2024-05-10,26.9,9251924,-74,2515,148,2588,,50.79,57.73,50.74,27.51,25.59,False,False,False
2024-05-13,27.05,4481577,514,830,-32,1312,,51.72,55.72,52.26,27.54,25.58,False,False,False
2024-05-14,27.4,8173289,234,429,97,760,,60.67,57.37,55.69,27.64,25.55,False,True,False
2024-05-15,27.1,6976314,-936,198,158,-580,,58.96,57.9,52.22,27.69,25.57,False,False,False
2024-05-16,27.2,7189221,2472,268,126,2866,,60.3,58.7,53.27,27.76,25.59,False,False,False
2024-05-17,27.3,7149305,-226,1472,156,1402,,65.53,60.98,54.34,27.82,25.63,False,False,False
2024-05-20,27.7,9690298,1005,1948,239,3192,,74.72,65.56,58.46,27.93,25.69,False,False,False
2024-05-21,27.4,8336870,-676,-456,-68,-1200,,69.81,66.98,54.49,27.97,25.78,False,False,False
2024-05-22,27.2,6551631,-899,266,10,-622,,62.23,65.39,51.96,27.95,25.93,False,False,False
2024-05-23,26.7,8184787,-2983,0,-46,-3029,,41.49,57.43,46.19,27.92,26.01,False,False,False
2024-05-24,26.5,5138622,-1439,0,-37,-1476,,28.67,47.84,44.08,27.83,26.16,False,False,False
2024-05-27,26.85,5598206,1453,-7,-15,1431,,27.19,40.96,48.51,27.74,26.34,False,False,False
2024-05-28,27.45,10304977,5042,0,205,5247,,38.33,40.08,55.08,27.78,26.36,False,False,False
2024-05-29,27.0,5424898,-2791,4,-137,-2924,,36.66,38.94,49.93,27.71,26.38,False,False,False
2024-05-30,26.7,4657008,-2116,36,-130,-2210,,29.49,35.79,46.79,27.71,26.38,False,False,False
2024-05-31,27.15,7828546,-222,755,-88,445,,33.8,35.13,51.7,27.7,26.38,False,False,False
2024-06-03,26.6,10199486,-6110,252,-57,-5915,,26.88,32.38,46.1,27.71,26.34,False,False,False
2024-06-04,26.5,11366537,-4446,1029,-85,-3501,,28.34,31.03,45.15,27.73,26.28,False,False,False
2024-06-05,26.15,8946585,-1665,22,53,-1590,,22.02,28.03,41.87,27.78,26.14,False,False,False
2024-06-06,26.3,8186751,-4974,2262,-339,-3051,,20.93,25.66,43.75,27.79,26.13,False,False,False
2024-06-07,26.4,7030544,-2417,1100,37,-1280,,22.29,24.54,45.03,27.8,26.07,False,False,False
2024-06-11,26.3,7072120,-1694,670,-159,-1183,,22.0,23.69,43.96,27.8,25.99,False,False,False
2024-06-12,26.05,6117867,-3306,-2,-370,-3678,,17.23,21.54,41.3,27.78,25.88,False,False,False
2024-06-13,26.25,8404719,415,111,-136,390,,19.18,20.75,44.21,27.76,25.81,True,False,False
2024-06-14,26.0,6855464,-2799,27,-153,-2925,,14.07,18.52,41.44,27.74,25.71,True,False,False
2024-06-17,26.75,12862097,4794,398,81,5273,,40.75,25.93,51.28,27.67,25.72,True,True,False
2024-06-18,27.45,16615789,-411,4535,304,4428,,59.43,37.1,58.31,27.61,25.76,False,False,True
2024-06-19,27.05,15196615,-1139,24,-229,-1344,,57.5,43.9,53.56,27.55,25.78,False,False,False
2024-06-20,27.15,9410748,620,9,-297,333,,57.85,48.55,54.55,27.54,25.79,False,False,False
2024-06-21,27.45,15399897,908,36,566,1510,,62.96,53.35,57.51,27.65,25.76,False,False,True
2024-06-24,26.95,8403669,-1662,38,-298,-1922,,58.23,54.98,51.5,27.67,25.78,False,False,True
2024-06-25,26.65,6708757,189,-7,321,503,,50.2,53.39,48.25,27.66,25.77,False,False,False
2024-06-26,26.3,6303345,-2204,36,210,-1958,,38.47,48.41,44.7,27.55,25.76,False,False,False
2024-06-27,26.1,9386046,-1510,29,49,-1432,,29.52,42.12,42.76,27.53,25.7,False,False,False
2024-06-28,26.05,51212971,19582,-35003,-113,-15533,,24.75,36.33,42.27,27.53,25.63,False,False,False
2024-07-01,25.95,45378697,17926,-29997,1260,-10812,,21.36,31.34,41.24,27.47,25.57,False,False,False
2024-07-02,26.6,31065468,13442,-8993,399,4848,,32.94,31.87,49.76,27.47,25.57,False,True,False
2024-07-03,26.8,38182051,12888,-12992,587,483,,44.46,36.07,52.07,27.49,25.58,False,False,False
2024-07-04,27.4,38331730,12197,-12992,425,-370,,62.14,44.76,58.25,27.61,25.59,False,False,False
2024-07-05,27.85,39433106,17837,-12997,3166,8007,,70.0,53.17,62.19,27.82,25.53,False,False,True
2024-07-08,28.2,31352893,4667,-3659,-49,959,,77.74,61.36,64.96,28.09,25.44,False,False,True
2024-07-09,27.6,22400700,123,-2990,-466,-3333,,76.12,66.28,57.22,28.18,25.48,False,False,True
2024-07-10,27.05,8772282,-2163,6,-1003,-3160,,68.83,67.13,51.2,28.18,25.58,False,False,True
2024-07-11,28.25,31995437,14875,-4,2418,17289,,76.48,70.25,60.87,28.38,25.58,False,False,True
2024-07-12,28.15,13928883,2366,13,-141,2237,,80.5,73.66,59.81,28.5,25.67,False,False,True
2024-07-15,27.7,9999743,-2008,2,-250,-2256,,74.88,74.07,55.14,28.57,25.7,False,False,True
2024-07-16,27.55,7450397,1282,-991,-62,229,,64.62,70.92,53.64,28.58,25.7,False,False,True
2024-07-17,27.9,12825927,3926,0,-562,3364,,63.08,68.31,56.61,28.66,25.71,False,False,True
2024-07-18,27.65,14957231,308,65,-1131,-757,,55.85,64.15,53.95,28.7,25.72,False,False,True
2024-07-19,26.35,19216129,-7915,0,-511,-8426,,37.23,55.18,42.71,28.69,25.62,False,False,False
2024-07-22,26.0,13664656,-821,116,-687,-1393,,27.29,45.88,40.27,28.72,25.49,False,False,False
2024-07-23,26.0,8354441,-2191,-12,-36,-2238,,20.66,37.48,40.27,28.75,25.39,False,False,False
2024-07-26,25.7,12789086,-2021,12,-1204,-3213,,18.9,31.29,38.11,28.8,25.28,False,False,False
2024-07-29,26.0,10624168,-47,19,-86,-115,,21.07,27.88,41.49,28.81,25.27,True,False,False
2024-07-30,26.75,43662299,-7530,71,2109,-5350,,30.45,28.74,48.99,28.79,25.36,False,True,False
2024-07-31,29.4,114108974,29872,0,1442,31314,,53.63,37.03,65.71,29.17,25.32,False,False,True
2024-08-01,29.75,159737622,23463,0,190,23652,,61.9,45.32,67.23,29.6,25.21,False,False,True
2024-08-02,28.15,43312463,-7943,43,-2783,-10683,,58.22,49.62,55.14,29.67,25.27,False,False,True
2024-08-05,27.5,74372390,3375,34,-1377,2032,,52.03,50.43,51.12,29.68,25.27,False,False,True
2024-08-06,26.5,56525523,-11917,20,-889,-12787,,42.38,47.75,45.61,29.64,25.17,False,False,False
2024-08-07,26.9,25139141,-102,30,517,445,,38.23,44.57,48.02,29.56,25.13,False,False,False
2024-08-08,27.0,15845395,922,9,311,1242,,36.03,41.72,48.64,29.53,25.1,False,False,False
2024-08-09,27.35,20971992,3882,0,142,4024,,36.55,40.0,50.82,29.54,25.12,False,False,False
2024-08-12,27.6,15321505,3314,5,-225,3094,,38.33,39.44,52.39,29.47,25.12,False,False,True
2024-08-13,27.85,13718499,1493,11,-200,1304,,40.94,39.94,53.96,29.43,25.13,False,True,True
2024-08-14,28.05,18489602,4314,13,-389,3938,,51.16,43.68,55.23,29.47,25.13,False,False,True
2024-08-15,27.8,11866819,57,13,-66,4,,58.31,48.56,53.25,29.49,25.13,False,False,True
2024-08-16,27.8,10902377,-1480,426,74,-981,,66.05,54.39,53.25,29.48,25.13,False,False,True
2024-08-19,27.55,10477514,1280,405,12,1697,,64.49,57.75,51.12,29.47,25.13,False,False,True
2024-08-20,27.9,8070594,1896,494,40,2430,,67.55,61.02,53.9,29.52,25.24,False,False,True
2024-08-21,27.55,6555394,-1414,-20,-102,-1536,,54.76,58.93,50.79,29.5,25.41,False,False,True
2024-08-22,27.75,4496120,1616,12,-170,1458,,51.78,56.55,52.48,29.47,25.62,False,False,True
2024-08-23,27.2,10651752,-5757,0,-214,-5971,,42.86,51.99,47.64,29.35,25.89,False,False,False
2024-08-26,27.8,12869965,3372,5,450,3827,,49.4,51.12,52.76,29.26,26.15,False,False,True
2024-08-27,27.7,5629898,255,8,-432,-169,,52.94,51.73,51.85,29.24,26.27,False,True,True
2024-08-28,27.4,5394861,-1236,0,34,-1202,,48.62,50.69,49.11,28.93,26.38,False,False,True
2024-08-29,27.65,4177013,1067,8,59,1134,,54.21,51.87,51.41,28.36,26.74,False,True,True
2024-08-30,27.7,6590011,1268,635,95,1998,,59.22,54.32,51.88,28.29,26.77,False,False,True
2024-09-02,27.65,8747097,-2596,1119,100,-1377,,61.27,56.64,51.35,28.3,26.77,False,False,True
2024-09-03,27.1,7590278,-2484,327,-1,-2158,,48.54,53.94,45.77,28.19,26.94,False,False,False
2024-09-04,26.15,15432475,-6597,1226,-332,-5703,,39.16,49.01,38.08,28.37,26.68,False,False,False
2024-09-05,25.65,14058116,-7680,23,-208,-7865,,26.78,41.6,34.77,28.63,26.29,False,False,False
2024-09-06,25.55,8871968,-5745,-2,-176,-5923,,18.49,33.9,34.13,28.82,25.92,False,False,False
2024-09-09,25.7,6193263,-1498,9,20,-1468,,18.07,28.62,36.03,28.9,25.65,True,False,False
2024-09-10,24.55,19118492,-9966,9,-326,-10283,,12.51,23.25,29.1,29.12,25.1,True,False,False
2024-09-11,25.35,7351400,2416,6,419,2841,,16.21,20.91,38.03,29.08,24.87,True,False,False
2024-09-12,25.6,7297081,-1139,0,258,-881,,20.99,20.94,40.55,29.01,24.72,True,True,False
2024-09-13,26.2,8521850,3717,0,179,3896,,30.91,24.26,46.2,28.91,24.66,False,False,False
2024-09-16,26.35,7600127,1390,19,301,1710,,48.64,32.39,47.55,28.82,24.63,False,False,False
2024-09-18,26.0,6271815,-263,13,-195,-445,,55.15,39.97,44.74,28.68,24.58,False,False,False
2024-09-19,26.0,6691250,-444,24,204,-216,,59.5,46.48,44.74,28.57,24.54,False,False,False
2024-09-20,25.8,8276020,-35,48,-8,5,,59.36,50.77,43.06,28.42,24.49,False,False,False
2024-09-23,26.25,5361327,922,0,336,1258,,66.09,55.88,47.82,28.34,24.48,False,False,False
2024-09-24,26.15,5964800,-2214,0,174,-2041,,68.45,60.07,46.88,28.14,24.51,False,False,False
2024-09-25,26.45,6575812,1337,4,237,1578,,70.32,63.49,50.04,27.96,24.56,False,False,False
2024-09-26,26.8,12523364,3457,-49,1149,4557,,70.57,65.85,53.52,27.87,24.6,False,False,False
2024-09-27,27.35,14544916,8983,-86,233,9129,,75.87,69.19,58.42,27.8,24.63,False,False,True
2024-09-30,26.8,5971326,-299,-17,-328,-645,,69.5,69.29,52.47,27.63,24.72,False,False,False
2024-10-01,26.6,5239196,-137,-37,-8,-182,,61.65,66.75,50.45,27.42,24.82,False,False,False
2024-10-04,26.35,4825422,-551,3,-398,-946,,51.28,61.59,47.97,27.3,24.86,False,False,False
2024-10-07,26.4,6706040,-1849,0,26,-1823,,42.52,55.24,48.52,27.32,24.87,False,False,False
2024-10-08,26.05,4231812,-960,-5,-196,-1161,,29.39,46.62,44.97,27.32,24.91,False,False,False
2024-10-09,25.8,5665355,-1932,20,-36,-1948,,19.59,37.61,42.57,27.32,24.94,False,False,False
2024-10-11,25.8,3608154,-1339,0,88,-1251,,13.96,29.73,42.57,27.32,24.95,True,False,False
2024-10-14,25.6,6215460,-1434,7,-214,-1641,,12.34,23.93,40.56,27.14,25.23,True,False,False
2024-10-15,25.75,4229708,146,16,104,266,,14.21,20.69,42.74,27.11,25.3,True,False,False
2024-10-16,25.75,13473060,-30,-7,250,214,,17.09,19.49,42.74,27.1,25.33,True,False,False
2024-10-17,26.25,4630149,1295,-11,324,1608,,31.39,23.46,49.85,27.1,25.33,True,True,False
2024-10-18,26.0,3598088,-564,0,201,-363,,38.26,28.39,46.73,27.08,25.31,False,False,False
2024-10-21,26.4,4082846,1970,-40,62,1992,,53.51,36.77,51.92,27.1,25.33,False,False,False
2024-10-22,26.25,2704906,-326,-56,-115,-497,,62.95,45.49,49.95,27.11,25.35,False,False,False
2024-10-23,25.8,5600600,-2339,-52,-434,-2825,,55.6,48.86,44.51,27.11,25.35,False,False,False
2024-10-24,25.55,3583372,-855,-56,-77,-988,,43.13,46.95,41.78,27.12,25.27,False,False,False
2024-10-25,25.45,3966562,-1815,0,-63,-1878,,31.78,41.89,40.71,27.15,25.17,False,False,False
2024-10-28,25.4,4058404,-776,-13,17,-772,,26.52,36.77,40.15,27.14,25.07,False,False,False
2024-10-29,25.55,6616186,889,23,-191,721,,27.01,33.52,42.68,27.05,25.04,False,False,False
2024-10-30,24.15,26599312,-11078,-10,-1266,-12355,,20.05,29.03,29.96,27.03,24.74,False,False,False
2024-11-01,22.9,28667239,-9313,8,-329,-9634,,18.86,25.64,23.29,27.38,24.0,False,False,False
2024-11-04,22.2,16465811,-5234,12,-240,-5461,,12.96,21.41,20.53,27.71,23.23,True,False,False
2024-11-05,22.4,11791419,3560,8,6,3573,,11.32,18.05,23.33,27.86,22.69,True,False,False
2024-11-06,22.3,6832983,-1321,17,-80,-1384,,9.77,15.29,22.89,27.91,22.22,True,False,False
2024-11-07,23.3,11272898,4775,17,208,5000,,17.63,16.07,35.75,27.84,22.02,True,True,False
2024-11-08,22.8,7962612,-1268,-22,-136,-1425,,18.69,16.94,32.8,27.81,21.75,True,False,False
2024-11-11,22.2,13012511,-679,0,-23,-702,,13.85,15.91,29.65,27.8,21.4,True,False,False
2024-11-12,22.2,6310799,-1303,42,-102,-1363,,11.76,14.53,29.65,27.76,21.1,True,False,False
2024-11-13,22.0,5810568,-1672,23,-57,-1706,,8.88,12.65,28.58,27.68,20.8,True,False,False
2024-11-14,21.0,14719073,-342,41,-470,-771,,5.92,10.4,23.96,27.66,20.35,True,False,False
2024-11-15,21.6,5673429,1907,9,134,2050,,12.28,11.03,31.16,27.41,20.13,True,True,False
2024-11-18,21.85,5659270,2268,-336,137,2069,,19.99,14.02,33.96,27.14,19.99,True,False,False
2024-11-19,21.7,4445056,-655,-468,52,-1071,,23.05,17.03,33.09,26.74,19.92,True,False,False
2024-11-20,21.4,3695104,-971,-480,84,-1367,,20.92,18.33,31.36,26.31,19.87,False,False,False
2024-11-21,21.5,3047662,538,-27,111,622,,24.7,20.45,32.62,25.9,19.85,False,False,False
2024-11-22,21.6,3062101,141,0,11,152,,31.28,24.06,33.94,25.47,19.88,False,False,False
2024-11-25,21.75,5403670,-370,-24,16,-378,,41.69,29.94,35.95,24.99,19.99,False,False,False
2024-11-26,22.1,4801127,1128,-18,0,1110,,59.68,39.85,40.51,24.41,20.24,False,False,False
2024-11-27,21.3,6054916,-2901,-29,-206,-3136,,44.78,41.49,34.47,23.6,20.63,False,False,False
2024-11-28,21.3,5748294,180,12,31,223,,42.95,41.98,34.47,23.15,20.79,False,False,False
2024-11-29,20.95,4467500,-1878,-2,-43,-1923,,34.38,39.45,32.05,23.05,20.7,False,False,False
2024-12-02,20.2,17772644,3644,0,198,3843,,23.75,34.22,27.57,23.15,20.39,False,False,False
2024-12-03,20.45,8184369,878,8,105,991,,20.84,29.76,31.03,23.14,20.21,False,False,False
2024-12-04,21.9,21678460,-160,-43,616,413,,43.06,34.19,46.87,23.1,20.21,False,True,False
2024-12-05,21.5,16383705,-5993,487,1,-5505,,51.2,39.86,43.88,22.78,20.35,False,False,False
2024-12-06,22.65,32009251,-2660,422,510,-1727,,60.18,46.63,53.15,22.74,20.37,False,False,False
2024-12-09,22.2,13043850,-4159,-572,-203,-4934,,61.47,51.58,49.69,22.74,20.37,False,False,False
2024-12-10,21.9,8203990,-1405,-525,-245,-2176,,59.21,54.12,47.47,22.7,20.38,False,False,False
2024-12-11,21.0,11393323,-3897,-472,-358,-4727,,48.33,52.19,41.49,22.66,20.33,False,False,False
2024-12-12,20.75,8754715,-1954,-8,82,-1880,,38.47,47.62,39.98,22.67,20.29,False,False,False
2024-12-13,20.35,6855362,-558,-1,-108,-667,,26.72,40.65,37.63,22.71,20.13,False,False,False
2024-12-16,20.3,7351900,898,641,-178,1361,,18.35,33.22,37.33,22.71,19.97,False,False,False
2024-12-17,20.5,7295760,472,-5,74,541,,14.92,27.12,39.38,22.68,19.88,True,False,False
2024-12-18,20.95,5327010,944,7,196,1147,,17.48,23.91,43.84,22.67,19.85,True,False,False
2024-12-19,20.85,4171853,387,-2,-103,282,,20.35,22.72,43.09,22.64,19.81,True,False,False
2024-12-20,20.2,8823757,-2563,-2168,-265,-4996,,13.56,19.67,38.43,22.63,19.68,False,False,False
2024-12-23,20.4,3045086,400,9,24,433,,12.96,17.43,40.56,22.57,19.6,True,False,False
2024-12-24,20.85,7173767,605,991,51,1647,,25.98,20.28,45.15,22.43,19.62,True,True,False
2024-12-25,20.75,2615538,-758,0,54,-704,,36.62,25.73,44.33,22.4,19.59,False,False,False
2024-12-26,20.7,3393453,-1083,-1,8,-1076,,41.08,30.84,43.9,22.37,19.56,False,False,False
2024-12-27,20.6,3916349,-1184,-2,-46,-1232,,40.72,34.13,43.01,22.36,19.54,False,False,False
2024-12-30,20.1,7787626,-5032,-6,-140,-5178,,29.92,32.73,38.74,22.37,19.52,False,False,False
2024-12-31,19.8,9662118,-3760,-1,-243,-4004,,25.83,30.43,36.41,22.41,19.41,False,False,False
2025-01-02,19.55,7765320,-282,-5,-181,-468,,21.61,27.49,34.55,22.34,19.25,False,False,False
2025-01-03,19.65,3856307,-135,5,20,-110,,20.54,25.17,35.96,22.29,19.12,False,False,False
2025-01-06,20.1,6226616,2616,0,276,2893,,27.73,26.03,42.03,21.89,19.26,False,True,False
2025-01-07,20.1,6481504,450,0,-50,399,,32.52,28.19,42.03,21.55,19.39,False,False,False
2025-01-08,19.45,8847042,-3654,9,-202,-3847,,24.31,26.9,36.27,21.3,19.4,False,False,False
2025-01-09,18.4,15614016,-2061,0,-228,-2289,,16.89,23.56,29.29,21.46,18.98,False,False,False
2025-01-10,18.3,5005992,328,8,-15,321,,11.93,19.68,28.72,21.57,18.62,True,False,False
2025-01-13,17.75,10646753,2862,0,-132,2730,,9.54,16.3,25.77,21.77,18.16,True,False,False
2025-01-14,18.25,4813301,1526,7,114,1647,,13.24,15.28,32.56,21.81,17.91,True,False,False
2025-01-15,18.0,6587724,-1952,6,-12,-1958,,13.06,14.54,31.03,21.83,17.64,True,False,False
2025-01-16,18.45,6273714,-285,0,49,-236,,17.7,15.59,36.78,21.7,17.52,True,True,False
2025-01-17,19.0,7785574,1213,0,253,1466,,26.61,19.27,43.04,21.54,17.5,True,False,False
2025-01-20,19.5,7736618,-1190,0,82,-1108,,44.13,27.56,48.07,21.48,17.49,False,False,False
2025-01-21,19.2,12339815,-3187,0,32,-3155,,50.75,35.29,45.47,21.38,17.47,False,False,False
2025-01-22,19.2,5359294,32,0,37,69,,55.17,41.92,45.47,21.18,17.51,False,False,False
2025-02-03,18.8,7690998,-1707,0,-71,-1779,,52.78,45.54,41.97,20.97,17.52,False,False,False
2025-02-04,18.5,7080248,-812,0,-16,-828,,44.82,45.3,39.51,20.74,17.53,False,False,False
2025-02-05,18.75,4986433,-328,0,-19,-347,,42.76,44.45,42.53,20.5,17.58,False,False,False
2025-02-06,19.4,8724039,1509,5,361,1875,,49.87,46.26,49.58,20.39,17.62,False,True,False
2025-02-07,19.55,5911630,-570,-6,-40,-617,,55.8,49.44,51.08,20.35,17.64,False,False,False
2025-02-10,19.4,6361713,-620,-1,-222,-843,,56.81,51.89,49.5,20.33,17.64,False,False,False
2025-02-11,19.3,4238411,-1343,-43,-46,-1432,,55.52,53.1,48.42,20.29,17.65,False,False,False
2025-02-12,19.5,4339531,2117,9,29,2155,,63.2,56.47,50.73,20.18,17.7,False,False,False
2025-02-13,20.9,38115240,1854,1241,1508,4603,,69.91,60.95,63.13,20.41,17.55,False,False,False
2025-02-14,21.1,42477319,-202,1183,836,1817,,76.12,66.01,64.51,20.77,17.35,False,False,False
2025-02-17,21.0,19654963,-1897,0,163,-1734,,78.62,70.21,63.24,21.08,17.31,False,False,False
2025-02-18,22.15,42536814,-1200,-13,1593,380,,81.42,73.95,70.44,21.64,17.13,False,False,True
2025-02-19,22.3,36664955,-2344,-5,-564,-2913,,81.12,76.34,71.23,22.08,17.15,False,False,True
2025-02-20,22.4,21391058,820,-15,-301,504,,81.79,78.15,71.78,22.49,17.15,False,False,True
2025-02-21,22.0,19073799,-4276,4,-728,-5000,,78.77,78.36,66.38,22.72,17.32,False,False,True
2025-02-24,21.7,8839197,-605,-1,-246,-852,,73.84,76.85,62.58,22.87,17.49,False,False,True
2025-02-25,22.45,27530603,1577,9,1562,3148,,77.01,76.9,67.58,23.17,17.54,False,True,True
2025-02-26,22.2,40722437,-6925,7,2487,-4431,,72.12,75.31,64.49,23.39,17.59,False,False,True
2025-02-27,22.0,17825322,1424,29,-2819,-1366,,64.49,71.7,62.04,23.53,17.73,False,False,True
2025-03-03,21.5,13162488,-1095,9,-385,-1471,,48.76,64.06,56.29,23.59,17.9,False,False,False
2025-03-04,21.1,11962916,573,-972,-1311,-1710,,36.53,54.88,52.13,23.56,18.16,False,False,False
2025-03-05,21.0,9523450,-82,12,156,86,,27.23,45.66,51.12,23.44,18.53,False,False,False
2025-03-06,20.85,6378188,-890,6,-136,-1020,,19.3,36.88,49.55,23.31,18.87,False,False,False
2025-03-07,21.5,14541407,4500,12,1,4513,,22.31,32.02,55.85,23.28,19.11,True,False,True
2025-03-10,21.65,15772955,-1189,0,-509,-1699,,25.99,30.01,57.18,23.24,19.36,False,False,True
2025-03-11,21.5,8350173,-442,0,-514,-956,,26.77,28.93,55.38,23.13,19.68,False,False,False
2025-03-12,21.95,24607737,88,-3,1331,1416,,41.27,33.04,59.49,22.96,20.12,False,True,True
2025-03-13,21.1,23120173,-5270,0,-377,-5647,,35.62,33.9,50.11,22.7,20.54,False,False,False
2025-03-14,21.8,11318468,1410,3,975,2388,,44.47,37.42,56.23,22.69,20.64,False,False,False
2025-03-17,22.1,19234558,-785,3,-983,-1765,,55.77,43.54,58.58,22.72,20.71,False,False,True
2025-03-18,22.35,57543408,-7310,17,312,-6981,,56.39,47.82,60.48,22.77,20.79,False,False,True
2025-03-19,21.7,19190317,-3345,0,-105,-3450,,49.46,48.37,53.59,22.73,20.79,False,False,True
2025-03-20,22.05,12847312,1623,0,1878,3501,,47.85,48.2,56.47,22.69,20.8,False,False,True
2025-03-21,21.65,13490473,-5763,0,-420,-6183,,42.02,46.14,52.47,22.61,20.81,False,False,True
2025-03-24,20.8,15303332,-6833,6,-916,-7743,,28.01,40.1,45.15,22.62,20.67,False,False,True
2025-03-25,20.65,7612564,-1724,-8,-284,-2016,,18.68,32.96,43.98,22.66,20.53,False,False,False
2025-03-26,21.3,15473323,-2276,0,694,-1582,,19.8,28.57,50.01,22.53,20.54,True,False,True
2025-03-27,23.25,108213406,8385,0,-823,7562,,42.58,33.24,62.9,22.82,20.36,True,True,True
2025-03-28,22.85,103558789,-8205,0,-2895,-11100,,53.24,39.91,59.51,22.97,20.29,False,False,True
2025-03-31,20.7,52023944,-8198,3,-816,-9011,,36.08,38.63,45.36,23.0,20.19,False,False,False
2025-04-01,21.75,39747728,-2320,4,1760,-556,,36.92,38.06,51.43,23.01,20.24,False,False,True
2025-04-02,21.75,29168844,-961,0,-198,-1160,,37.48,37.87,51.43,23.02,20.31,False,False,True
2025-04-07,19.6,3377501,1209,0,-145,1064,,24.99,33.57,40.69,23.2,20.0,False,False,False
2025-04-08,18.1,32487398,3963,-1,-1941,2021,,18.96,28.7,35.17,23.67,19.19,False,False,False
2025-04-09,17.05,43334598,2821,0,-249,2572,,13.39,23.6,31.91,24.17,18.23,True,False,False
2025-04-10,18.75,3593035,1142,0,38,1180,,18.27,21.82,41.39,24.23,17.9,True,False,False
2025-04-11,18.85,30824280,2176,8,454,2639,,22.03,21.89,41.9,24.19,17.63,True,True,False
2025-04-14,19.25,23389832,1259,5,-120,1144,,28.68,24.15,44.01,24.18,17.45,False,False,False
2025-04-15,19.8,12898769,3001,0,-254,2747,,37.36,28.55,46.87,24.07,17.36,False,False,False
2025-04-16,19.2,14978470,-1048,0,-481,-1529,,39.65,32.25,44.22,23.93,17.21,False,False,False
2025-04-17,19.15,9839917,481,0,-165,316,,49.16,37.89,43.99,23.71,17.11,False,False,False
2025-04-18,19.55,12450370,-404,1,156,-247,,59.54,45.11,46.33,23.57,17.04,False,False,False
2025-04-21,19.25,9621233,-168,0,-776,-944,,63.43,51.21,44.82,23.35,16.97,False,False,False
2025-04-22,19.1,8749408,397,0,-358,39,,63.4,55.28,44.05,23.18,16.89,False,False,False
2025-04-23,19.6,10414539,2641,3,-167,2476,,68.93,59.83,47.31,23.1,16.85,False,False,False
2025-04-24,19.8,13989134,2008,10,119,2137,,70.4,63.35,48.6,23.04,16.82,False,False,False
2025-04-25,21.25,35229312,6246,-35,660,6871,,76.76,67.82,56.84,23.04,16.82,False,False,True
2025-04-28,20.9,22328333,-5240,9,-797,-6028,,76.9,70.85,54.57,22.55,17.08,False,False,True
2025-04-29,21.0,12494158,3078,-2000,277,1355,,78.17,73.29,55.12,22.13,17.31,False,False,True
2025-04-30,19.85,25352069,-6216,-1742,-466,-8424,,64.06,70.21,47.9,22.04,17.31,False,False,False
2025-05-02,20.0,7762578,1482,0,239,1720,,56.54,65.66,48.84,21.75,17.43,False,False,False
2025-05-05,19.7,10585128,3074,7,-609,2472,,47.76,59.69,47.01,21.4,17.58,False,False,False
2025-05-06,20.55,12030360,6931,21,-35,6917,,49.67,56.35,52.45,21.5,17.57,False,False,False
2025-05-07,20.4,6732601,2259,-461,-439,1359,,48.62,53.77,51.44,21.53,17.77,False,False,False
2025-05-08,20.2,6655244,-1839,-3,-164,-2005,,43.79,50.45,50.07,21.25,18.37,False,False,False
2025-05-09,20.25,4441517,935,0,-145,790,,42.71,47.87,50.43,21.25,18.52,False,False,False
2025-05-12,20.75,9889016,4162,0,341,4503,,51.62,49.12,53.97,21.3,18.65,False,True,False
2025-05-13,21.2,27269590,3020,-933,426,2514,,60.17,52.8,56.95,21.46,18.69,False,False,True
2025-05-14,21.4,11411723,3878,-18,-408,3453,,68.9,58.17,58.24,21.65,18.66,False,False,True
2025-05-15,21.55,11632379,2341,-1,-517,1823,,73.83,63.39,59.23,21.82,18.72,False,False,True
2025-05-16,21.4,6533074,258,1,673,933,,74.58,67.12,57.76,21.92,18.85,False,False,True
2025-05-19,21.35,8863869,1865,736,164,2765,,72.24,68.83,57.25,22.01,18.94,False,False,False
2025-05-20,21.9,13300995,3705,898,1891,6495,,78.16,71.94,61.31,22.16,19.06,False,False,False
2025-05-21,22.0,10928664,953,857,691,2501,,80.26,74.71,62.01,22.25,19.25,False,False,False
2025-05-22,21.6,7050364,361,30,-235,156,,74.02,74.48,57.49,22.29,19.41,False,False,False
2025-05-23,21.1,6311517,-893,0,-661,-1554,,52.92,67.29,52.35,22.27,19.56,False,False,False
2025-05-26,21.1,4446720,1192,0,-823,369,,36.56,57.05,52.35,22.26,19.56,False,False,False
2025-05-27,21.2,8581509,-554,0,-258,-812,,34.47,49.52,53.32,22.28,19.57,False,False,False
2025-05-28,21.7,52414761,-5434,-3,-1357,-6793,,36.32,45.12,57.92,22.36,19.56,False,False,False
2025-05-29,21.55,19810604,-1703,0,76,-1627,,35.54,41.93,56.13,22.37,19.72,False,False,True
2025-06-02,21.6,12885562,1677,0,-266,1411,,35.7,39.85,56.62,22.37,19.88,False,False,True
2025-06-03,21.25,8615268,-1605,0,-377,-1981,,31.13,36.94,52.3,22.25,20.15,False,False,True
2025-06-04,21.6,14611504,3245,0,699,3944,,32.75,35.55,55.92,22.27,20.24,False,False,True
2025-06-05,22.05,21054683,3987,0,1897,5884,,39.84,36.98,60.11,22.33,20.34,False,True,True
2025-06-06,21.85,24700373,-5500,0,-1059,-6558,,41.89,38.61,57.49,22.28,20.56,False,False,True
2025-06-09,21.85,10584065,1000,0,51,1051,,43.26,40.16,57.49,22.18,20.82,False,False,True
2025-06-10,21.8,11915337,483,2,56,541,,39.41,39.91,56.78,22.15,20.96,False,False,False
2025-06-11,22.05,13290465,2403,0,98,2502,,48.5,42.77,59.5,22.2,20.99,False,True,True
2025-06-12,22.1,15513798,2646,0,488,3133,,55.79,47.11,60.04,22.27,20.99,False,False,True
2025-06-13,21.6,12485855,-2507,0,-814,-3321,,47.45,47.22,52.48,22.27,20.99,False,False,False
2025-06-16,21.9,7638391,829,0,188,1017,,49.58,48.01,56.06,22.3,21.02,False,False,False
2025-06-17,22.1,13650657,3798,0,-274,3524,,54.39,50.13,58.31,22.35,21.04,False,False,True
2025-06-18,22.8,45392764,13916,0,-28,13888,,58.99,53.09,65.05,22.56,20.92,False,False,True
2025-06-19,22.2,19425053,-7030,0,-414,-7445,,52.96,53.04,56.6,22.58,20.92,False,False,True
2025-06-20,21.25,16364779,-5063,-42,-72,-5176,,35.31,47.13,46.33,22.59,20.87,False,False,True
2025-06-23,21.35,13993481,-826,-41,434,-433,,30.33,41.53,47.41,22.57,20.92,False,False,True
2025-06-24,22.15,14380311,5749,-41,-612,5096,,36.89,39.98,55.19,22.59,21.01,False,False,True
2025-06-25,21.7,8958808,-386,0,-903,-1289,,35.7,38.55,50.65,22.56,21.08,False,False,False
2025-06-26,21.7,9149597,1738,0,-278,1460,,34.91,37.34,50.65,22.56,21.08,False,False,False
2025-06-27,21.85,5684427,432,-77,-323,32,,36.24,36.97,52.17,22.57,21.11,False,False,True
2025-06-30,21.25,9577688,-2714,0,-260,-2974,,29.71,34.55,46.06,22.59,21.05,False,False,False
2025-07-01,21.25,12229715,-4764,5,241,-4518,,26.19,31.77,46.06,22.59,21.05,False,False,False
2025-07-02,21.15,13127972,793,0,22,815,,27.37,30.3,45.04,22.62,20.98,False,False,True
2025-07-03,22.25,18047166,10448,0,374,10822,,47.98,36.19,56.46,22.65,20.97,False,True,True
2025-07-04,21.35,11454664,-4148,0,-761,-4909,,45.5,39.3,47.72,22.64,20.92,False,False,True
2025-07-07,21.45,6083138,75,-27,-111,-63,,45.65,41.41,48.67,22.64,20.89,False,False,True
2025-07-08,20.9,9579588,-2757,-19,23,-2753,,36.15,39.66,43.94,22.67,20.76,False,False,False
2025-07-09,21.0,3911416,-534,0,233,-301,,31.72,37.01,44.99,22.66,20.67,False,False,False
2025-07-10,20.9,3462122,191,0,-37,154,,26.86,33.63,44.1,22.63,20.58,False,False,False
2025-07-11,20.75,7190637,117,-351,-183,-417,,21.61,29.62,42.74,22.66,20.47,False,False,False
2025-07-14,20.4,5824870,-1032,0,252,-780,,16.79,25.34,39.66,22.69,20.29,False,False,False
2025-07-15,20.15,8322574,-1837,0,135,-1702,,13.32,21.33,37.58,22.69,20.09,True,False,False
2025-07-16,20.25,6906234,336,0,762,1099,,12.58,18.42,38.96,22.48,20.05,True,False,False
2025-07-17,20.85,7417075,2852,-5,774,3622,,25.56,20.8,46.59,22.34,20.05,True,True,False
2025-07-18,20.75,5486543,792,-7,-207,578,,32.67,24.75,45.57,22.33,20.01,False,False,False
2025-07-21,20.4,3746017,-750,0,-26,-776,,32.89,27.47,42.09,22.33,19.91,False,False,False
2025-07-22,19.9,8120606,-321,0,-15,-336,,21.93,25.62,37.66,22.23,19.79,False,False,False
2025-07-23,20.5,7467790,4022,0,347,4368,,31.28,27.51,45.12,22.15,19.75,False,True,False
2025-07-24,20.2,5853268,-205,0,-101,-306,,29.55,28.19,42.39,22.06,19.69,False,False,False
2025-07-25,20.1,5212146,160,-8,61,213,,25.5,27.29,41.49,21.93,19.64,False,False,False
2025-07-28,19.9,7514473,-497,0,16,-481,,19.67,24.75,39.67,21.91,19.53,False,False,False
2025-07-29,19.5,9802172,-4246,-30,173,-4103,,13.11,20.87,36.25,21.91,19.36,True,False,False
2025-07-30,19.6,5787633,-571,0,103,-468,,15.22,18.99,37.7,21.89,19.22,True,False,False
2025-07-31,18.95,13490650,-7211,0,145,-7066,,10.15,16.04,32.53,21.65,19.13,True,False,False
2025-08-01,18.85,10402388,-2534,-31,820,-1745,,17.66,16.58,31.81,21.62,18.91,True,True,False
2025-08-04,18.45,8183022,-2900,0,-329,-3229,0.29,17.54,16.9,29.03,21.58,18.65,True,False,False
2025-08-05,18.65,7218028,-1624,-20,254,-1391,-0.1,20.03,17.94,32.22,21.55,18.45,True,False,False
2025-08-06,18.3,7133347,-3299,-20,20,-3299,0.22,17.61,17.83,29.71,21.52,18.21,False,False,False
2025-08-07,18.3,6310722,559,-1,-14,544,0.05,16.28,17.32,29.71,21.46,18.02,True,False,False
2025-08-08,19.05,15532458,628,0,294,923,-0.11,27.14,20.59,41.12,21.33,17.98,True,True,False
2025-08-11,19.0,6230910,-692,0,51,-641,0.24,36.61,25.93,40.64,21.24,17.92,False,False,False
2025-08-12,19.25,8887651,-56,0,94,37,0.16,51.29,34.38,44.11,21.18,17.89,False,False,False
2025-08-13,19.35,9944027,2374,-30,57,2401,-0.2,59.19,42.65,45.48,21.1,17.88,False,False,False
2025-08-14,19.5,7334285,2672,-7,144,2809,-0.27,66.73,50.68,47.56,20.91,17.94,False,False,False
2025-08-15,19.65,5480395,629,0,-195,434,-0.0,74.79,58.72,49.63,20.72,18.02,False,False,False
2025-08-18,19.75,8241470,1821,-600,137,1358,-0.21,79.49,65.64,51.02,20.61,18.06,False,False,False
2025-08-19,19.55,7255776,786,-660,40,167,0.08,78.22,69.83,48.16,20.57,18.07,False,False,False
2025-08-20,19.0,11062178,-5161,-600,2568,-3193,0.12,61.67,67.11,41.31,20.37,18.12,False,False,False
2025-08-21,20.1,13683093,7925,0,444,8369,-0.95,73.21,69.15,55.08,20.35,18.13,False,True,False
2025-08-22,19.7,6025084,-48,0,-333,-381,-0.02,69.1,69.13,50.44,20.28,18.16,False,False,False
2025-08-25,20.0,5988158,2399,0,163,2561,-0.22,72.73,70.33,53.6,20.3,18.15,False,True,False
2025-08-26,20.15,5968273,2389,0,87,2477,-0.3,79.15,73.27,55.13,20.4,18.11,False,False,False
2025-08-27,20.4,7017367,1840,0,475,2316,-0.25,83.88,76.81,57.65,20.54,18.05,False,False,False
2025-08-28,20.1,5612320,831,-4,-645,182,-0.02,80.37,77.99,53.75,20.64,18.07,False,False,False
2025-08-29,20.1,5949096,-85,-19,-46,-150,0.18,75.15,77.04,53.75,20.72,18.12,False,False,False
2025-09-01,19.95,4369164,193,-7,99,285,-0.04,68.72,74.27,51.72,20.73,18.25,False,False,False
2025-09-02,19.75,4277116,-117,-4,-149,-270,-0.01,59.36,69.3,49.07,20.72,18.37,False,False,False
2025-09-03,19.7,4911554,-868,0,111,-756,0.16,42.6,60.4,48.4,20.64,18.6,False,False,False
2025-09-04,19.9,5619996,983,0,-16,967,0.08,37.49,52.76,51.26,20.51,18.88,False,False,False
2025-09-05,20.45,22452455,-4271,-1,752,-3520,1.14,48.61,51.38,58.14,20.59,18.95,False,False,False
2025-09-08,20.7,27875740,-1799,-66,-713,-2578,0.4,51.7,51.49,60.85,20.69,19.01,False,True,False
2025-09-09,20.1,11705133,-3174,-3,-89,-3266,0.24,43.24,48.74,52.14,20.69,19.1,False,False,False
2025-09-10,20.3,10149325,1365,0,136,1500,-0.21,41.11,46.19,54.48,20.71,19.17,False,False,False
2025-09-11,22.3,71958463,8307,-20,2948,11235,-0.13,60.74,51.04,70.18,21.36,18.8,False,True,True
2025-09-12,22.6,147610354,-2497,-2,-2659,-5158,4.07,63.22,55.1,71.75,21.92,18.54,False,False,True
2025-09-15,22.8,54395539,-12637,0,3885,-8751,1.19,66.39,58.86,72.78,22.4,18.36,False,False,True
2025-09-16,23.6,84310799,2311,1500,2812,6623,2.05,74.46,64.06,76.48,23.02,18.15,False,False,True
2025-09-17,24.6,92170060,373,1300,-356,1317,3.14,82.28,70.13,80.12,23.78,17.95,False,False,True
2025-09-18,27.05,111091408,6689,-30,-62,6597,1.28,88.18,76.15,85.88,25.2,17.22,False,False,True
2025-09-19,27.85,230533155,26374,-9,-2180,24185,3.43,88.23,80.18,87.19,26.52,16.72,False,False,True
2025-09-22,26.1,113079347,-12352,0,-303,-12654,0.1,81.79,80.71,71.59,27.15,16.7,False,False,True
2025-09-23,26.75,114276034,-9124,-16,327,-8813,3.95,79.38,80.27,73.49,27.83,16.68,False,False,True
2025-09-24,26.25,56609943,7762,-10,-844,6908,-3.3,73.36,77.96,69.63,28.32,16.77,False,False,True
2025-09-25,25.5,44561581,-685,-8,-1128,-1821,-0.46,65.32,73.75,64.2,28.61,17.02,False,False,True
2025-09-26,24.3,42143636,9415,0,-715,8701,-2.6,52.54,66.68,56.59,28.71,17.34,False,False,True
2025-09-30,25.05,44304065,-7178,0,-899,-8077,1.01,43.92,59.09,59.8,28.84,17.72,False,False,True
2025-10-01,25.5,39934386,2633,0,1469,4101,-0.2,38.75,52.31,61.63,28.95,18.19,False,False,True
2025-10-02,25.15,83918969,-24273,0,278,-23995,4.11,32.85,45.83,59.36,28.95,18.74,False,False,True
2025-10-03,25.3,42819592,9037,0,674,9711,-4.98,31.61,41.09,60.04,28.9,19.33,False,False,True
2025-10-07,27.1,106864178,357,0,-124,233,2.54,49.17,43.78,67.13,29.08,19.81,False,True,True
2025-10-08,26.85,64981916,-7550,-22,-794,-8366,-0.98,60.9,49.49,65.39,29.15,20.35,False,False,True
2025-10-09,27.5,94729338,4920,0,786,5706,-0.21,72.97,57.31,67.73,29.1,21.15,False,False,True
2025-10-13,26.75,43225752,-3096,0,-672,-3768,-0.89,73.77,62.8,62.49,28.77,22.12,False,False,True
2025-10-14,25.7,76490727,2727,0,-927,1800,-3.24,60.29,61.96,55.96,28.59,22.64,False,False,True
2025-10-15,25.9,25248013,78,594,742,1413,-0.68,53.24,59.05,56.88,28.4,23.16,False,False,True
2025-10-16,27.0,83479419,10495,0,673,11168,1.07,59.16,59.09,61.65,28.25,23.73,False,True,True
2025-10-17,26.75,33509707,2299,0,-504,1795,-0.41,60.7,59.63,60.03,28.13,24.17,False,False,True
2025-10-20,29.4,120446260,-481,-2,1380,897,6.9,73.8,64.35,69.27,28.71,24.06,False,False,True
2025-10-21,28.25,164681537,-26350,-3,-2485,-28838,6.0,69.79,66.16,62.51,28.9,23.99,False,False,True
2025-10-22,27.9,37442993,-1777,-10,567,-1220,-2.4,64.83,65.72,60.58,28.91,23.99,False,False,True
2025-10-23,30.15,159473944,33407,0,-1594,31814,12.65,74.68,68.7,67.54,29.61,23.7,False,True,True
2025-10-27,33.15,122278096,22555,0,1840,24395,11.9,83.12,73.51,74.1,31.12,22.83,False,False,True
2025-10-28,36.45,197491153,42412,5301,-1792,45920,-5.03,88.75,78.59,79.11,33.39,21.58,False,False,True
2025-10-29,38.5,412967018,50632,2856,-559,52928,2.17,89.55,82.24,81.5,35.74,20.53,False,False,True
2025-10-30,34.65,239789434,-52982,646,-4283,-56619,-7.97,80.13,81.54,66.18,36.56,20.74,False,False,True
2025-10-31,31.2,258364871,-9744,-1248,2489,-8503,0.13,64.79,75.96,56.01,36.76,21.16,False,False,True
2025-11-03,30.95,153507978,-20463,8,1894,-18561,2.89,52.81,68.24,55.35,36.9,21.56,False,False,True
2025-11-04,29.7,111499339,15240,892,-2501,13631,-7.34,41.44,59.31,52.03,36.88,22.03,False,False,True
2025-11-05,31.35,136164027,-1581,0,-584,-2165,1.59,38.15,52.26,55.8,36.96,22.56,False,False,True
2025-11-06,34.45,294752216,43083,1389,748,45221,10.41,43.14,49.22,61.86,37.51,22.75,False,False,True
2025-11-07,35.25,366874977,10231,3435,-3573,10093,7.5,48.85,49.09,63.26,38.09,23.0,False,False,True
2025-11-10,37.9,374605754,-24850,13103,8837,-2910,10.76,60.54,52.91,67.51,39.14,22.99,False,True,True
2025-11-11,40.2,436921362,78985,0,1361,80345,5.04,70.02,58.61,70.68,40.51,22.97,False,False,True
2025-11-12,40.65,377310287,-29337,0,-2546,-31883,2.68,76.68,64.64,71.28,41.63,23.34,False,False,True
2025-11-13,38.9,273309933,5177,0,-6239,-1062,-7.95,76.8,68.69,65.73,42.16,24.12,False,False,True
2025-11-14,38.05,137714501,13602,0,-102,13500,-3.95,74.78,70.72,63.15,42.48,24.9,False,False,True
2025-11-17,38.75,236260222,-42813,10745,1189,-30879,4.3,75.16,72.2,64.39,42.72,25.86,False,False,True
2025-11-18,37.65,144025046,23524,350,-4963,18911,-8.25,69.76,71.39,60.93,42.93,26.48,False,False,True
2025-11-19,36.4,99770644,-7870,306,-974,-8538,0.36,56.21,66.33,57.17,42.78,27.44,False,False,True
2025-11-20,37.55,147451269,-3249,50,3085,-113,0.91,49.47,60.71,59.64,42.53,28.66,False,False,True
2025-11-21,34.5,92082080,12488,0,-908,11580,-6.35,35.06,52.16,51.22,42.28,29.34,False,False,True
2025-11-24,33.85,104125192,-14540,350,-682,-14873,1.75,25.48,43.27,49.61,42.27,29.42,False,False,True
2025-11-25,34.5,99139326,-4493,300,595,-3598,1.79,22.02,36.18,51.26,42.19,29.31,False,False,True
2025-11-26,32.85,99100899,-195,-3338,-990,-4522,-4.71,16.81,29.73,47.05,41.89,29.04,False,False,True
2025-11-27,33.7,77316908,-3746,1370,1399,-977,0.22,16.63,25.36,49.35,41.89,28.95,True,False,True
2025-11-28,34.1,71151109,-3705,-3584,1475,-5814,2.48,19.6,23.44,50.45,41.76,29.37,True,False,True
2025-12-01,33.85,49613738,-4234,-3263,2671,-4826,0.55,21.4,22.76,49.73,41.57,29.84,True,False,True
2025-12-02,33.5,123097633,-36745,209,-2390,-38926,5.7,20.72,22.08,48.67,41.16,30.64,False,False,True
2025-12-03,32.8,74936793,-10899,0,-84,-10982,-0.35,18.09,20.75,46.55,41.0,30.94,False,False,True
2025-12-04,32.9,53445168,2726,0,-108,2618,-1.6,20.1,20.53,46.91,41.07,30.71,True,False,True
2025-12-05,33.9,74166349,-339,100,4419,4179,0.85,29.11,23.39,50.46,41.07,30.58,False,True,True
2025-12-08,37.25,156473065,3951,5321,3860,13132,-0.19,52.74,33.18,60.09,40.99,30.59,False,False,True
2025-12-09,38.75,282963195,34206,624,753,35583,-0.45,65.42,43.92,63.51,40.7,30.74,False,False,True
2025-12-10,37.0,171164435,-13824,0,-5949,-19774,-1.11,65.77,51.21,57.34,40.0,31.08,False,False,True
2025-12-11,36.4,84411900,-7262,100,-1022,-8184,-2.74,63.41,55.27,55.35,39.61,31.22,False,False,True
2025-12-12,38.1,159282606,12918,3065,4844,20827,3.55,69.16,59.9,59.62,39.61,31.22,False,False,True
2025-12-15,37.95,85192067,1278,612,184,2073,-2.73,72.34,64.05,59.08,39.45,31.3,False,False,True
2025-12-16,37.15,87654505,-16615,1306,-4361,-19670,1.01,71.02,66.37,56.18,39.38,31.32,False,False,True
2025-12-17,37.65,100179489,8295,900,845,10040,0.43,71.84,68.2,57.58,39.55,31.28,False,False,True
2025-12-18,37.95,161172051,8635,4565,1681,14882,-0.99,71.23,69.21,58.44,39.61,31.25,False,False,True
2025-12-19,37.15,136027724,-19565,-621,-2762,-22948,0.04,58.45,65.62,55.23,39.79,31.34,False,False,True
2025-12-22,38.95,140883016,35348,0,3609,38957,7.74,65.13,65.46,60.49,40.22,31.42,False,False,True
2025-12-23,38.5,84708441,-10075,0,-127,-10203,1.81,65.78,65.57,58.64,40.53,31.51,False,True,True
2025-12-24,38.95,68855783,6189,0,2466,8655,-1.17,70.02,67.05,59.96,40.76,31.89,False,False,True
2025-12-26,39.2,92195322,-6051,0,289,-5762,3.9,72.95,69.02,60.71,41.03,32.17,False,False,True
2025-12-29,38.15,72378487,-16837,0,-712,-17549,-2.49,66.11,68.05,55.96,41.12,32.49,False,False,True
2025-12-30,38.75,97670400,17538,185,2970,20692,0.88,64.91,67.0,57.98,41.21,32.88,False,False,True
2025-12-31,39.45,257961788,15729,1000,2650,19379,12.4,58.66,64.22,60.28,41.28,33.41,False,False,True
2026-01-02,43.35,171846986,27409,55,1181,28645,7.52,72.44,66.96,70.08,42.07,33.68,False,True,True
2026-01-05,47.65,35505893,-1225,0,-24,-1250,3.72,81.63,71.85,76.86,44.11,33.11,False,False,True
2026-01-06,52.4,377247630,-1662,5646,-8054,-4070,15.12,87.75,77.15,81.78,47.41,31.66,False,False,True
2026-01-07,57.6,465772691,4617,16439,-1574,19482,7.6,91.83,82.04,85.43,51.74,29.36,False,False,True
2026-01-08,63.3,528977458,-3656,7105,4319,7767,-2.37,94.56,86.21,88.21,56.85,26.71,False,False,True
2026-01-09,58.3,737787038,24175,2215,-6387,20003,-7.7,89.06,87.16,74.72,59.43,26.26,False,False,True
2026-01-12,61.2,61046671,7177,153,2525,9855,5.23,89.08,87.8,76.92,62.27,25.9,False,False,True
2026-01-13,60.9,39582301,1853,75,-410,1518,0.03,88.56,88.06,76.18,64.65,25.8,False,False,True
2026-01-14,60.1,27860346,4334,110,-93,4351,-1.53,86.95,87.69,74.13,66.52,26.15,False,False,True
2026-01-15,61.9,34945679,2812,86,155,3054,4.64,87.02,87.46,75.72,68.41,26.73,False,False,True
2026-01-16,67.0,70238908,3674,-137,4937,8474,6.48,90.02,88.32,79.54,71.04,27.04,False,True,True
2026-01-19,73.7,46077752,-1533,0,-539,-2071,3.12,93.35,89.99,83.26,74.76,26.89,False,False,True
2026-01-20,76.8,70578140,5311,305,-469,5147,-7.0,95.56,91.85,84.65,78.48,27.14,False,False,True
2026-01-21,73.3,88447655,2394,-11828,4978,-4457,-6.54,88.63,90.78,76.88,80.88,28.17,False,False,True
2026-01-22,73.4,67304107,3989,0,4706,8695,7.22,83.51,88.36,76.95,82.78,29.76,False,False,True
2026-01-23,69.3,52185802,6009,-3294,305,3020,-4.84,73.33,83.35,68.43,83.58,31.99,False,False,True
2026-01-26,76.2,207650733,-31134,3661,362,-27110,11.65,77.8,81.5,73.7,85.13,34.15,False,False,True
2026-01-27,76.2,350783672,-33648,5629,-10002,-38021,12.14,77.77,80.26,73.7,85.93,37.15,False,False,True
2026-01-28,83.8,208678746,41522,1859,-3335,40046,8.47,85.18,81.9,78.33,87.64,39.95,False,True,True
2026-01-29,92.1,461137901,59380,2302,-2719,58963,-5.38,90.12,84.64,82.04,90.58,42.27,False,False,True
2026-01-30,92.8,397775916,-26735,3496,-2189,-25428,2.29,90.32,86.53,82.32,93.23,44.57,False,False,True
2026-02-02,84.8,243375073,12135,-245,-3286,8604,-8.52,80.86,84.64,69.25,93.9,47.61,False,False,True
2026-02-03,84.5,402210727,-12994,3817,-5159,-14336,-2.98,74.19,81.16,68.81,94.58,50.14,False,False,True
2026-02-04,89.7,251983161,32187,2164,1376,35727,1.87,75.91,79.41,72.13,96.33,51.6,False,False,True
2026-02-05,87.9,230070230,-8936,629,852,-7455,1.01,74.08,77.63,69.38,97.8,52.59,False,False,True
2026-02-06,80.8,235445423,433,494,-3243,-2315,-10.09,60.94,72.07,59.72,97.58,55.06,False,False,True
2026-02-09,88.8,124974018,32834,1887,-277,34444,8.97,60.0,68.05,65.54,98.4,57.0,False,False,True
2026-02-10,89.6,272956845,-16643,1423,416,-14803,9.48,61.04,65.71,66.07,98.89,59.38,False,False,True
2026-02-11,98.5,347913513,57079,-463,1348,57965,7.83,74.03,68.49,71.33,100.48,61.63,False,True,True
2026-02-23,103.5,193034441,-33889,2404,-91,-31576,12.09,77.42,71.47,73.79,102.83,63.44,False,False,True
2026-02-24,113.5,122522520,9785,1990,907,12683,1.23,84.95,75.96,77.88,107.92,63.0,False,False,True
2026-02-25,108.0,226366617,-51786,1142,-707,-51352,6.4,81.63,77.85,71.29,111.05,63.3,False,False,True
2026-02-26,110.0,144244619,-2604,725,1084,-796,5.06,81.18,78.96,72.21,114.24,63.43,False,False,True
2026-03-02,116.0,177918726,11542,17,2981,14540,2.78,83.79,80.57,74.82,118.0,63.94,False,False,True
2026-03-03,104.5,231647189,-49039,1418,-5734,-53355,-12.62,73.13,78.09,62.68,118.87,66.18,False,False,True
2026-03-04,98.0,210913165,39922,-38,1576,41461,-15.02,58.43,71.54,57.04,118.01,69.91,False,False,True
2026-03-05,107.5,80734635,-1565,30,-2032,-3567,8.78,58.62,67.23,62.37,118.77,72.28,False,False,True
2026-03-06,102.5,173985316,-15706,609,765,-14332,8.58,49.6,61.35,58.27,118.39,75.29,False,False,True
2026-03-09,92.3,33459274,373,0,-247,126,-11.79,33.06,51.92,50.93,118.06,76.47,False,False,True
2026-03-10,90.7,317768030,-28810,641,-8825,-36994,-17.13,24.04,42.63,49.87,118.07,76.32,False,False,True
2026-03-11,99.7,131430939,8614,-1626,2877,9864,9.26,27.49,37.58,55.49,118.34,76.74,False,False,True
2026-03-12,99.0,271453335,-5108,-2880,463,-7525,10.22,29.05,34.74,54.97,118.17,78.33,False,False,True
2026-03-13,108.5,237974791,34433,2046,2928,39407,15.44,42.25,37.24,60.36,118.76,80.14,False,True,True
2026-03-16,119.0,27588946,-334,-54,261,-127,6.07,61.5,45.33,65.31,121.51,80.32,False,False,True
2026-03-17,130.5,62316472,-5304,-933,203,-6034,3.81,74.33,55.0,69.76,126.58,79.51,False,False,True
2026-03-18,143.5,242590763,43721,-1732,-1141,40848,-1.82,82.89,64.29,73.84,133.62,78.74,False,False,True
2026-03-19,157.0,84626988,3116,-127,-2783,207,-8.88,88.35,72.31,77.27,144.0,75.18,False,False,True
2026-03-20,160.0,70710999,-2512,-151,-4909,-7572,-3.99,88.13,77.58,77.96,152.89,73.33,False,False,True
2026-03-23,148.5,44574953,-4002,-1000,-7689,-12691,-0.59,82.74,79.3,69.26,157.74,73.48,False,False,True
2026-03-24,136.5,40251376,10214,-2111,1814,9916,-13.17,72.88,77.16,61.54,159.98,74.54,False,False,True
2026-03-25,142.0,24240036,2226,-1708,1401,1920,-4.45,67.67,74.0,63.54,162.75,74.62,False,False,True
2026-03-26,128.0,37170691,5393,-1471,1718,5641,-11.06,50.99,66.33,55.6,163.64,75.73,False,False,True
2026-03-27,125.0,47808850,9963,-2588,4393,11768,0.03,39.81,57.49,54.04,164.2,76.67,False,False,True
2026-03-30,128.0,19574584,3218,3,964,4186,-2.78,34.18,49.72,55.38,164.88,77.19,False,False,True
2026-03-31,115.5,25891050,3320,-6437,1180,-1937,-5.94,22.79,40.74,48.94,164.83,78.34,False,False,True
2026-04-01,127.0,15728366,-2531,0,-111,-2643,1.32,22.23,34.57,54.22,164.87,81.2,False,False,True
2026-04-02,129.0,26764501,1697,491,2491,4680,-4.51,26.21,31.78,55.09,165.36,82.86,False,False,True
2026-04-07,136.5,14884000,2783,-1890,244,1137,-0.57,41.2,34.92,58.29,166.1,85.52,False,True,True
2026-04-08,150.0,22684444,-774,-120,-165,-1059,-1.57,60.8,43.55,63.34,167.11,90.28,False,False,True
2026-04-09,142.0,170630596,-27993,1810,-1544,-27727,7.75,63.48,50.19,58.79,165.63,96.89,False,False,True
2026-04-10,146.0,199176478,-8924,1737,1840,-5347,5.88,67.42,55.94,60.33,165.11,102.04,False,False,True
2026-04-13,147.5,105945137,-10976,-1025,3495,-8506,3.56,71.29,61.05,60.92,163.55,108.45,False,False,True
2026-04-14,155.5,255706791,26657,3874,1564,32096,-1.12,76.2,66.1,63.98,163.97,112.73,False,False,True
2026-04-15,142.0,256140524,-42430,-184,-5800,-48414,-13.78,66.11,66.1,56.0,163.48,115.52,False,False,True
2026-04-16,139.0,144760855,3294,-2863,-899,-468,-5.42,55.5,62.57,54.38,163.53,116.32,False,False,True
2026-04-17,131.0,119145758,-15325,-4705,-2566,-22596,2.78,37.53,54.22,50.2,163.17,115.43,False,False,True
2026-04-20,120.5,170786433,1246,-5950,-483,-5187,-6.51,26.92,45.12,45.28,161.22,113.73,False,False,True
2026-04-21,132.5,135823455,-2238,-5269,75,-7431,14.13,28.93,39.72,51.17,157.42,114.78,False,False,True
2026-04-22,134.5,163349597,-9546,-7088,-1365,-17999,-2.45,31.79,37.08,52.09,155.91,114.89,False,False,True
2026-04-23,126.0,218743416,7066,-16640,-492,-10066,0.16,27.25,33.8,47.94,155.8,113.95,False,False,True
2026-04-24,132.0,150260221,6629,-3873,316,3072,4.11,28.77,32.13,50.91,155.06,113.69,False,False,True
2026-04-27,145.0,156086334,29694,367,1838,31899,14.65,39.64,34.63,56.69,156.2,114.25,False,True,True
2026-04-28,159.5,246502790,19882,8877,328,29086,-4.66,59.76,43.01,62.06,159.96,113.94,False,False,True
2026-04-29,167.0,356096402,50099,2363,181,52643,-2.09,70.37,52.13,64.51,165.1,112.7,False,False,True
2026-04-30,154.0,290565132,-17816,-205,-2886,-20907,-22.7,67.6,57.28,57.57,165.4,116.25,False,False,True
2026-05-04,154.5,225527175,-27857,-735,-619,-29210,6.22,64.75,59.77,57.76,166.59,117.81,False,False,True
2026-05-05,160.5,172694508,11776,-310,500,11965,4.26,66.56,62.04,60.05,168.64,118.91,False,False,True
2026-05-06,172.0,258575938,13421,7446,1451,22318,7.25,74.85,66.31,64.07,173.15,117.95,False,False,True
2026-05-07,164.5,235421135,-33657,-8488,-1339,-43484,-5.56,75.62,69.41,59.84,175.1,117.45,False,False,True
2026-05-08,153.0,169291306,1096,-1448,-1157,-1509,-16.89,63.4,67.41,53.96,175.73,117.92,False,False,True
2026-05-11,159.5,149221688,11463,5276,89,16828,-0.75,54.99,63.27,56.56,176.95,118.05,False,False,True
2026-05-12,153.0,137568955,-13007,-6090,-1483,-20580,-3.88,41.51,56.02,53.32,177.32,118.23,False,False,True
2026-05-13,168.0,239709627,40228,9302,456,49986,3.06,51.4,54.48,59.14,179.14,117.66,False,False,True
2026-05-14,169.0,318986180,-1828,542,-463,-1749,5.2,57.55,55.5,59.5,181.66,117.84,False,True,True
2026-05-15,162.5,129725442,-491,-2310,-259,-3060,-6.11,54.77,55.26,56.02,182.9,118.95,False,False,True
2026-05-18,160.0,79739000,-7868,33,-23,-7858,0.68,50.27,53.59,54.7,183.15,121.6,False,False,True
2026-05-19,144.0,143651268,-47411,-3101,-1926,-52438,-2.83,33.51,46.9,47.03,180.79,126.31,False,False,True
2026-05-20,141.0,112446004,13039,-7923,-1691,3426,-0.21,25.91,39.9,45.74,180.07,127.88,False,False,True
2026-05-21,141.0,96638384,-22872,-2361,290,-24943,0.13,20.85,33.55,45.74,179.53,129.07,False,False,True
2026-05-22,149.5,112827275,9085,24,598,9707,2.89,24.22,30.44,50.24,177.08,133.87,False,False,True
2026-05-25,152.5,135809749,12150,-659,-54,11437,-3.3,28.84,29.91,51.76,175.16,137.84,False,False,True
2026-05-26,160.5,163663703,29338,2969,77,32384,1.71,38.28,32.7,55.65,175.2,139.35,False,True,True
2026-05-27,155.5,242819740,-45692,-160,-1752,-47603,1.93,41.97,35.79,52.78,174.98,139.17,False,False,True
2026-05-28,160.0,220204023,81634,-147,665,82152,-7.6,48.32,39.97,55.03,174.08,139.37,False,False,True
2026-05-29,166.5,170917629,8184,23,-152,8056,4.45,58.19,46.04,58.12,175.19,139.51,False,False,True
2026-06-01,167.5,190490552,14373,3088,1264,18724,-1.12,65.63,52.57,58.6,176.34,139.66,False,False,True
2026-06-02,175.5,247731538,27577,3292,908,31777,1.34,73.29,59.48,62.26,178.68,138.82,False,False,True
2026-06-03,162.0,58191754,-6931,-6,-2227,-9164,-4.96,67.0,61.99,53.63,177.26,139.24,False,False,True
2026-06-04,156.5,27236146,-9623,-386,-1459,-11468,0.44,58.17,60.72,50.56,176.64,139.06,False,False,True
2026-06-05,150.0,54586699,-1238,-89,-2827,-4153,-12.44,46.47,55.97,47.12,176.7,138.7,False,False,True
2026-06-08,143.5,34560976,1717,-217,-1517,-17,-3.62,37.28,49.74,43.9,176.9,136.9,False,False,False
2026-06-09,145.5,22931253,545,-650,-3087,-3192,-0.02,32.63,44.04,45.14,177.11,135.94,False,False,False
2026-06-10,135.0,24873473,-3869,-380,-1823,-6071,-2.35,21.75,36.61,40.12,176.83,132.92,False,False,False
2026-06-11,140.0,21930550,7219,-2474,-1408,3337,-1.84,19.77,30.99,43.35,175.28,131.57,False,False,False
2026-06-12,146.5,26303690,2733,-3061,236,-91,1.01,23.0,28.33,47.33,174.25,131.0,True,False,False
2026-06-15,159.0,27844122,3822,17,1816,5655,1.96,34.96,30.54,54.01,174.14,131.01,False,True,True
2026-06-16,166.5,42847766,5048,-100,1017,5965,4.68,56.64,39.24,57.5,175.72,131.68,False,False,True
2026-06-17,161.5,113826258,-15803,-593,123,-16274,1.64,64.61,47.7,54.53,176.16,133.29,False,False,True
2026-06-18,169.0,126341325,31389,-155,40,31274,-0.73,74.27,56.56,58.03,177.44,134.81,False,False,True
2026-06-22,185.5,136155871,13872,305,1067,15244,1.98,82.85,65.32,64.5,182.69,133.16,False,False,True
2026-06-23,172.0,206975817,1695,339,205,2239,0.62,77.36,69.33,56.79,184.29,133.51,False,False,True
2026-06-24,172.0,114082132,-2129,34,-588,-2683,-2.25,73.7,70.79,56.79,185.53,133.42,False,False,True
2026-06-25,161.5,162863200,-54163,-4096,-3094,-61353,9.24,61.29,67.62,51.26,185.77,133.78,False,False,True
2026-06-26,162.5,191100644,57327,-3505,1915,55737,-9.33,50.78,62.01,51.74,185.93,133.87,False,False,True
2026-06-29,158.5,83896529,-20272,157,-1546,-21661,2.53,34.34,52.79,49.62,185.35,133.65,False,False,True
2026-06-30,155.5,99766973,-40486,150,-270,-40606,6.52,24.63,43.4,48.04,184.52,133.28,False,False,True
2026-07-01,143.5,129835728,-18462,-6290,-423,-25175,-6.54,17.09,34.63,42.23,182.55,132.05,False,False,False
2026-07-02,145.5,71136879,-10800,250,278,-10272,0.72,17.53,28.93,43.45,182.15,130.8,True,False,False
2026-07-03,142.5,52691353,-14988,136,-52,-14904,2.8,16.08,24.65,42.01,182.2,129.35,True,False,False
2026-07-06,144.5,63898046,-10957,12,240,-10705,-0.53,17.83,22.38,43.36,182.29,128.71,True,False,False
2026-07-07,139.0,65871425,-876,0,-1010,-1886,-3.75,14.89,19.88,40.57,182.56,127.99,True,False,False
2026-07-08,138.5,53267720,-5180,39,511,-4630,0.13,13.63,17.79,40.31,182.91,126.94,True,False,False
2026-07-09,143.5,62991541,444,7,-23,428,0.87,18.54,18.04,44.09,182.3,128.4,True,True,False
2026-07-13,138.0,51524844,-4538,11,653,-3873,-0.63,17.04,17.71,41.01,182.45,128.05,True,False,False
2026-07-14,139.5,67740693,-4003,22,796,-3184,0.8,22.9,19.44,42.2,182.75,127.05,True,True,False
2026-07-15,148.5,110280005,11787,2675,822,15284,2.91,43.17,27.35,48.83,182.3,126.45,False,False,False
2026-07-16,136.5,72299473,-34404,13,104,-34287,2.38,38.08,30.93,41.92,181.27,124.48,False,False,False
2026-07-17,125.0,68546901,4525,201,-502,4223,-5.87,26.58,29.48,36.58,181.71,120.39,False,False,False
2026-07-20,117.5,71475589,2957,-104,-18,2834,-2.32,19.62,26.19,33.57,181.36,115.59,False,False,False
2026-07-21,123.0,45753444,-2688,-274,123,-2839,0.28,20.23,24.2,37.62,175.16,115.54,True,False,False
2026-07-22,135.0,54882537,10370,-6,49,10413,-1.16,32.06,26.82,45.43,170.83,116.17,False,True,False
2026-07-23,129.5,67629271,5863,-6401,181,-356,-1.86,34.7,29.45,42.79,165.84,116.91,False,False,False
2026-07-24,124.0,39475036,-5368,17,-92,-5443,0.37,31.23,30.04,40.26,163.2,115.8,False,False,False
2026-07-27,125.5,37415793,-3017,-288,212,-3094,0.84,30.34,30.14,41.28,159.5,115.8,False,False,False
2026-07-28,113.0,37034980,-9392,-38,-45,-9475,1.54,20.23,26.84,35.81,157.55,113.2,False,False,False
2026-07-29,102.0,79625991,-11619,-3730,-19,-15368,0.12,13.49,22.39,31.81,157.42,107.98,False,False,False
2026-07-30,91.8,94668252,-10175,5,383,-9788,-3.09,8.99,17.92,28.62,160.29,99.94,True,False,False
2026-07-31,100.5,11523756,-3527,0,91,-3435,0.53,12.71,16.18,34.64,159.86,95.87,True,False,False
2026-08-03,110.5,52907144,7555,-182,-377,6996,-0.13,22.9,18.42,40.82,158.38,94.15,True,True,False
2026-08-04,120.0,118147457,-4111,-1228,-340,-5678,4.51,37.28,24.71,46.04,156.08,94.0,False,False,False
2026-08-05,117.5,173482291,-35273,10582,-1691,-26382,1.86,46.71,32.04,44.92,154.45,93.48,False,False,False
2026-08-06,129.0,122477212,13593,5080,1110,19783,-0.71,64.47,42.85,50.85,153.31,93.67,False,False,False
2026-08-07,121.5,112161182,-9460,-861,-228,-10549,0.83,68.56,51.42,47.28,150.69,94.09,False,False,False
2026-08-10,133.5,134956954,8002,8839,407,17248,-4.33,79.04,60.63,52.98,150.01,94.32,False,False,False
2026-08-11,132.5,145294276,8204,-89,-630,7484,1.29,81.44,67.56,52.47,148.91,94.72,False,False,False
2026-08-12,136.5,104417549,11059,-8,-139,10912,0.44,84.67,73.27,54.36,146.28,96.15,False,False,False
2026-08-13,136.5,88614872,3165,-64,153,3254,,85.56,77.37,54.36,146.28,96.15,False,False,False
