date,close,volume,外資,投信,自營商,三大法人合計(張),融資增減(張),K,D,KD落入20以下,出現黃金交叉,趨勢向上非鈍化,新手投資建議
2021-08-05,35.8,143330724,1369,-36,999,2332,,,,False,False,False,❌ 空頭或無訊號
2021-08-06,34.1,141733333,-35734,0,-5980,-41714,,,,False,False,False,❌ 空頭或無訊號
2021-08-09,33.95,63319925,-1002,-4,-409,-1415,,,,False,False,False,❌ 空頭或無訊號
2021-08-10,33.65,52885322,-500,0,-1130,-1630,,,,False,False,False,❌ 空頭或無訊號
2021-08-11,31.85,146626882,-30361,-12732,-4686,-47779,,,,False,False,False,❌ 空頭或無訊號
2021-08-12,30.65,125780237,-22037,-7349,-1754,-31140,,,,False,False,False,❌ 空頭或無訊號
2021-08-13,28.5,157646482,-6487,-2232,-3039,-11758,,,,False,False,False,❌ 空頭或無訊號
2021-08-16,29.1,90267418,2927,-1842,-691,395,,,,False,False,False,❌ 空頭或無訊號
2021-08-17,28.75,59304564,2283,87,-1274,1097,,5.33,5.33,False,False,False,❌ 空頭或無訊號
2021-08-18,30.1,66771965,5876,-1119,1035,5792,,12.01,7.56,True,False,False,⭐ 弱勢反彈
2021-08-19,28.9,48546654,-3407,142,-1364,-4630,,10.92,8.68,True,False,False,⭐ 弱勢反彈
2021-08-20,28.4,38353872,-3019,16,-592,-3595,,7.55,8.3,True,False,False,⭐ 弱勢反彈
2021-08-23,29.5,35628180,8987,32,553,9572,,12.86,9.82,True,True,False,⭐⭐ 偏多觀察
2021-08-24,28.9,42608751,-10404,3,-596,-10997,,14.79,11.47,True,False,False,⭐ 弱勢反彈
2021-08-25,29.7,38859164,14221,-79,943,15085,,34.86,19.27,True,False,False,⭐ 弱勢反彈
2021-08-26,29.2,39710433,-7150,18,-1351,-8483,,38.98,25.84,False,False,False,❌ 空頭或無訊號
2021-08-27,29.15,30182118,-1643,0,511,-1132,,40.8,30.83,False,False,False,❌ 空頭或無訊號
2021-08-30,29.65,25183747,9664,-55,-29,9580,,51.27,37.64,False,False,False,❌ 空頭或無訊號
2021-08-31,29.5,32256586,-116,-22,-65,-203,,55.48,43.59,False,False,False,❌ 空頭或無訊號
2021-09-01,30.55,64293116,7810,-137,1758,9431,,68.19,51.79,False,False,False,❌ 空頭或無訊號
2021-09-02,29.95,51956810,-15214,-165,-1881,-17261,,64.76,56.11,False,False,False,❌ 空頭或無訊號
2021-09-03,30.85,80390956,5692,1708,899,8300,,74.92,62.38,False,False,False,❌ 空頭或無訊號
2021-09-06,30.3,66439988,-640,-69,32,-678,,67.23,64.0,False,False,False,❌ 空頭或無訊號
2021-09-07,30.15,28445417,4140,-153,-262,3725,,60.25,62.75,False,False,False,❌ 空頭或無訊號
2021-09-08,28.85,51909768,-9600,6,-1774,-11368,,41.89,55.8,False,False,False,❌ 空頭或無訊號
2021-09-09,29.4,32380207,8252,0,188,8440,,38.7,50.1,False,False,False,❌ 空頭或無訊號
2021-09-10,30.1,34629330,14263,-36,521,14748,,43.75,47.98,False,False,False,❌ 空頭或無訊號
2021-09-13,29.7,19104731,-1123,-21,-958,-2102,,43.01,46.32,False,False,False,❌ 空頭或無訊號
2021-09-14,29.4,22512015,2128,0,-542,1586,,39.44,44.03,False,False,False,❌ 空頭或無訊號
2021-09-15,28.9,20028250,-4468,-10,-1364,-5842,,31.94,40.0,False,False,False,❌ 空頭或無訊號
2021-09-16,28.7,15469912,-4395,-14,-459,-4868,,24.88,34.96,False,False,False,❌ 空頭或無訊號
2021-09-17,27.7,73655967,-21314,-162,-703,-22180,,17.74,29.22,False,False,False,❌ 空頭或無訊號
2021-09-22,27.35,52850250,6893,35,-505,6423,,21.17,26.54,True,False,False,⭐ 弱勢反彈
2021-09-23,26.95,35492149,-8050,0,-692,-8742,,20.21,24.43,False,False,False,❌ 空頭或無訊號
2021-09-24,27.35,21952619,6727,-100,121,6748,,22.83,23.89,False,False,False,❌ 空頭或無訊號
2021-09-27,27.65,23942673,-4694,0,-613,-5308,,27.01,24.93,False,True,False,⭐ 弱勢反彈
2021-09-28,27.15,17695885,-2599,0,-309,-2908,,25.73,25.2,False,False,False,❌ 空頭或無訊號
2021-09-29,26.25,42036454,-3861,-124,-1078,-5062,,18.67,23.02,False,False,False,❌ 空頭或無訊號
2021-09-30,26.5,30762010,3789,150,-169,3770,,16.82,20.95,True,False,False,⭐ 弱勢反彈
2021-10-01,25.6,37631706,-4589,115,-568,-5042,,12.77,18.23,True,False,False,⭐ 弱勢反彈
2021-10-04,25.05,30771570,5581,229,-469,5340,,9.09,15.18,True,False,False,⭐ 弱勢反彈
2021-10-05,25.7,29923789,4359,751,865,5975,,18.14,16.17,True,True,False,⭐⭐ 偏多觀察
2021-10-06,24.75,27318107,-8349,66,-818,-9100,,14.99,15.77,True,False,False,⭐ 弱勢反彈
2021-10-07,25.5,20121105,8884,43,579,9506,,20.14,17.23,True,True,False,⭐⭐ 偏多觀察
2021-10-08,25.55,24801780,-2206,-1773,-222,-4201,,25.45,19.97,False,False,False,❌ 空頭或無訊號
2021-10-12,25.05,24456172,-5483,4035,-32,-1480,,24.81,21.58,False,False,False,❌ 空頭或無訊號
2021-10-13,24.0,45573066,86,3012,-560,2538,,19.1,20.76,False,False,False,❌ 空頭或無訊號
2021-10-14,25.2,43414396,13163,4859,352,18374,,30.97,24.16,True,True,False,⭐⭐ 偏多觀察
2021-10-15,25.75,32124779,-3658,0,-69,-3727,,45.81,31.38,False,False,False,❌ 空頭或無訊號
2021-10-18,25.5,18916110,1351,4,-192,1162,,52.97,38.58,False,False,False,❌ 空頭或無訊號
2021-10-19,24.7,80244654,-23468,6772,216,-16480,,47.5,41.55,False,False,False,❌ 空頭或無訊號
2021-10-20,24.9,36102598,-932,0,-157,-1088,,46.41,43.17,False,False,False,❌ 空頭或無訊號
2021-10-21,25.0,28152845,6745,0,127,6872,,46.96,44.43,False,False,False,❌ 空頭或無訊號
2021-10-22,25.1,29535076,-3482,-2428,-246,-6155,,51.31,46.73,False,False,False,❌ 空頭或無訊號
2021-10-25,25.7,19086735,7098,-8,311,7401,,63.09,52.18,False,False,False,❌ 空頭或無訊號
2021-10-26,26.1,40007272,-5997,10,133,-5855,,72.5,58.95,False,False,False,❌ 空頭或無訊號
2021-10-27,26.15,30468130,-5106,-59,809,-4356,,79.49,65.8,False,False,False,❌ 空頭或無訊號
2021-10-28,26.15,33877538,-1838,-20,1534,-324,,80.04,70.55,False,False,False,❌ 空頭或無訊號
2021-10-29,26.3,29092919,4805,-21,325,5109,,81.75,74.28,False,False,False,❌ 空頭或無訊號
2021-11-01,26.35,20546856,-1702,-11,-508,-2221,,82.65,77.07,False,False,False,❌ 空頭或無訊號
2021-11-02,26.2,44676492,95,-40,-694,-639,,75.23,76.46,False,False,False,❌ 空頭或無訊號
2021-11-03,27.25,46965385,19798,-13,2581,22366,,83.48,78.8,False,True,False,⭐ 弱勢反彈
2021-11-04,26.55,38989578,-20291,-3,-2426,-22720,,77.66,78.42,False,False,False,❌ 空頭或無訊號
2021-11-05,26.85,27812944,2255,-37,-175,2043,,75.45,77.43,False,False,False,❌ 空頭或無訊號
2021-11-08,27.35,31518047,6291,3913,470,10674,,79.67,78.18,False,True,False,⭐ 弱勢反彈
2021-11-09,28.15,37073628,6957,1129,1071,9157,,85.72,80.69,False,False,False,❌ 空頭或無訊號
2021-11-10,28.35,39369225,-2295,1507,616,-172,,89.76,83.71,False,False,False,❌ 空頭或無訊號
2021-11-11,28.35,44659188,-622,5431,-195,4614,,89.7,85.71,False,False,False,❌ 空頭或無訊號
2021-11-12,29.35,90195384,13296,2462,1951,17709,,87.8,86.41,False,False,True,⭐ 弱勢反彈
2021-11-15,30.15,70739448,-5066,8568,2369,5871,,89.05,87.29,False,False,True,⭐ 弱勢反彈
2021-11-16,30.6,60523004,8766,6960,1584,17310,,91.51,88.7,False,False,True,⭐ 弱勢反彈
2021-11-17,30.3,67016125,-5473,214,-1524,-6783,,86.27,87.89,False,False,True,⭐ 弱勢反彈
2021-11-18,30.55,41329790,8939,66,994,9999,,84.18,86.65,False,False,True,⭐ 弱勢反彈
2021-11-19,29.7,47564956,7681,-5,-3470,4206,,74.1,82.47,False,False,True,⭐ 弱勢反彈
2021-11-22,31.75,144488815,16054,6687,4528,27269,,82.33,82.42,False,False,True,⭐ 弱勢反彈
2021-11-23,31.3,90836071,-20379,133,84,-20162,,81.48,82.11,False,False,True,⭐ 弱勢反彈
2021-11-24,31.25,43936316,-2825,2044,-705,-1486,,78.48,80.9,False,False,True,⭐ 弱勢反彈
2021-11-25,31.15,35464737,2622,8885,-696,10811,,72.69,78.16,False,False,True,⭐ 弱勢反彈
2021-11-26,30.15,58768236,1064,4022,-1780,3305,,56.48,70.94,False,False,True,⭐ 弱勢反彈
2021-11-29,30.9,50285705,11106,2722,552,14381,,55.78,65.88,False,False,True,⭐ 弱勢反彈
2021-11-30,32.05,133516987,4918,5863,2793,13574,,62.9,64.89,False,False,True,⭐ 弱勢反彈
2021-12-01,32.4,74075518,-7501,4435,254,-2812,,70.98,66.92,False,True,True,⭐⭐ 偏多觀察
2021-12-02,31.75,96462306,-7151,1474,-466,-6143,,68.37,67.41,False,False,True,⭐ 弱勢反彈
2021-12-03,32.6,48890267,16601,1220,59,17880,,74.09,69.63,False,False,True,⭐ 弱勢反彈
2021-12-06,31.9,49151117,-14233,604,-1062,-14691,,71.76,70.34,False,False,True,⭐ 弱勢反彈
2021-12-07,31.5,45625441,4045,-270,-844,2931,,66.7,69.13,False,False,True,⭐ 弱勢反彈
2021-12-08,31.45,33064828,5399,0,138,5537,,62.89,67.05,False,False,True,⭐ 弱勢反彈
2021-12-09,31.4,21100144,2043,35,-136,1942,,59.91,64.67,False,False,True,⭐ 弱勢反彈
2021-12-10,30.9,26232889,-134,0,-572,-707,,41.36,56.9,False,False,True,⭐ 弱勢反彈
2021-12-13,30.7,17263377,1265,0,-367,898,,28.24,47.35,False,False,True,⭐ 弱勢反彈
2021-12-14,29.9,27590734,2838,3,-1058,1783,,19.33,38.01,False,False,True,⭐ 弱勢反彈
2021-12-15,30.75,19124525,-2954,33,-272,-3193,,23.23,33.08,True,False,True,⭐⭐ 偏多觀察
2021-12-16,30.8,23963693,-1976,2103,-651,-524,,28.41,31.53,False,False,True,⭐ 弱勢反彈
2021-12-17,30.55,15124691,-1215,-38,74,-1178,,29.09,30.71,False,False,True,⭐ 弱勢反彈
2021-12-20,30.55,14066166,2772,-5,-88,2679,,29.54,30.32,False,False,True,⭐ 弱勢反彈
2021-12-21,30.95,45122979,-1718,893,503,-322,,37.58,32.74,False,True,True,⭐⭐ 偏多觀察
2021-12-22,31.25,56408014,4842,1537,-239,6140,,44.1,36.53,False,False,True,⭐ 弱勢反彈
2021-12-23,31.45,20717881,-945,-11,364,-591,,51.17,41.41,False,False,True,⭐ 弱勢反彈
2021-12-24,31.65,47164577,12984,651,784,14419,,58.6,47.14,False,False,True,⭐ 弱勢反彈
2021-12-27,31.4,23948434,-2924,-21,-1096,-4041,,59.36,51.21,False,False,True,⭐ 弱勢反彈
2021-12-28,31.6,19152019,3460,-4,-432,3024,,61.52,54.65,False,False,True,⭐ 弱勢反彈
2021-12-29,31.65,12514196,3618,-334,-11,3273,,63.78,57.69,False,False,True,⭐ 弱勢反彈
2021-12-30,34.0,229670545,23828,24186,7016,55030,,75.41,63.6,False,False,True,⭐ 弱勢反彈
2022-01-03,32.1,122121153,-27424,0,-4269,-31693,,63.3,63.5,False,False,True,⭐ 弱勢反彈
2022-01-04,31.7,47227389,-3662,0,-599,-4261,,47.56,58.18,False,False,True,⭐ 弱勢反彈
2022-01-05,31.3,45909021,-3316,8,-784,-4092,,31.7,49.36,False,False,True,⭐ 弱勢反彈
2022-01-06,30.65,45004249,-2793,-1,-1099,-3894,,23.42,40.71,False,False,True,⭐ 弱勢反彈
2022-01-07,30.3,32942268,2247,89,-197,2139,,16.89,32.77,False,False,True,⭐ 弱勢反彈
2022-01-10,30.65,22444167,-1049,-2129,602,-2575,,17.29,27.61,True,False,True,⭐⭐ 偏多觀察
2022-01-11,30.0,26188595,-1564,-1108,-874,-3546,,12.33,22.52,True,False,True,⭐⭐ 偏多觀察
2022-01-12,30.1,32789028,3323,-8183,107,-4753,,12.61,19.22,True,False,True,⭐⭐ 偏多觀察
2022-01-13,30.1,14196346,1244,7,-201,1050,,13.17,17.2,True,False,True,⭐⭐ 偏多觀察
2022-01-14,29.7,26044771,-2775,-270,-1604,-4649,,13.08,15.83,True,False,False,⭐ 弱勢反彈
2022-01-17,30.6,20412429,-23,-1593,738,-878,,23.66,18.44,True,True,True,⭐⭐⭐ 黃金買點
2022-01-18,30.45,28708868,6090,165,151,6406,,37.68,24.85,False,False,True,⭐ 弱勢反彈
2022-01-19,30.45,19190471,2884,-11,-1979,894,,47.03,32.24,False,False,True,⭐ 弱勢反彈
2022-01-20,30.75,13552830,1695,24,-129,1590,,58.97,41.15,False,False,True,⭐ 弱勢反彈
2022-01-21,30.0,20684620,-1440,51,-809,-2198,,52.65,44.98,False,False,False,❌ 空頭或無訊號
2022-01-24,29.5,15412735,-905,50,-338,-1193,,43.23,44.4,False,False,False,❌ 空頭或無訊號
2022-01-25,29.6,19357536,-1344,5942,-429,4168,,38.57,42.46,False,False,False,❌ 空頭或無訊號
2022-01-26,29.95,29333727,186,622,-1,807,,41.16,42.03,False,False,False,❌ 空頭或無訊號
2022-02-07,30.4,19057271,-661,617,-7,-51,,50.21,44.75,False,True,False,⭐ 弱勢反彈
2022-02-08,31.85,67238829,18237,2999,1996,23232,,62.26,50.59,False,False,True,⭐ 弱勢反彈
2022-02-09,32.55,54113431,20025,3638,1155,24818,,73.49,58.22,False,False,True,⭐ 弱勢反彈
2022-02-10,33.3,91719640,27523,9670,3526,40719,,80.84,65.76,False,False,True,⭐ 弱勢反彈
2022-02-11,33.1,41089969,12394,1415,-2225,11584,,84.27,71.93,False,False,True,⭐ 弱勢反彈
2022-02-14,32.1,81846166,9,350,-1425,-1066,,79.14,74.33,False,False,True,⭐ 弱勢反彈
2022-02-15,32.15,33132669,6204,280,-508,5976,,75.51,74.72,False,False,True,⭐ 弱勢反彈
2022-02-16,33.85,98369276,22857,1780,4875,29512,,82.53,77.33,False,False,True,⭐ 弱勢反彈
2022-02-17,35.0,248093716,55740,21764,2920,80424,,81.03,78.56,False,False,True,⭐ 弱勢反彈
2022-02-18,35.95,160106360,21981,2717,2359,27057,,84.58,80.57,False,False,True,⭐ 弱勢反彈
2022-02-21,34.75,87192232,-12852,394,-3339,-15797,,79.32,80.15,False,False,True,⭐ 弱勢反彈
2022-02-22,34.15,69695021,10175,3117,-2348,10944,,72.15,77.48,False,False,True,⭐ 弱勢反彈
2022-02-23,34.8,58048358,-6654,93,-145,-6706,,71.34,75.44,False,False,True,⭐ 弱勢反彈
2022-02-24,32.8,66526360,-3058,273,-3315,-6100,,58.57,69.81,False,False,True,⭐ 弱勢反彈
2022-02-25,33.0,33890554,625,516,-444,697,,46.54,62.05,False,False,True,⭐ 弱勢反彈
2022-03-01,34.0,31555773,6523,485,1027,8035,,42.87,55.66,False,False,True,⭐ 弱勢反彈
2022-03-02,33.75,18596041,-1024,149,-516,-1391,,38.23,49.85,False,False,True,⭐ 弱勢反彈
2022-03-03,34.5,37865122,-1043,1096,1203,1256,,41.93,47.21,False,False,True,⭐ 弱勢反彈
2022-03-04,33.85,22290184,-1005,508,-998,-1495,,41.29,45.23,False,False,True,⭐ 弱勢反彈
2022-03-07,32.35,32276247,-4647,459,-944,-5132,,31.17,40.55,False,False,True,⭐ 弱勢反彈
2022-03-08,31.3,32620079,-3236,355,-780,-3661,,20.78,33.96,False,False,False,❌ 空頭或無訊號
2022-03-09,31.75,20186063,-6414,2761,187,-3466,,17.91,28.61,False,False,False,❌ 空頭或無訊號
2022-03-10,33.3,33130369,8053,38,666,8757,,29.96,29.06,True,True,True,⭐⭐⭐ 黃金買點
2022-03-11,33.65,29274650,-2666,9580,-1056,5858,,41.14,33.09,False,False,True,⭐ 弱勢反彈
2022-03-14,34.2,24208283,-3671,2021,323,-1327,,53.55,39.91,False,False,True,⭐ 弱勢反彈
2022-03-15,33.25,20990249,-1272,1555,-784,-501,,53.27,44.36,False,False,True,⭐ 弱勢反彈
2022-03-16,32.65,24389064,-1415,279,-318,-1454,,49.15,45.96,False,False,True,⭐ 弱勢反彈
2022-03-17,34.9,73188884,16577,3079,4302,23958,,65.2,52.37,False,False,True,⭐ 弱勢反彈
2022-03-18,35.5,89609180,23366,9838,-400,32803,,73.25,59.33,False,False,True,⭐ 弱勢反彈
2022-03-21,34.95,35990236,1733,-1622,-1754,-1643,,73.3,63.99,False,False,True,⭐ 弱勢反彈
2022-03-22,34.3,26539022,-3215,464,-195,-2945,,65.96,64.65,False,False,True,⭐ 弱勢反彈
2022-03-23,34.9,65759631,11447,-4249,777,7974,,66.2,65.16,False,False,True,⭐ 弱勢反彈
2022-03-24,32.2,165399922,-60924,-31836,53,-92707,,45.34,58.55,False,False,False,❌ 空頭或無訊號
2022-03-25,32.05,64393362,6212,-2547,-704,2961,,34.13,50.41,False,False,False,❌ 空頭或無訊號
2022-03-28,31.55,29038829,-5908,-3566,-433,-9907,,24.45,41.76,False,False,False,❌ 空頭或無訊號
2022-03-29,31.85,28208750,4092,-2219,-225,1648,,20.04,34.52,False,False,False,❌ 空頭或無訊號
2022-03-30,31.6,27734448,-4339,-3888,-69,-8296,,15.4,28.15,False,False,False,❌ 空頭或無訊號
2022-03-31,31.2,34079812,-3316,-5638,-464,-9418,,10.92,22.41,True,False,False,⭐ 弱勢反彈
2022-04-01,30.05,88332899,4943,-35687,-538,-31282,,8.43,17.75,True,False,False,⭐ 弱勢反彈
2022-04-06,29.2,91552831,16330,-23116,296,-6490,,6.86,14.12,True,False,False,⭐ 弱勢反彈
2022-04-07,28.6,63027377,-1125,-18475,-560,-20160,,4.86,11.03,True,False,False,⭐ 弱勢反彈
2022-04-08,28.6,30372094,-4259,-3847,-191,-8296,,4.08,8.72,True,False,False,⭐ 弱勢反彈
2022-04-11,28.1,36640865,-3498,-3278,-432,-7207,,4.19,7.21,True,False,False,⭐ 弱勢反彈
2022-04-12,27.45,90122366,21872,-32619,-350,-11098,,6.1,6.84,True,False,False,⭐ 弱勢反彈
2022-04-13,28.45,41192348,175,-2542,1199,-1168,,13.37,9.02,True,True,False,⭐⭐ 偏多觀察
2022-04-14,27.3,79510378,-1630,-15078,-845,-17553,,11.56,9.86,True,False,False,⭐ 弱勢反彈
2022-04-15,27.0,46697536,-5306,-8409,143,-13572,,8.95,9.56,True,False,False,⭐ 弱勢反彈
2022-04-18,27.25,26364112,-2454,-391,-41,-2886,,13.43,10.85,True,True,False,⭐⭐ 偏多觀察
2022-04-19,27.4,26185393,-1932,-529,175,-2287,,18.33,13.34,True,False,False,⭐ 弱勢反彈
2022-04-20,28.25,44603544,6531,846,577,7954,,34.66,20.45,True,False,False,⭐ 弱勢反彈
2022-04-21,28.5,37840911,-6172,10,-214,-6376,,50.31,30.4,False,False,False,❌ 空頭或無訊號
2022-04-22,28.1,32064698,2340,231,-418,2153,,58.94,39.92,False,False,False,❌ 空頭或無訊號
2022-04-25,27.0,29721190,-5182,168,-1195,-6209,,47.23,42.35,False,False,False,❌ 空頭或無訊號
2022-04-26,26.95,16034631,-2186,164,-714,-2736,,38.63,41.11,False,False,False,❌ 空頭或無訊號
2022-04-27,26.45,34394885,2539,-1860,-282,397,,35.59,39.27,False,False,False,❌ 空頭或無訊號
2022-04-28,27.05,21979044,-219,10,1033,824,,40.12,39.55,False,True,False,⭐ 弱勢反彈
2022-04-29,27.25,24543412,5316,4,-146,5174,,45.33,41.48,False,False,False,❌ 空頭或無訊號
2022-05-03,27.35,10716230,691,86,37,814,,49.89,44.28,False,False,False,❌ 空頭或無訊號
2022-05-04,27.25,23625048,4490,-8752,-99,-4361,,51.84,46.8,False,False,False,❌ 空頭或無訊號
2022-05-05,28.25,41026817,11129,-891,2340,12578,,66.14,53.25,False,False,False,❌ 空頭或無訊號
2022-05-06,27.85,28393693,-5329,0,-935,-6263,,71.47,59.32,False,False,False,❌ 空頭或無訊號
2022-05-09,27.2,16923033,2070,4,-1453,621,,67.29,61.98,False,False,False,❌ 空頭或無訊號
2022-05-10,27.6,24266960,4091,-10,628,4709,,69.27,64.41,False,False,False,❌ 空頭或無訊號
2022-05-11,27.6,15931389,1764,-17,-246,1500,,67.61,65.47,False,False,False,❌ 空頭或無訊號
2022-05-12,27.25,22138338,1354,503,-203,1654,,56.84,62.59,False,False,False,❌ 空頭或無訊號
2022-05-13,27.8,18718232,3400,23,738,4161,,60.44,61.88,False,False,False,❌ 空頭或無訊號
2022-05-16,27.9,29104088,2463,7,-460,2010,,63.44,62.4,False,True,False,⭐ 弱勢反彈
2022-05-17,28.45,22505940,4974,15,1237,6226,,75.63,66.81,False,False,False,❌ 空頭或無訊號
2022-05-18,29.2,58260075,16952,1969,2547,21468,,81.33,71.65,False,False,False,❌ 空頭或無訊號
2022-05-19,29.3,36366050,1430,4,-1623,-189,,86.34,76.54,False,False,False,❌ 空頭或無訊號
2022-05-20,28.95,24575276,1919,0,-568,1351,,84.94,79.34,False,False,False,❌ 空頭或無訊號
2022-05-23,28.7,20834252,3717,-2100,249,1867,,79.32,79.34,False,False,False,❌ 空頭或無訊號
2022-05-24,28.25,22521535,-681,-26,-328,-1035,,69.19,75.96,False,False,False,❌ 空頭或無訊號
2022-05-25,28.5,24393056,804,5,615,1425,,64.38,72.1,False,False,False,❌ 空頭或無訊號
2022-05-26,28.25,15919357,-2646,-76,-229,-2952,,52.01,65.4,False,False,False,❌ 空頭或無訊號
2022-05-27,28.5,11592150,2728,-717,229,2240,,46.17,58.99,False,False,False,❌ 空頭或無訊號
2022-05-30,29.1,20483850,3852,-489,1312,4675,,56.07,58.02,False,False,False,❌ 空頭或無訊號
2022-05-31,29.3,24873743,1836,-48,-884,904,,67.26,61.1,False,True,False,⭐ 弱勢反彈
2022-06-01,28.95,15711381,-2378,-41,-717,-3136,,66.68,62.96,False,False,False,❌ 空頭或無訊號
2022-06-02,28.9,16513474,-529,-54,201,-382,,67.53,64.48,False,False,False,❌ 空頭或無訊號
2022-06-06,29.1,18400531,3733,-19,241,3955,,73.23,67.4,False,False,False,❌ 空頭或無訊號
2022-06-07,29.0,12342600,-169,-13,-219,-401,,74.46,69.75,False,False,False,❌ 空頭或無訊號
2022-06-08,28.8,11870065,-617,-26,-12,-655,,67.1,68.87,False,False,False,❌ 空頭或無訊號
2022-06-09,28.5,9809007,-2464,-314,-183,-2961,,46.69,61.48,False,False,False,❌ 空頭或無訊號
2022-06-10,27.85,23591245,-1863,-492,-492,-2847,,33.28,52.08,False,False,False,❌ 空頭或無訊號
2022-06-13,26.75,25767375,-7812,-267,-167,-8247,,22.83,42.33,False,False,False,❌ 空頭或無訊號
2022-06-14,27.2,16863461,-418,-186,276,-328,,24.74,36.47,False,False,False,❌ 空頭或無訊號
2022-06-15,26.85,21775378,-712,-6,697,-21,,21.85,31.59,False,False,False,❌ 空頭或無訊號
2022-06-16,25.45,38881777,-8041,14,-871,-8898,,15.01,26.07,False,False,False,❌ 空頭或無訊號
2022-06-17,24.75,29576496,-4335,-1207,-417,-5959,,13.37,21.83,True,False,False,⭐ 弱勢反彈
2022-06-20,23.65,23961864,-289,-2006,150,-2145,,9.21,17.63,True,False,False,⭐ 弱勢反彈
2022-06-21,24.3,19956608,2966,-419,1346,3893,,11.17,15.48,True,False,False,⭐ 弱勢反彈
2022-06-22,22.8,23780010,-2092,98,-963,-2957,,7.45,12.8,True,False,False,⭐ 弱勢反彈
2022-06-23,23.0,22759236,801,-650,1141,1292,,7.12,10.91,True,False,False,⭐ 弱勢反彈
2022-06-24,23.05,14000560,46,12,362,420,,7.25,9.69,True,False,False,⭐ 弱勢反彈
2022-06-27,23.75,12544547,171,-197,727,701,,12.44,10.61,True,True,False,⭐⭐ 偏多觀察
2022-06-28,23.2,11092118,-422,5,-915,-1332,,12.68,11.3,True,False,False,⭐ 弱勢反彈
2022-06-29,23.15,10116810,495,4,523,1022,,14.58,12.39,True,False,False,⭐ 弱勢反彈
2022-06-30,21.7,47045636,-5864,-6,-424,-6294,,12.58,12.45,True,False,False,⭐ 弱勢反彈
2022-07-01,20.05,57741993,-1469,-742,840,-1371,,9.52,11.48,True,False,False,⭐ 弱勢反彈
2022-07-04,20.05,40945787,-504,-219,310,-413,,9.28,10.74,True,False,False,⭐ 弱勢反彈
2022-07-05,19.6,54729941,-5372,13,-135,-5494,,9.41,10.3,True,False,False,⭐ 弱勢反彈
2022-07-06,18.7,54072465,-4104,50,120,-3935,,6.27,8.96,True,False,False,⭐ 弱勢反彈
2022-07-07,19.75,43603058,4081,-275,1426,5232,,11.05,9.65,True,True,False,⭐⭐ 偏多觀察
2022-07-08,20.25,29724777,863,-513,-749,-400,,17.7,12.33,True,False,False,⭐ 弱勢反彈
2022-07-11,20.4,16431992,2149,47,178,2373,,23.98,16.22,True,False,False,⭐ 弱勢反彈
2022-07-12,19.7,19840475,-716,2,-359,-1073,,24.12,18.85,False,False,False,❌ 空頭或無訊號
2022-07-13,20.55,23104477,2548,-92,1508,3965,,35.35,24.35,False,False,False,❌ 空頭或無訊號
2022-07-14,21.0,19287653,3244,-9,378,3612,,56.9,35.2,False,False,False,❌ 空頭或無訊號
2022-07-15,21.2,15699917,587,-5,19,601,,69.98,46.8,False,False,False,❌ 空頭或無訊號
2022-07-18,21.55,24094388,15,-100,198,113,,77.3,56.96,False,False,False,❌ 空頭或無訊號
2022-07-19,21.95,17249609,6871,-8,-405,6458,,84.36,66.09,False,False,False,❌ 空頭或無訊號
2022-07-20,22.25,22512699,2,3,-739,-733,,84.81,72.33,False,False,False,❌ 空頭或無訊號
2022-07-21,22.9,17324000,5676,116,636,6428,,89.87,78.18,False,False,False,❌ 空頭或無訊號
2022-07-22,23.25,25625578,4986,282,-537,4731,,91.95,82.77,False,False,False,❌ 空頭或無訊號
2022-07-25,22.95,13135253,916,6,-378,544,,90.22,85.25,False,False,False,❌ 空頭或無訊號
2022-07-26,22.55,16253943,5169,10,-439,4740,,85.15,85.22,False,False,False,❌ 空頭或無訊號
2022-07-27,22.85,20024971,-1674,12,-61,-1723,,83.31,84.58,False,False,False,❌ 空頭或無訊號
2022-07-28,22.7,11180021,758,0,-49,709,,78.73,82.63,False,False,False,❌ 空頭或無訊號
2022-07-29,23.15,15660595,3735,22,174,3932,,81.94,82.4,False,False,False,❌ 空頭或無訊號
2022-08-01,22.85,10131683,-3439,22,-401,-3818,,73.29,79.37,False,False,False,❌ 空頭或無訊號
2022-08-02,22.15,16784126,1922,36,-247,1710,,53.46,70.73,False,False,False,❌ 空頭或無訊號
2022-08-03,22.3,9062160,-438,66,-2,-374,,43.69,61.72,False,False,False,❌ 空頭或無訊號
2022-08-04,22.25,9319089,1483,238,-371,1349,,36.53,53.32,False,False,False,❌ 空頭或無訊號
2022-08-05,23.1,26460475,-397,258,1175,1036,,50.79,52.48,False,False,False,❌ 空頭或無訊號
2022-08-08,22.45,19399116,-9168,54,-943,-10057,,45.36,50.1,False,False,False,❌ 空頭或無訊號
2022-08-09,21.45,35717468,-8769,68,-214,-8916,,35.91,45.37,False,False,False,❌ 空頭或無訊號
2022-08-10,20.75,27344957,-7996,112,51,-7833,,23.94,38.23,False,False,False,❌ 空頭或無訊號
2022-08-11,21.3,21092480,3491,17,767,4275,,22.88,33.11,False,False,False,❌ 空頭或無訊號
2022-08-12,21.8,14549594,5559,-14,-1,5544,,28.46,31.56,False,False,False,❌ 空頭或無訊號
2022-08-15,22.45,14429919,4158,39,343,4540,,40.36,34.49,False,True,False,⭐ 弱勢反彈
2022-08-16,22.2,13862868,-2870,66,-37,-2841,,45.14,38.04,False,False,False,❌ 空頭或無訊號
2022-08-17,22.45,11828081,2796,15,569,3381,,51.48,42.52,False,False,False,❌ 空頭或無訊號
2022-08-18,22.35,10618465,-2007,3,-101,-2104,,59.13,48.06,False,False,False,❌ 空頭或無訊號
2022-08-19,22.75,14230759,2156,12,1305,3473,,69.72,55.28,False,False,False,❌ 空頭或無訊號
2022-08-22,22.25,10275923,-3582,29,-643,-4196,,69.21,59.92,False,False,False,❌ 空頭或無訊號
2022-08-23,22.15,7363504,-423,73,-205,-555,,65.8,61.88,False,False,False,❌ 空頭或無訊號
2022-08-24,21.75,14482224,-5991,18,-623,-6597,,53.67,59.14,False,False,False,❌ 空頭或無訊號
2022-08-25,22.35,11279602,4537,39,1152,5728,,53.73,57.34,False,False,False,❌ 空頭或無訊號
2022-08-26,22.6,14507690,4088,27,281,4396,,60.18,58.28,False,True,False,⭐ 弱勢反彈
2022-08-29,21.75,15222801,-6203,107,-1091,-7187,,43.82,53.46,False,False,False,❌ 空頭或無訊號
2022-08-30,21.85,11017406,-2874,28,-125,-2971,,35.39,47.44,False,False,False,❌ 空頭或無訊號
2022-08-31,22.2,9967129,1949,24,314,2287,,38.41,44.43,False,False,False,❌ 空頭或無訊號
2022-09-01,21.7,12382390,-5560,18,-878,-6420,,28.17,39.01,False,False,False,❌ 空頭或無訊號
2022-09-02,21.2,14024611,-6916,33,-241,-7124,,18.78,32.26,False,False,False,❌ 空頭或無訊號
2022-09-05,21.0,8243521,-129,81,-290,-338,,14.96,26.5,True,False,False,⭐ 弱勢反彈
2022-09-06,20.5,16143595,-4222,82,-94,-4233,,11.31,21.43,True,False,False,⭐ 弱勢反彈
2022-09-07,20.4,9778702,65,31,-66,30,,10.01,17.62,True,False,False,⭐ 弱勢反彈
2022-09-08,21.2,13636960,-585,51,289,-245,,23.34,19.53,True,True,False,⭐⭐ 偏多觀察
2022-09-12,21.6,11217072,3133,-7,-75,3051,,38.89,25.98,False,False,False,❌ 空頭或無訊號
2022-09-13,21.55,6991343,-600,66,-136,-670,,48.43,33.46,False,False,False,❌ 空頭或無訊號
2022-09-14,21.25,10872378,-25,74,108,157,,52.87,39.93,False,False,False,❌ 空頭或無訊號
2022-09-15,21.3,8671322,120,-18,-166,-64,,57.47,45.78,False,False,False,❌ 空頭或無訊號
2022-09-16,20.7,17754138,-7333,-15,-199,-7547,,48.42,46.66,False,False,False,❌ 空頭或無訊號
2022-09-19,20.55,5526689,-1056,84,-54,-1026,,39.35,44.22,False,False,False,❌ 空頭或無訊號
2022-09-20,20.5,8017298,-3041,46,9,-2986,,32.29,40.24,False,False,False,❌ 空頭或無訊號
2022-09-21,20.35,7015132,-1596,14,132,-1449,,22.6,34.36,False,False,False,❌ 空頭或無訊號
2022-09-22,20.15,7675026,-1651,32,-451,-2070,,18.58,29.1,False,False,False,❌ 空頭或無訊號
2022-09-23,20.1,6769241,-2118,-15,-4,-2137,,15.09,24.43,True,False,False,⭐ 弱勢反彈
2022-09-26,19.1,16891826,-4824,117,-79,-4786,,11.34,20.07,True,False,False,⭐ 弱勢反彈
2022-09-27,19.5,12104116,-398,59,753,414,,13.97,18.04,True,False,False,⭐ 弱勢反彈
2022-09-28,18.6,19173823,-4212,45,-437,-4605,,9.31,15.13,True,False,False,⭐ 弱勢反彈
2022-09-29,19.35,30191515,136,64,687,888,,17.08,15.78,True,True,False,⭐⭐ 偏多觀察
2022-09-30,19.75,17759777,1810,54,101,1965,,28.05,19.87,True,False,False,⭐ 弱勢反彈
2022-10-03,19.7,8000521,-423,26,-112,-509,,37.04,25.59,False,False,False,❌ 空頭或無訊號
2022-10-04,20.45,13632332,3995,37,734,4766,,57.15,36.11,False,False,False,❌ 空頭或無訊號
2022-10-05,20.6,19086614,-1643,-9,-446,-2098,,67.08,46.43,False,False,False,❌ 空頭或無訊號
2022-10-06,20.45,12448451,93,3,-288,-192,,71.53,54.8,False,False,False,❌ 空頭或無訊號
2022-10-07,20.2,8347150,-575,8,-223,-790,,70.88,60.16,False,False,False,❌ 空頭或無訊號
2022-10-11,19.0,16684289,-5929,28,-241,-6142,,53.05,57.79,False,False,False,❌ 空頭或無訊號
2022-10-12,19.5,18573276,1591,45,317,1953,,45.37,53.65,False,False,False,❌ 空頭或無訊號
2022-10-13,18.55,17177823,-4562,53,-329,-4838,,30.94,46.08,False,False,False,❌ 空頭或無訊號
2022-10-14,19.55,16263138,4281,27,694,5002,,35.21,42.46,False,False,False,❌ 空頭或無訊號
2022-10-17,19.9,14164819,-805,41,1084,321,,42.92,42.61,False,True,False,⭐ 弱勢反彈
2022-10-18,20.8,24872800,1602,2143,882,4627,,60.56,48.59,False,False,False,❌ 空頭或無訊號
2022-10-19,20.25,17139395,-4641,30,-399,-5010,,65.73,54.31,False,False,False,❌ 空頭或無訊號
2022-10-20,20.5,25958324,-923,-33,61,-896,,72.81,60.47,False,False,False,❌ 空頭或無訊號
2022-10-21,20.05,8715488,-121,27,-36,-130,,71.0,63.98,False,False,False,❌ 空頭或無訊號
2022-10-24,20.3,12657083,-14,25,734,745,,72.33,66.77,False,False,False,❌ 空頭或無訊號
2022-10-25,19.85,15609026,-2333,22,902,-1409,,66.97,66.84,False,False,False,❌ 空頭或無訊號
2022-10-26,19.35,16552390,-4061,33,495,-3533,,51.49,61.72,False,False,False,❌ 空頭或無訊號
2022-10-27,19.8,12122258,3690,0,459,4149,,48.36,57.27,False,False,False,❌ 空頭或無訊號
2022-10-28,19.2,9467371,-3233,-146,-881,-4260,,33.19,49.24,False,False,False,❌ 空頭或無訊號
2022-10-31,19.5,10157810,736,13,405,1153,,28.79,42.43,False,False,False,❌ 空頭或無訊號
2022-11-01,19.85,7008882,470,-173,661,958,,32.53,39.13,False,False,False,❌ 空頭或無訊號
2022-11-02,20.1,8213719,2669,0,-52,2617,,39.78,39.35,False,True,False,⭐ 弱勢反彈
2022-11-03,20.15,5946738,89,13,174,276,,45.57,41.42,False,False,False,❌ 空頭或無訊號
2022-11-04,20.2,10267925,-2395,9,-252,-2638,,57.3,46.71,False,False,False,❌ 空頭或無訊號
2022-11-07,20.55,18145106,3468,0,261,3728,,68.31,53.91,False,False,False,❌ 空頭或無訊號
2022-11-08,20.4,14767158,-1467,0,-166,-1633,,68.69,58.84,False,False,False,❌ 空頭或無訊號
2022-11-09,21.0,21675355,8340,10,269,8619,,79.13,65.6,False,False,False,❌ 空頭或無訊號
2022-11-10,21.1,12979053,-1159,3,-13,-1169,,85.13,72.11,False,False,False,❌ 空頭或無訊號
2022-11-11,21.85,42617553,-8954,-5,-508,-9467,,82.68,75.63,False,False,False,❌ 空頭或無訊號
2022-11-14,21.75,28226571,3643,0,-778,2865,,79.1,76.79,False,False,False,❌ 空頭或無訊號
2022-11-15,22.1,22099063,2306,-189,-330,1787,,80.8,78.13,False,False,False,❌ 空頭或無訊號
2022-11-16,22.3,28540823,8042,-104,-141,7797,,83.63,79.96,False,False,True,⭐ 弱勢反彈
2022-11-17,21.85,22295034,-8494,-37,-281,-8813,,78.67,79.53,False,False,False,❌ 空頭或無訊號
2022-11-18,21.9,21897204,6037,-6,129,6160,,75.41,78.16,False,False,True,⭐ 弱勢反彈
2022-11-21,21.45,13054775,-3061,-11,-426,-3499,,65.35,73.89,False,False,False,❌ 空頭或無訊號
2022-11-22,21.5,9704098,698,385,-328,755,,58.1,68.62,False,False,False,❌ 空頭或無訊號
2022-11-23,21.55,7487730,-1298,-8,125,-1181,,47.93,61.73,False,False,False,❌ 空頭或無訊號
2022-11-24,21.9,8888683,3559,-118,474,3915,,49.19,57.55,False,False,True,⭐ 弱勢反彈
2022-11-25,21.65,8324064,936,-145,-527,263,,44.29,53.13,False,False,False,❌ 空頭或無訊號
2022-11-28,21.35,9299180,-2641,-9,-571,-3220,,34.12,46.79,False,False,False,❌ 空頭或無訊號
2022-11-29,21.25,14181449,-3481,-2100,-231,-5812,,31.39,41.66,False,False,True,⭐ 弱勢反彈
2022-11-30,21.2,19050399,-4066,-3,-94,-4164,,28.33,37.22,False,False,True,⭐ 弱勢反彈
2022-12-01,21.95,36574923,8981,-23,643,9602,,43.03,39.15,False,True,True,⭐⭐ 偏多觀察
2022-12-02,22.0,15615973,-2510,-7,-420,-2936,,53.97,44.09,False,False,True,⭐ 弱勢反彈
2022-12-05,22.1,14260387,-844,0,-125,-969,,61.79,49.99,False,False,True,⭐ 弱勢反彈
2022-12-06,21.2,25304638,-12275,7,-155,-12423,,47.64,49.21,False,False,False,❌ 空頭或無訊號
2022-12-07,21.1,18377500,-2896,0,-393,-3289,,36.06,44.83,False,False,False,❌ 空頭或無訊號
2022-12-08,20.8,16359710,-7277,-3,-452,-7732,,26.82,38.82,False,False,False,❌ 空頭或無訊號
2022-12-09,20.7,13510090,-1790,0,-119,-1909,,18.81,32.15,False,False,False,❌ 空頭或無訊號
2022-12-12,20.95,7370366,-214,-24,324,86,,20.87,28.39,True,False,True,⭐⭐ 偏多觀察
2022-12-13,20.65,12433296,-3979,-10,32,-3957,,17.25,24.68,False,False,True,⭐ 弱勢反彈
2022-12-14,21.15,14383293,3577,-9,289,3857,,23.16,24.17,True,False,True,⭐⭐ 偏多觀察
2022-12-15,21.1,6192456,611,-13,-409,189,,26.28,24.87,False,True,True,⭐⭐ 偏多觀察
2022-12-16,20.85,13957907,-2844,91,-543,-3296,,26.12,25.29,False,False,True,⭐ 弱勢反彈
2022-12-19,21.0,8921537,-1542,-3,31,-1513,,36.71,29.1,False,False,True,⭐ 弱勢反彈
2022-12-20,20.35,13807743,-3629,-5,-341,-3974,,26.23,28.14,False,False,False,❌ 空頭或無訊號
2022-12-21,20.05,11330207,-5444,10,-795,-6229,,18.82,25.03,False,False,False,❌ 空頭或無訊號
2022-12-22,20.3,6660004,-508,57,-15,-466,,20.55,23.54,True,False,False,⭐ 弱勢反彈
2022-12-23,20.1,9528326,-563,-18,-178,-758,,21.48,22.85,False,False,False,❌ 空頭或無訊號
2022-12-26,20.0,4385547,-770,161,-85,-694,,19.87,21.86,False,False,False,❌ 空頭或無訊號
2022-12-27,20.05,4845527,-200,-52,-62,-313,,19.91,21.21,True,False,False,⭐ 弱勢反彈
2022-12-28,19.45,17909605,-6420,-168,-500,-7088,,14.2,18.87,True,False,False,⭐ 弱勢反彈
2022-12-29,19.45,8466762,-2066,-18,3,-2081,,15.02,17.59,True,False,False,⭐ 弱勢反彈
2022-12-30,19.6,6720610,-411,-138,46,-503,,17.95,17.71,True,True,False,⭐⭐ 偏多觀察
2023-01-03,19.75,6210194,53,12,212,276,,26.91,20.78,True,False,False,⭐ 弱勢反彈
2023-01-04,19.75,6645549,-878,5,150,-723,,34.61,25.39,False,False,False,❌ 空頭或無訊號
2023-01-05,20.0,22037202,444,6,1439,1889,,44.5,31.76,False,False,False,❌ 空頭或無訊號
2023-01-06,20.2,6740427,2670,5,-8,2667,,55.86,39.79,False,False,False,❌ 空頭或無訊號
2023-01-09,20.5,14879784,5023,57,474,5554,,70.57,50.05,False,False,False,❌ 空頭或無訊號
2023-01-10,20.9,25795971,10594,-33,602,11163,,78.63,59.58,False,False,True,⭐ 弱勢反彈
2023-01-11,20.95,10520380,1690,9,-332,1367,,83.25,67.47,False,False,True,⭐ 弱勢反彈
2023-01-12,20.85,8425739,1926,178,-74,2030,,84.07,73.0,False,False,True,⭐ 弱勢反彈
2023-01-13,20.7,8434142,785,874,447,2106,,81.05,75.68,False,False,False,❌ 空頭或無訊號
2023-01-16,20.8,6018670,2769,125,58,2951,,79.84,77.07,False,False,True,⭐ 弱勢反彈
2023-01-17,21.0,8218883,2546,163,-175,2534,,82.56,78.9,False,False,True,⭐ 弱勢反彈
2023-01-30,21.8,32960808,14478,273,1421,16172,,87.52,81.77,False,False,True,⭐ 弱勢反彈
2023-01-31,21.55,16238701,1497,-47,-135,1315,,85.62,83.05,False,False,True,⭐ 弱勢反彈
2023-02-01,22.1,35157563,-3466,-19,290,-3195,,85.91,84.01,False,False,True,⭐ 弱勢反彈
2023-02-02,23.6,90269986,5229,1414,246,6889,,88.99,85.67,False,False,True,⭐ 弱勢反彈
2023-02-03,23.25,32762160,-2362,444,-837,-2756,,87.29,86.21,False,False,True,⭐ 弱勢反彈
2023-02-06,22.5,24430852,-543,-25,-544,-1112,,78.08,83.5,False,False,True,⭐ 弱勢反彈
2023-02-07,22.2,24777641,-3347,102,-232,-3477,,68.45,78.48,False,False,True,⭐ 弱勢反彈
2023-02-08,22.7,24969674,2818,-73,585,3330,,67.3,74.75,False,False,True,⭐ 弱勢反彈
2023-02-09,22.9,50264971,-8222,-35,-1168,-9425,,66.39,71.97,False,False,True,⭐ 弱勢反彈
2023-02-10,22.35,33301987,-8537,-9,-668,-9214,,58.15,67.36,False,False,True,⭐ 弱勢反彈
2023-02-13,22.35,13481087,-877,-723,-276,-1876,,52.66,62.46,False,False,True,⭐ 弱勢反彈
2023-02-14,22.5,16077845,1203,150,-80,1273,,44.63,56.52,False,False,True,⭐ 弱勢反彈
2023-02-15,22.35,20302320,-2990,-132,118,-3004,,36.42,49.82,False,False,True,⭐ 弱勢反彈
2023-02-16,23.4,47159717,9413,-1770,1589,9233,,55.39,51.67,False,True,True,⭐⭐ 偏多觀察
2023-02-17,23.15,33788918,-8211,174,-468,-8505,,60.89,54.74,False,False,True,⭐ 弱勢反彈
2023-02-20,23.85,38533271,-1374,-8,321,-1061,,73.05,60.85,False,False,True,⭐ 弱勢反彈
2023-02-21,23.65,31954510,-2890,-14,-310,-3213,,74.89,65.53,False,False,True,⭐ 弱勢反彈
2023-02-22,23.05,31937443,-8796,0,12,-8784,,66.59,65.88,False,False,True,⭐ 弱勢反彈
2023-02-23,23.05,22153894,-7348,-24,-48,-7420,,61.06,64.27,False,False,True,⭐ 弱勢反彈
2023-02-24,23.05,28157232,-6249,-39,-19,-6307,,54.6,61.05,False,False,True,⭐ 弱勢反彈
2023-03-01,22.5,29978063,-6737,-26,-447,-7210,,40.1,54.07,False,False,True,⭐ 弱勢反彈
2023-03-02,24.0,121057495,46081,2504,1033,49617,,52.92,53.69,False,False,True,⭐ 弱勢反彈
2023-03-03,25.6,161118434,-9821,868,248,-8706,,64.17,57.18,False,True,True,⭐⭐ 偏多觀察
2023-03-06,25.15,73278230,-28359,-3,-245,-28607,,67.67,60.68,False,False,True,⭐ 弱勢反彈
2023-03-07,24.9,42625839,-17718,22,172,-17524,,67.78,63.05,False,False,True,⭐ 弱勢反彈
2023-03-08,25.1,35424187,-11065,34,570,-10461,,69.63,65.24,False,False,True,⭐ 弱勢反彈
2023-03-09,25.1,44225197,-10835,100,-378,-11113,,70.87,67.12,False,False,True,⭐ 弱勢反彈
2023-03-10,24.1,55252902,-6075,-7,-578,-6660,,62.8,65.68,False,False,True,⭐ 弱勢反彈
2023-03-13,24.45,31588288,5930,-23,-67,5840,,60.53,63.96,False,False,True,⭐ 弱勢反彈
2023-03-14,23.85,23076861,-6439,-457,-391,-7287,,45.39,57.77,False,False,True,⭐ 弱勢反彈
2023-03-15,23.95,15581679,-2622,79,-498,-3041,,33.09,49.54,False,False,True,⭐ 弱勢反彈
2023-03-16,24.0,16778349,657,-578,-84,-5,,27.62,42.24,False,False,True,⭐ 弱勢反彈
2023-03-17,23.9,23657878,-3061,142,95,-2824,,22.48,35.65,False,False,True,⭐ 弱勢反彈
2023-03-20,24.4,19484288,5878,-71,459,6266,,27.18,32.83,False,False,True,⭐ 弱勢反彈
2023-03-21,24.6,24673439,-5306,-26,-73,-5405,,33.57,33.07,False,True,True,⭐⭐ 偏多觀察
2023-03-22,24.5,14340653,-1149,-81,-149,-1379,,45.99,37.38,False,False,True,⭐ 弱勢反彈
2023-03-23,24.7,10271675,3832,-75,248,4005,,59.83,44.86,False,False,True,⭐ 弱勢反彈
2023-03-24,25.55,75567788,12628,1015,3547,17190,,70.04,53.26,False,False,True,⭐ 弱勢反彈
2023-03-27,25.1,39372628,-13458,3791,-2556,-12223,,67.71,58.07,False,False,True,⭐ 弱勢反彈
2023-03-28,24.65,16675092,-1009,547,-674,-1136,,59.63,58.59,False,False,True,⭐ 弱勢反彈
2023-03-29,24.5,12213481,-2124,156,-435,-2403,,49.51,55.57,False,False,True,⭐ 弱勢反彈
2023-03-30,25.25,57262792,5783,284,311,6378,,54.37,55.17,False,False,True,⭐ 弱勢反彈
2023-03-31,26.5,137729489,16330,5554,1561,23444,,60.14,56.83,False,True,True,⭐⭐ 偏多觀察
2023-04-06,25.6,70748299,-22686,2695,-965,-20956,,53.98,55.88,False,False,True,⭐ 弱勢反彈
2023-04-07,26.5,65330671,13145,4419,2177,19741,,59.88,57.21,False,True,True,⭐⭐ 偏多觀察
2023-04-10,26.4,70548215,-11974,2727,298,-8949,,62.7,59.04,False,False,True,⭐ 弱勢反彈
2023-04-11,26.9,75580085,15680,890,2355,18925,,68.78,62.29,False,False,True,⭐ 弱勢反彈
2023-04-12,26.9,34846806,-6466,200,-60,-6326,,72.84,65.8,False,False,True,⭐ 弱勢反彈
2023-04-13,26.4,34221502,-4632,-22,-1137,-5791,,70.25,67.29,False,False,True,⭐ 弱勢反彈
2023-04-14,26.25,25395224,-6813,1295,105,-5413,,62.81,65.79,False,False,True,⭐ 弱勢反彈
2023-04-17,26.55,19595473,234,59,72,365,,59.37,63.65,False,False,True,⭐ 弱勢反彈
2023-04-18,26.0,22041003,-3257,-25,-560,-3842,,47.91,58.41,False,False,True,⭐ 弱勢反彈
2023-04-19,25.8,14748776,-1108,376,-270,-1002,,31.94,49.59,False,False,True,⭐ 弱勢反彈
2023-04-20,25.5,21229065,5310,-96,-253,4960,,25.0,41.39,False,False,True,⭐ 弱勢反彈
2023-04-21,25.05,24306856,1236,3827,-1270,3793,,17.33,33.37,False,False,True,⭐ 弱勢反彈
2023-04-24,25.25,16926089,-815,4429,493,4107,,16.86,27.87,True,False,True,⭐⭐ 偏多觀察
2023-04-25,24.6,27278523,-100,3907,-741,3066,,12.63,22.79,True,False,True,⭐⭐ 偏多觀察
2023-04-26,24.75,22096109,-705,4088,550,3933,,14.94,20.17,True,False,True,⭐⭐ 偏多觀察
2023-04-27,25.5,31621373,-9019,3652,1224,-4144,,27.35,22.56,True,True,True,⭐⭐⭐ 黃金買點
2023-04-28,25.95,58135815,-13463,499,-462,-13426,,42.68,29.27,False,False,True,⭐ 弱勢反彈
2023-05-02,25.55,31055821,-13362,-1697,-226,-15285,,47.39,35.31,False,False,True,⭐ 弱勢反彈
2023-05-03,25.25,19191521,-1299,-2287,-51,-3638,,45.99,38.87,False,False,True,⭐ 弱勢反彈
2023-05-04,25.05,16905317,-3560,-176,-155,-3891,,42.02,39.92,False,False,True,⭐ 弱勢反彈
2023-05-05,24.65,26778056,-4016,-235,-235,-4486,,33.32,37.72,False,False,True,⭐ 弱勢反彈
2023-05-08,24.5,18806827,-1686,-932,-168,-2787,,25.24,33.56,False,False,False,❌ 空頭或無訊號
2023-05-09,24.5,13205971,-764,-495,-203,-1462,,19.86,28.99,False,False,False,❌ 空頭或無訊號
2023-05-10,24.25,20607649,233,-1060,86,-741,,19.3,25.76,True,False,False,⭐ 弱勢反彈
2023-05-11,23.75,12764080,-1161,-458,-68,-1688,,12.87,21.46,True,False,False,⭐ 弱勢反彈
2023-05-12,23.9,12372491,586,-120,198,663,,12.66,18.53,True,False,False,⭐ 弱勢反彈
2023-05-15,23.5,15110313,1382,-2225,-141,-984,,12.32,16.46,True,False,False,⭐ 弱勢反彈
2023-05-16,24.1,15299565,1137,-1145,604,596,,21.7,18.21,True,True,False,⭐⭐ 偏多觀察
2023-05-17,24.65,25723726,1228,-1000,2143,2371,,41.92,26.11,False,False,False,❌ 空頭或無訊號
2023-05-18,25.8,47769219,9124,-46,1260,10338,,61.28,37.83,False,False,True,⭐ 弱勢反彈
2023-05-19,26.0,44531411,3928,672,-552,4048,,71.93,49.2,False,False,True,⭐ 弱勢反彈
2023-05-22,25.8,38297433,-4507,0,-824,-5330,,71.89,56.76,False,False,True,⭐ 弱勢反彈
2023-05-23,25.5,28917734,6117,399,469,6986,,69.06,60.86,False,False,True,⭐ 弱勢反彈
2023-05-24,26.0,27039419,1065,29,493,1587,,71.86,64.53,False,False,True,⭐ 弱勢反彈
2023-05-25,26.05,34170578,-2992,267,-219,-2944,,74.2,67.75,False,False,True,⭐ 弱勢反彈
2023-05-26,26.05,17211531,2712,-66,-179,2467,,74.18,69.89,False,False,True,⭐ 弱勢反彈
2023-05-29,26.9,73576665,26331,79,1688,28098,,78.8,72.86,False,False,True,⭐ 弱勢反彈
2023-05-30,26.7,28332584,-3831,-1433,-719,-5983,,77.17,74.3,False,False,True,⭐ 弱勢反彈
2023-05-31,26.65,39586952,3873,-2320,1506,3059,,74.21,74.27,False,False,True,⭐ 弱勢反彈
2023-06-01,26.6,20813664,-502,428,-547,-621,,71.43,73.32,False,False,True,⭐ 弱勢反彈
2023-06-02,28.5,111268577,45081,866,1286,47233,,77.71,74.79,False,True,True,⭐⭐ 偏多觀察
2023-06-05,28.15,46269703,-13193,468,-1275,-14000,,77.58,75.72,False,False,True,⭐ 弱勢反彈
2023-06-06,28.7,34661424,5617,-157,1784,7245,,81.72,77.72,False,False,True,⭐ 弱勢反彈
2023-06-07,28.6,21907855,-812,169,-1353,-1996,,83.37,79.6,False,False,True,⭐ 弱勢反彈
2023-06-08,27.2,62638676,11544,88,245,11878,,67.49,75.56,False,False,True,⭐ 弱勢反彈
2023-06-09,28.1,37599994,11126,7,361,11495,,67.61,72.91,False,False,True,⭐ 弱勢反彈
2023-06-12,28.6,38581927,6271,-201,915,6985,,73.64,73.16,False,True,True,⭐⭐ 偏多觀察
2023-06-13,28.95,43126398,1422,731,-532,1621,,77.3,74.54,False,False,True,⭐ 弱勢反彈
2023-06-14,29.25,37334210,10991,265,558,11814,,81.78,76.95,False,False,True,⭐ 弱勢反彈
2023-06-15,29.1,25899083,-2456,-334,-1018,-3808,,80.84,78.25,False,False,True,⭐ 弱勢反彈
2023-06-16,29.2,33352043,3966,-829,637,3775,,81.38,79.29,False,False,True,⭐ 弱勢反彈
2023-06-19,28.55,34424264,-7718,293,-665,-8090,,74.13,77.57,False,False,True,⭐ 弱勢反彈
2023-06-20,28.85,18484472,4985,-84,-435,4466,,72.81,75.99,False,False,True,⭐ 弱勢反彈
2023-06-21,28.95,34741719,-1712,-105,-295,-2112,,69.97,73.98,False,False,True,⭐ 弱勢反彈
2023-06-26,28.0,54958292,-11920,-909,-129,-12958,,54.22,67.4,False,False,True,⭐ 弱勢反彈
2023-06-27,26.95,56439042,4371,-1237,207,3341,,39.43,58.07,False,False,True,⭐ 弱勢反彈
2023-06-28,27.2,17193255,3319,-53,479,3746,,32.3,49.48,False,False,True,⭐ 弱勢反彈
2023-06-29,28.5,97017570,14058,-107,1291,15242,,41.75,46.9,False,False,True,⭐ 弱勢反彈
2023-06-30,27.45,60422507,-21417,-653,-945,-23015,,36.87,43.56,False,False,True,⭐ 弱勢反彈
2023-07-03,27.4,15922075,-4186,-792,18,-4960,,33.06,40.06,False,False,True,⭐ 弱勢反彈
2023-07-04,27.5,15765927,4179,707,74,4961,,31.64,37.25,False,False,True,⭐ 弱勢反彈
2023-07-05,27.45,16148137,1411,638,-189,1860,,30.13,34.88,False,False,True,⭐ 弱勢反彈
2023-07-06,27.25,14263926,337,-1454,-163,-1280,,26.87,32.21,False,False,True,⭐ 弱勢反彈
2023-07-07,26.4,38945974,-9834,14,-349,-10169,,18.43,27.62,False,False,False,❌ 空頭或無訊號
2023-07-10,26.7,14395081,4512,-10,143,4645,,15.87,23.7,True,False,False,⭐ 弱勢反彈
2023-07-11,27.5,18776627,7589,-54,351,7886,,22.38,23.26,True,False,True,⭐⭐ 偏多觀察
2023-07-12,27.9,42115364,3152,5,-135,3022,,39.52,28.68,False,True,True,⭐⭐ 偏多觀察
2023-07-13,28.6,77723319,27356,-463,719,27612,,52.66,36.67,False,False,True,⭐ 弱勢反彈
2023-07-14,28.35,25489212,-6396,-459,-1500,-8355,,58.5,43.95,False,False,True,⭐ 弱勢反彈
2023-07-17,28.8,34593897,7711,-220,631,8122,,67.16,51.69,False,False,True,⭐ 弱勢反彈
2023-07-18,28.25,23972570,-3605,-46,-1188,-4839,,66.61,56.66,False,False,True,⭐ 弱勢反彈
2023-07-19,27.95,18237599,1428,-2225,-311,-1108,,62.8,58.71,False,False,True,⭐ 弱勢反彈
2023-07-20,27.8,12342072,-440,245,57,-138,,57.62,58.35,False,False,True,⭐ 弱勢反彈
2023-07-21,27.45,43246486,-4726,-595,766,-4555,,47.26,54.65,False,False,True,⭐ 弱勢反彈
2023-07-24,27.25,11824727,458,911,-179,1191,,37.63,48.98,False,False,True,⭐ 弱勢反彈
2023-07-25,27.15,11050662,-152,-497,37,-612,,29.85,42.6,False,False,True,⭐ 弱勢反彈
2023-07-26,26.8,17671295,-5702,18,-266,-5950,,19.9,35.03,False,False,False,❌ 空頭或無訊號
2023-07-27,28.2,35114477,9377,41,2011,11429,,32.31,34.13,True,False,True,⭐⭐ 偏多觀察
2023-07-28,28.6,41758230,5681,174,-57,5798,,48.21,38.82,False,True,True,⭐⭐ 偏多觀察
2023-07-31,29.35,114785284,28137,647,1625,30408,,56.78,44.81,False,False,True,⭐ 弱勢反彈
2023-08-01,29.3,39797135,-11972,16,-1431,-13387,,62.01,50.54,False,False,True,⭐ 弱勢反彈
2023-08-02,28.1,32421187,-11302,696,-941,-11547,,53.9,51.66,False,False,True,⭐ 弱勢反彈
2023-08-04,27.25,107595436,-45716,1545,-313,-44485,,43.62,48.98,False,False,False,❌ 空頭或無訊號
2023-08-07,27.7,20548397,4463,581,382,5426,,40.62,46.19,False,False,True,⭐ 弱勢反彈
2023-08-08,27.1,19454017,-8176,898,-609,-7887,,33.49,41.96,False,False,False,❌ 空頭或無訊號
2023-08-09,27.05,30335652,-1306,606,63,-638,,28.31,37.41,False,False,False,❌ 空頭或無訊號
2023-08-10,26.8,20272864,-4462,697,25,-3740,,22.72,32.51,False,False,False,❌ 空頭或無訊號
2023-08-11,26.8,10883485,-3928,579,-127,-3476,,18.99,28.01,False,False,False,❌ 空頭或無訊號
2023-08-14,25.45,40231924,-8168,883,-608,-7893,,13.7,23.24,True,False,False,⭐ 弱勢反彈
2023-08-15,26.15,18444730,4459,-96,661,5024,,16.59,21.02,True,False,False,⭐ 弱勢反彈
2023-08-16,25.65,17322562,1896,635,-618,1913,,15.64,19.23,True,False,False,⭐ 弱勢反彈
2023-08-17,25.9,20767752,764,333,535,1633,,20.73,19.73,True,True,False,⭐⭐ 偏多觀察
2023-08-18,25.65,15750902,-3563,281,-185,-3467,,21.09,20.18,False,False,False,❌ 空頭或無訊號
2023-08-21,25.5,18746956,-1861,106,163,-1592,,20.73,20.36,False,False,False,❌ 空頭或無訊號
2023-08-22,25.25,17027003,35,74,-68,42,,16.99,19.24,False,False,False,❌ 空頭或無訊號
2023-08-23,25.7,15205459,1668,1507,980,4155,,21.9,20.13,True,True,False,⭐⭐ 偏多觀察
2023-08-24,26.25,21771291,4420,750,142,5312,,40.4,26.89,False,False,False,❌ 空頭或無訊號
2023-08-25,25.75,11328599,-4072,36,-626,-4662,,43.6,32.46,False,False,False,❌ 空頭或無訊號
2023-08-28,25.45,9961739,-4120,-7,-158,-4285,,38.95,34.62,False,False,False,❌ 空頭或無訊號
2023-08-29,26.2,15448187,-1108,46,649,-414,,54.36,41.2,False,False,False,❌ 空頭或無訊號
2023-08-30,26.3,31085697,-1244,50,35,-1159,,59.77,47.39,False,False,False,❌ 空頭或無訊號
2023-08-31,26.35,20027197,669,1103,-100,1672,,64.36,53.04,False,False,False,❌ 空頭或無訊號
2023-09-01,27.1,37122144,5557,1557,616,7729,,73.91,60.0,False,False,False,❌ 空頭或無訊號
2023-09-04,27.15,16264767,-1954,2,239,-1714,,81.06,67.02,False,False,False,❌ 空頭或無訊號
2023-09-05,27.2,26147357,-2471,-24,-741,-3235,,81.45,71.83,False,False,False,❌ 空頭或無訊號
2023-09-06,26.85,14402481,-1711,56,76,-1579,,76.52,73.39,False,False,False,❌ 空頭或無訊號
2023-09-07,26.9,14240672,2779,-83,499,3194,,73.98,73.59,False,False,False,❌ 空頭或無訊號
2023-09-08,26.7,10439885,-2351,37,-189,-2503,,68.02,71.73,False,False,False,❌ 空頭或無訊號
2023-09-11,26.45,10159168,-3107,2,101,-3004,,54.72,66.06,False,False,False,❌ 空頭或無訊號
2023-09-12,26.9,8363365,2658,5,497,3159,,51.86,61.33,False,False,False,❌ 空頭或無訊號
2023-09-13,26.95,9027873,-538,15,-74,-596,,49.85,57.5,False,False,False,❌ 空頭或無訊號
2023-09-14,27.3,16462162,3630,-31,698,4297,,58.24,57.75,False,True,False,⭐ 弱勢反彈
2023-09-15,28.15,47298449,8812,601,3805,13218,,72.16,62.55,False,False,False,❌ 空頭或無訊號
2023-09-18,27.8,23103903,-6692,-109,-1630,-8431,,72.67,65.92,False,False,False,❌ 空頭或無訊號
2023-09-19,27.85,24611265,-1103,2656,579,2131,,73.88,68.58,False,False,False,❌ 空頭或無訊號
2023-09-20,26.5,29458525,-6397,-303,-686,-7386,,51.01,62.72,False,False,False,❌ 空頭或無訊號
2023-09-21,26.5,11768204,-4250,-30,166,-4113,,39.43,54.96,False,False,False,❌ 空頭或無訊號
2023-09-22,26.35,9376783,-3078,38,268,-2773,,30.08,46.66,False,False,False,❌ 空頭或無訊號
2023-09-25,26.2,11604259,-2264,-9,-267,-2540,,21.57,38.3,False,False,False,❌ 空頭或無訊號
2023-09-26,25.7,16968879,-5050,177,-285,-5158,,14.38,30.32,False,False,False,❌ 空頭或無訊號
2023-09-27,25.75,13473414,-3599,9,-239,-3829,,13.09,24.58,True,False,False,⭐ 弱勢反彈
2023-09-28,25.3,24187931,-11429,-1812,-602,-13843,,8.73,19.3,True,False,False,⭐ 弱勢反彈
2023-10-02,25.6,11170622,-261,-331,-238,-830,,9.15,15.92,True,False,False,⭐ 弱勢反彈
2023-10-03,25.85,19376051,4213,0,339,4552,,14.07,15.3,True,False,False,⭐ 弱勢反彈
2023-10-04,25.5,14182872,-7033,5,-772,-7800,,14.14,14.92,True,False,False,⭐ 弱勢反彈
2023-10-05,26.75,35368910,17204,6,1248,18457,,40.61,23.48,True,True,False,⭐⭐ 偏多觀察
2023-10-06,27.45,50996307,10965,814,1225,13004,,57.57,34.84,False,False,False,❌ 空頭或無訊號
2023-10-11,27.95,78229348,13104,17,-875,12246,,69.37,46.35,False,False,False,❌ 空頭或無訊號
2023-10-12,28.9,87928374,25556,-1859,903,24600,,77.83,56.85,False,False,True,⭐ 弱勢反彈
2023-10-13,28.35,26227616,-2240,-1930,-342,-4512,,78.64,64.11,False,False,False,❌ 空頭或無訊號
2023-10-16,26.05,96601421,-45245,570,-1883,-46558,,59.01,62.41,False,False,False,❌ 空頭或無訊號
2023-10-17,26.6,35989072,10088,-15,583,10656,,50.74,58.52,False,False,False,❌ 空頭或無訊號
2023-10-18,25.95,36854523,-12070,81,-997,-12986,,39.53,52.19,False,False,False,❌ 空頭或無訊號
2023-10-19,26.4,29512820,952,-144,445,1253,,33.6,45.99,False,False,False,❌ 空頭或無訊號
2023-10-20,26.05,13700939,7,-143,-103,-239,,25.83,39.27,False,False,False,❌ 空頭或無訊號
2023-10-23,25.85,10088024,-3236,-115,-1,-3352,,18.69,32.41,False,False,False,❌ 空頭或無訊號
2023-10-24,26.05,10750072,-1328,-82,-702,-2113,,15.89,26.91,True,False,False,⭐ 弱勢反彈
2023-10-25,25.8,14407974,-3992,-1129,-78,-5199,,11.64,21.82,True,False,False,⭐ 弱勢反彈
2023-10-26,24.65,46314541,-22818,-6950,-1086,-30854,,8.29,17.31,True,False,False,⭐ 弱勢反彈
2023-10-27,24.6,13134497,-6160,89,-60,-6131,,5.52,13.38,True,False,False,⭐ 弱勢反彈
2023-10-30,25.35,21310935,-1320,54,1617,351,,15.05,13.93,True,True,False,⭐⭐ 偏多觀察
2023-10-31,24.95,36011657,-11364,143,-664,-11885,,16.34,14.74,True,False,False,⭐ 弱勢反彈
2023-11-01,24.95,11558378,-2462,-241,-39,-2742,,17.56,15.68,True,False,False,⭐ 弱勢反彈
2023-11-02,25.55,17040248,2381,-851,195,1725,,29.8,20.38,True,False,False,⭐ 弱勢反彈
2023-11-03,25.35,18581506,-7440,-179,499,-7120,,35.02,25.26,False,False,False,❌ 空頭或無訊號
2023-11-06,25.85,29011549,2942,-1345,-247,1350,,48.6,33.04,False,False,False,❌ 空頭或無訊號
2023-11-07,25.4,14930769,-5956,-37,-714,-6707,,50.18,38.75,False,False,False,❌ 空頭或無訊號
2023-11-08,25.4,11830935,-1480,-192,-429,-2101,,51.23,42.91,False,False,False,❌ 空頭或無訊號
2023-11-09,25.1,12551297,-2080,-108,-702,-2890,,42.79,42.87,False,False,False,❌ 空頭或無訊號
2023-11-10,25.0,6937962,-1473,-737,-97,-2307,,29.98,38.57,False,False,False,❌ 空頭或無訊號
2023-11-13,25.5,13743155,1182,-125,111,1168,,35.93,37.69,False,False,False,❌ 空頭或無訊號
2023-11-14,26.2,55616494,18178,-6,1173,19345,,54.82,43.4,False,True,False,⭐ 弱勢反彈
2023-11-15,28.6,223100297,82290,-880,128,81538,,68.15,51.65,False,False,True,⭐ 弱勢反彈
2023-11-16,27.65,107192792,2869,78,-945,2002,,68.81,57.37,False,False,True,⭐ 弱勢反彈
2023-11-17,27.65,40739643,2744,-91,-960,1693,,69.25,61.33,False,False,True,⭐ 弱勢反彈
2023-11-20,27.85,33304275,-4874,-53,263,-4664,,71.27,64.64,False,False,True,⭐ 弱勢反彈
2023-11-21,27.8,23637616,1511,-35,-991,485,,72.19,67.16,False,False,True,⭐ 弱勢反彈
2023-11-22,27.6,18116808,2464,-69,-1240,1155,,70.93,68.42,False,False,True,⭐ 弱勢反彈
2023-11-23,27.5,14308848,-1299,-59,280,-1078,,68.91,68.58,False,False,True,⭐ 弱勢反彈
2023-11-24,27.4,20109201,1899,47,-55,1891,,65.13,67.43,False,False,True,⭐ 弱勢反彈
2023-11-27,26.8,20292736,-317,8,-209,-518,,45.75,60.2,False,False,True,⭐ 弱勢反彈
2023-11-28,27.85,26425788,5306,843,1328,7478,,48.45,56.29,False,False,True,⭐ 弱勢反彈
2023-11-29,28.45,46592150,2580,973,656,4209,,62.85,58.47,False,True,True,⭐⭐ 偏多觀察
2023-11-30,28.35,63939488,-4175,3192,-1041,-2024,,62.57,59.84,False,False,True,⭐ 弱勢反彈
2023-12-01,28.1,15076237,1140,-586,-1677,-1123,,59.05,59.57,False,False,True,⭐ 弱勢反彈
2023-12-04,28.1,14396226,1421,-459,266,1227,,56.7,58.62,False,False,True,⭐ 弱勢反彈
2023-12-05,27.45,24208185,-2552,-138,-232,-2922,,46.46,54.57,False,False,True,⭐ 弱勢反彈
2023-12-06,27.2,19290314,-4074,-157,520,-3710,,36.31,48.48,False,False,True,⭐ 弱勢反彈
2023-12-07,27.0,22411211,-2715,-613,-19,-3347,,26.87,41.28,False,False,True,⭐ 弱勢反彈
2023-12-08,27.4,16859494,2227,-1069,-37,1121,,25.4,35.98,False,False,True,⭐ 弱勢反彈
2023-12-11,27.8,21914728,7576,-102,-816,6657,,28.99,33.65,False,False,True,⭐ 弱勢反彈
2023-12-12,27.45,22577938,-4919,1083,-121,-3957,,26.42,31.24,False,False,True,⭐ 弱勢反彈
2023-12-13,27.55,14255114,2790,-268,617,3140,,29.73,30.74,False,False,False,❌ 空頭或無訊號
2023-12-14,27.55,29462091,5600,-403,-74,5123,,31.94,31.14,False,True,False,⭐ 弱勢反彈
2023-12-15,28.55,103692284,49441,-1581,1334,49195,,47.96,36.75,False,False,True,⭐ 弱勢反彈
2023-12-18,28.55,101809013,9834,-5909,1454,5378,,52.89,42.13,False,False,True,⭐ 弱勢反彈
2023-12-19,27.85,41553134,-11932,-4286,-1856,-18075,,47.02,43.76,False,False,True,⭐ 弱勢反彈
2023-12-20,27.9,25103258,-23,-4478,-653,-5154,,41.99,43.17,False,False,True,⭐ 弱勢反彈
2023-12-21,28.4,48209086,4298,-3231,1679,2746,,44.27,43.54,False,True,True,⭐⭐ 偏多觀察
2023-12-22,28.5,121352191,-11668,-3095,274,-14488,,44.55,43.87,False,False,True,⭐ 弱勢反彈
2023-12-25,28.2,22837345,-717,710,-67,-74,,40.81,42.85,False,False,True,⭐ 弱勢反彈
2023-12-26,28.95,40713511,15941,664,-507,16098,,47.61,44.44,False,True,True,⭐⭐ 偏多觀察
2023-12-27,29.75,101704108,29937,1479,1856,33271,,59.31,49.4,False,False,True,⭐ 弱勢反彈
2023-12-28,30.75,165408751,3306,10834,4836,18976,,64.54,54.44,False,False,True,⭐ 弱勢反彈
2023-12-29,30.45,104287120,-12991,240,-2438,-15189,,65.64,58.18,False,False,True,⭐ 弱勢反彈
2024-01-02,30.0,49293294,-8818,21,-1028,-9826,,62.81,59.72,False,False,True,⭐ 弱勢反彈
2024-01-03,29.35,41503724,3661,775,-3013,1423,,55.76,58.4,False,False,True,⭐ 弱勢反彈
2024-01-04,29.1,22673720,-6044,17,-1421,-7448,,45.85,54.22,False,False,True,⭐ 弱勢反彈
2024-01-05,28.85,29522776,-12946,10,1097,-11839,,36.96,48.47,False,False,False,❌ 空頭或無訊號
2024-01-08,28.55,26727773,-2184,26,-1513,-3670,,27.46,41.46,False,False,True,⭐ 弱勢反彈
2024-01-09,28.1,25679310,-8143,1827,9,-6307,,18.3,33.74,False,False,True,⭐ 弱勢反彈
2024-01-10,28.1,12674338,-3796,40,-127,-3883,,14.7,27.4,True,False,True,⭐⭐ 偏多觀察
2024-01-11,27.85,24245714,-11619,-353,-1308,-13280,,11.08,21.96,True,False,True,⭐⭐ 偏多觀察
2024-01-12,27.95,18832670,-8621,-526,791,-8356,,9.95,17.96,True,False,True,⭐⭐ 偏多觀察
2024-01-15,29.0,49024865,1680,52,2250,3983,,28.86,21.59,True,True,True,⭐⭐⭐ 黃金買點
2024-01-16,28.1,37061470,-20343,894,-2040,-21489,,26.26,23.15,False,False,True,⭐ 弱勢反彈
2024-01-17,26.85,76848281,-45949,-426,933,-45442,,18.17,21.49,False,False,False,❌ 空頭或無訊號
2024-01-18,27.5,45818769,2857,-169,1021,3708,,21.45,21.47,True,False,False,⭐ 弱勢反彈
2024-01-19,27.65,18943599,-373,175,-446,-644,,25.63,22.86,False,True,True,⭐⭐ 偏多觀察
2024-01-22,27.9,23764711,231,-3926,-520,-4215,,31.75,25.82,False,False,True,⭐ 弱勢反彈
2024-01-23,28.15,53378245,-856,-3462,2408,-1910,,39.17,30.27,False,False,True,⭐ 弱勢反彈
2024-01-24,27.9,46010573,3468,-8222,-321,-5074,,40.78,33.78,False,False,True,⭐ 弱勢反彈
2024-01-25,27.85,34607930,-7624,372,-1802,-9055,,41.19,36.25,False,False,True,⭐ 弱勢反彈
2024-01-26,28.0,36694297,-1763,-5126,1348,-5541,,46.51,39.67,False,False,True,⭐ 弱勢反彈
2024-01-29,27.9,14660480,-3583,-395,-628,-4606,,48.46,42.6,False,False,True,⭐ 弱勢反彈
2024-01-30,27.35,22508978,-7374,-72,-1289,-8735,,39.81,41.67,False,False,False,❌ 空頭或無訊號
2024-01-31,27.2,19969735,1598,-6710,40,-5072,,29.24,37.53,False,False,False,❌ 空頭或無訊號
2024-02-01,27.35,9016822,-174,-110,-10,-294,,24.9,33.32,False,False,False,❌ 空頭或無訊號
2024-02-02,27.05,12743591,-4969,-18,-43,-5030,,16.6,27.75,False,False,False,❌ 空頭或無訊號
2024-02-05,27.1,11503666,-3747,-249,-618,-4614,,14.4,23.3,True,False,False,⭐ 弱勢反彈
2024-02-15,26.35,56230557,-16215,-1723,-487,-18425,,11.68,19.43,True,False,False,⭐ 弱勢反彈
2024-02-16,27.15,32131382,8332,-743,812,8401,,21.86,20.24,True,True,False,⭐⭐ 偏多觀察
2024-02-19,27.7,29343145,6857,14,484,7356,,42.35,27.61,False,False,False,❌ 空頭或無訊號
2024-02-20,27.3,21029678,-9948,0,-576,-10525,,49.8,35.01,False,False,False,❌ 空頭或無訊號
2024-02-21,27.7,22635013,5682,-4,146,5823,,63.51,44.51,False,False,False,❌ 空頭或無訊號
2024-02-22,27.9,21101176,1832,-6,154,1980,,72.16,53.73,False,False,False,❌ 空頭或無訊號
2024-02-23,27.65,28929644,10377,-60,217,10534,,72.27,59.91,False,False,False,❌ 空頭或無訊號
2024-02-26,27.55,15506381,-1820,2015,409,604,,70.68,63.5,False,False,False,❌ 空頭或無訊號
2024-02-27,27.45,22978679,-3500,1987,-312,-1824,,67.96,64.99,False,False,False,❌ 空頭或無訊號
2024-02-29,27.95,21806148,3134,58,502,3694,,73.87,67.95,False,False,False,❌ 空頭或無訊號
2024-03-01,27.7,14134938,-1361,2028,-278,389,,65.92,67.27,False,False,False,❌ 空頭或無訊號
2024-03-04,27.75,30862852,-1255,9,105,-1141,,58.05,64.2,False,False,False,❌ 空頭或無訊號
2024-03-05,27.55,13647819,-108,-37,-196,-341,,47.67,58.69,False,False,False,❌ 空頭或無訊號
2024-03-06,27.2,15987526,-2968,-19,207,-2779,,31.78,49.72,False,False,False,❌ 空頭或無訊號
2024-03-07,27.65,74686645,9859,-8,495,10346,,31.19,43.54,False,False,False,❌ 空頭或無訊號
2024-03-08,27.6,49209189,-10582,-25,1186,-9421,,31.21,39.43,False,False,False,❌ 空頭或無訊號
2024-03-11,27.45,29514908,-3210,30,-167,-3347,,28.1,35.65,False,False,False,❌ 空頭或無訊號
2024-03-12,27.5,19075877,-1775,23,366,-1386,,27.06,32.79,False,False,False,❌ 空頭或無訊號
2024-03-13,26.8,43003077,-23594,-31,-1362,-24988,,18.04,27.87,False,False,False,❌ 空頭或無訊號
2024-03-14,26.8,14865068,-2839,-39,-295,-3173,,15.2,23.65,True,False,False,⭐ 弱勢反彈
2024-03-15,26.5,19818174,-7986,111,-194,-8069,,10.14,19.15,True,False,False,⭐ 弱勢反彈
2024-03-18,26.9,11220775,121,90,-296,-85,,15.09,17.79,True,False,False,⭐ 弱勢反彈
2024-03-19,26.6,15641007,-1035,-52,352,-736,,14.23,16.6,True,False,False,⭐ 弱勢反彈
2024-03-20,26.05,30015081,-9616,-6021,-636,-16273,,9.48,14.23,True,False,False,⭐ 弱勢反彈
2024-03-21,27.7,90405765,21454,1399,3282,26135,,33.15,20.54,True,True,False,⭐⭐ 偏多觀察
2024-03-22,27.5,61481110,-12637,0,-307,-12944,,45.12,28.73,False,False,False,❌ 空頭或無訊號
2024-03-25,27.45,24019324,-843,-13,773,-84,,52.3,36.59,False,False,False,❌ 空頭或無訊號
2024-03-26,27.1,44492252,-8094,-9,-584,-8687,,51.53,41.57,False,False,False,❌ 空頭或無訊號
2024-03-27,26.95,16942130,-2803,0,-630,-3433,,48.64,43.93,False,False,False,❌ 空頭或無訊號
2024-03-28,27.0,13348095,-2165,-6,-108,-2279,,47.51,45.12,False,False,False,❌ 空頭或無訊號
2024-03-29,27.2,15150832,3606,-2,86,3689,,49.93,46.72,False,False,False,❌ 空頭或無訊號
2024-04-01,27.45,18664871,3194,2,1,3197,,55.51,49.65,False,False,False,❌ 空頭或無訊號
2024-04-02,27.05,23176091,-7652,-14,-86,-7752,,43.18,47.49,False,False,False,❌ 空頭或無訊號
2024-04-03,26.7,16271264,-3962,-34,-296,-4292,,31.91,42.3,False,False,False,❌ 空頭或無訊號
2024-04-08,26.8,9175816,-1719,-26,-16,-1761,,26.65,37.08,False,False,False,❌ 空頭或無訊號
2024-04-09,27.0,21818063,-7408,-52,328,-7133,,27.44,33.87,False,False,False,❌ 空頭或無訊號
2024-04-10,27.55,71326940,19631,592,2590,22813,,38.5,35.41,False,True,False,⭐ 弱勢反彈
2024-04-11,27.3,30685149,-2136,-11,-1100,-3247,,40.82,37.21,False,False,False,❌ 空頭或無訊號
2024-04-12,26.9,42209786,-19888,-19,-226,-20132,,34.28,36.24,False,False,False,❌ 空頭或無訊號
2024-04-15,26.65,41148380,-20180,0,56,-20123,,29.69,34.05,False,False,False,❌ 空頭或無訊號
2024-04-16,25.5,59380965,-15234,-1,-1872,-17107,,22.09,30.07,False,False,False,❌ 空頭或無訊號
2024-04-17,26.05,24888465,768,-29,-653,85,,23.35,27.83,False,False,False,❌ 空頭或無訊號
2024-04-18,25.9,18055990,-1991,-1366,323,-3035,,22.46,26.04,False,False,False,❌ 空頭或無訊號
2024-04-19,25.4,37329485,-7289,7,-1494,-8775,,19.59,23.89,False,False,False,❌ 空頭或無訊號
2024-04-22,24.7,29753534,-11634,-2373,164,-13843,,14.43,20.74,True,False,False,⭐ 弱勢反彈
2024-04-23,24.9,26401403,-4616,0,-221,-4837,,13.45,18.31,True,False,False,⭐ 弱勢反彈
2024-04-24,25.65,18671205,8559,-1,619,9178,,22.06,19.56,True,True,False,⭐⭐ 偏多觀察
2024-04-25,25.2,20524114,-3837,0,-373,-4210,,24.13,21.08,False,False,False,❌ 空頭或無訊號
2024-04-26,25.15,33360102,-4173,6369,-42,2154,,26.34,22.83,False,False,False,❌ 空頭或無訊號
2024-04-29,26.0,23731595,9540,218,1061,10819,,49.78,31.82,False,False,False,❌ 空頭或無訊號
2024-04-30,26.0,12632599,44,0,-287,-243,,63.4,42.34,False,False,False,❌ 空頭或無訊號
2024-05-02,25.9,8616926,393,-3,50,440,,70.39,51.69,False,False,False,❌ 空頭或無訊號
2024-05-03,25.2,29638328,-14008,0,-163,-14170,,60.47,54.62,False,False,False,❌ 空頭或無訊號
2024-05-06,25.45,31261148,-5503,17,245,-5242,,58.09,55.77,False,False,False,❌ 空頭或無訊號
2024-05-07,25.25,37032399,-14279,37,-139,-14381,,44.52,52.02,False,False,False,❌ 空頭或無訊號
2024-05-08,25.35,13992169,548,-2,-371,176,,37.26,47.1,False,False,False,❌ 空頭或無訊號
2024-05-09,24.9,21186511,-6372,3,-766,-7135,,24.84,39.68,False,False,False,❌ 空頭或無訊號
2024-05-10,25.3,14604485,382,14,443,839,,28.46,35.94,False,False,False,❌ 空頭或無訊號
2024-05-13,25.45,16102931,-47,4,-335,-379,,34.45,35.45,False,False,False,❌ 空頭或無訊號
2024-05-14,25.6,12749788,-2365,-5,-169,-2539,,42.02,37.64,False,True,False,⭐ 弱勢反彈
2024-05-15,25.5,23737312,2448,-23,-209,2216,,44.68,39.98,False,False,False,❌ 空頭或無訊號
2024-05-16,25.6,20775240,6182,-184,-185,5813,,48.83,42.93,False,False,False,❌ 空頭或無訊號
2024-05-17,25.35,11894036,-3150,-241,-107,-3498,,45.65,43.84,False,False,False,❌ 空頭或無訊號
2024-05-20,25.5,8512431,3402,-8,349,3744,,50.72,46.13,False,False,False,❌ 空頭或無訊號
2024-05-21,25.45,8060868,20,-3,-100,-83,,52.66,48.31,False,False,False,❌ 空頭或無訊號
2024-05-22,25.85,21274894,1739,7,-272,1474,,65.54,54.05,False,False,False,❌ 空頭或無訊號
2024-05-23,25.7,15436048,4879,-44,-310,4525,,65.91,58.01,False,False,False,❌ 空頭或無訊號
2024-05-24,25.85,28902357,7823,-25,390,8187,,62.99,59.67,False,False,False,❌ 空頭或無訊號
2024-05-27,26.0,15888822,-312,-41,-90,-443,,65.33,61.55,False,False,False,❌ 空頭或無訊號
2024-05-28,26.45,35419215,17135,-67,526,17593,,74.22,65.78,False,False,False,❌ 空頭或無訊號
2024-05-29,26.05,16792235,-2460,-3,-425,-2888,,69.48,67.01,False,False,False,❌ 空頭或無訊號
2024-05-30,25.4,22486073,-8563,-22,-554,-9139,,48.99,61.0,False,False,False,❌ 空頭或無訊號
2024-05-31,25.0,32589209,-14799,8,-705,-15496,,32.66,51.55,False,False,False,❌ 空頭或無訊號
2024-06-03,25.2,7999273,-1590,5,-99,-1684,,26.07,43.06,False,False,False,❌ 空頭或無訊號
2024-06-04,24.1,61350921,-39391,0,-929,-40320,,18.69,34.94,False,False,False,❌ 空頭或無訊號
2024-06-05,23.9,39711154,-21717,13,-97,-21801,,12.46,27.44,True,False,False,⭐ 弱勢反彈
2024-06-06,23.9,25636604,-7539,-11,-127,-7677,,8.31,21.06,True,False,False,⭐ 弱勢反彈
2024-06-07,24.45,19975948,7864,-2,368,8229,,12.46,18.2,True,False,False,⭐ 弱勢反彈
2024-06-11,24.05,24594554,-11033,972,-389,-10451,,10.19,15.53,True,False,False,⭐ 弱勢反彈
2024-06-12,24.0,24887576,-10994,-25,354,-10665,,8.46,13.17,True,False,False,⭐ 弱勢反彈
2024-06-13,24.65,30169143,3798,-31,540,4308,,20.79,15.71,True,True,False,⭐⭐ 偏多觀察
2024-06-14,24.65,15852167,-5084,96,-446,-5434,,31.1,20.84,False,False,False,❌ 空頭或無訊號
2024-06-17,25.5,36679254,17003,4503,393,21898,,54.07,31.92,False,False,False,❌ 空頭或無訊號
2024-06-18,26.8,115729482,2738,216,7582,10536,,68.81,44.22,False,False,True,⭐ 弱勢反彈
2024-06-19,26.3,72788722,-265,312,-1904,-1857,,69.76,52.73,False,False,False,❌ 空頭或無訊號
2024-06-20,26.7,61376042,8461,285,1539,10285,,73.78,59.75,False,False,False,❌ 空頭或無訊號
2024-06-21,26.95,37822842,2906,119,-59,2967,,78.98,66.16,False,False,False,❌ 空頭或無訊號
2024-06-24,26.3,60279089,-3091,62,-1023,-4052,,75.89,69.4,False,False,False,❌ 空頭或無訊號
2024-06-25,25.95,19529108,-3013,125,-1361,-4250,,69.41,69.4,False,False,False,❌ 空頭或無訊號
2024-06-26,25.4,27211455,-7069,59,1244,-5766,,58.14,65.65,False,False,False,❌ 空頭或無訊號
2024-06-27,25.05,20309750,-1779,41,-1956,-3694,,44.82,58.7,False,False,False,❌ 空頭或無訊號
2024-06-28,25.7,23750311,5883,40,989,6913,,40.02,52.48,False,False,False,❌ 空頭或無訊號
2024-07-01,25.5,18215520,-3502,47,-1229,-4684,,33.93,46.29,False,False,False,❌ 空頭或無訊號
2024-07-02,25.4,20532919,-8130,45,-2225,-10310,,28.42,40.34,False,False,False,❌ 空頭或無訊號
2024-07-03,26.3,53377945,8567,17,1425,10010,,38.64,39.77,False,False,False,❌ 空頭或無訊號
2024-07-04,26.3,26264190,1555,0,-806,749,,47.98,42.51,False,True,False,⭐ 弱勢反彈
2024-07-05,25.95,21430113,3554,10,-84,3480,,50.62,45.21,False,False,False,❌ 空頭或無訊號
2024-07-08,25.95,37759932,7282,26,-151,7158,,52.37,47.6,False,False,False,❌ 空頭或無訊號
2024-07-09,25.55,29748333,-5626,-13,-574,-6214,,45.7,46.96,False,False,False,❌ 空頭或無訊號
2024-07-10,25.4,16841553,-4972,182,-638,-5428,,37.54,43.82,False,False,False,❌ 空頭或無訊號
2024-07-11,25.8,20056526,3949,5,-27,3927,,39.0,42.22,False,False,True,⭐ 弱勢反彈
2024-07-12,25.8,21244054,7041,33,97,7171,,39.98,41.47,False,False,False,❌ 空頭或無訊號
2024-07-15,25.35,22139177,-8685,-137,-466,-9288,,30.95,37.97,False,False,False,❌ 空頭或無訊號
2024-07-16,25.35,14714777,4280,-2402,-79,1799,,24.94,33.62,False,False,False,❌ 空頭或無訊號
2024-07-17,25.25,20872999,-3322,-1092,-1439,-5853,,19.4,28.88,False,False,False,❌ 空頭或無訊號
2024-07-18,25.25,26976706,-6415,4683,-535,-2267,,24.76,27.51,True,False,False,⭐ 弱勢反彈
2024-07-19,24.4,33686007,-19566,28,-400,-19938,,17.46,24.16,False,False,False,❌ 空頭或無訊號
2024-07-22,23.85,33913528,-8481,438,219,-7824,,15.56,21.29,True,False,False,⭐ 弱勢反彈
2024-07-23,23.9,21197799,2372,-30,83,2426,,14.95,19.18,True,False,False,⭐ 弱勢反彈
2024-07-26,23.45,26962518,-11146,894,-655,-10907,,12.84,17.07,True,False,False,⭐ 弱勢反彈
2024-07-29,23.2,16224575,-4043,38,-139,-4144,,8.56,14.23,True,False,False,⭐ 弱勢反彈
2024-07-30,22.7,49792633,-14095,44,4,-14047,,11.26,13.24,True,False,False,⭐ 弱勢反彈
2024-07-31,23.15,34345948,-1819,-125,310,-1634,,17.51,14.66,True,True,False,⭐⭐ 偏多觀察
2024-08-01,23.3,26338604,-2381,55,253,-2073,,23.98,17.77,True,False,False,⭐ 弱勢反彈
2024-08-02,23.2,54141463,-4859,106,-587,-5340,,27.81,21.12,False,False,False,❌ 空頭或無訊號
2024-08-05,22.0,57982952,382,180,-2339,-1777,,24.99,22.41,False,False,False,❌ 空頭或無訊號
2024-08-06,23.1,53418750,15602,42,526,16170,,35.55,26.79,False,False,False,❌ 空頭或無訊號
2024-08-07,23.55,30205099,7996,90,-154,7932,,50.24,34.61,False,False,False,❌ 空頭或無訊號
2024-08-08,22.65,26024938,-6487,0,-42,-6529,,48.93,39.38,False,False,False,❌ 空頭或無訊號
2024-08-09,22.9,31165390,8981,0,-575,8406,,51.14,43.3,False,False,False,❌ 空頭或無訊號
2024-08-12,23.35,26234565,5453,10,303,5766,,58.17,48.26,False,False,False,❌ 空頭或無訊號
2024-08-13,23.6,12979297,880,1,-135,746,,65.94,54.15,False,False,False,❌ 空頭或無訊號
2024-08-14,24.2,26202678,12073,4,690,12767,,75.6,61.3,False,False,False,❌ 空頭或無訊號
2024-08-15,23.8,15401519,-960,-209,-1156,-2325,,77.06,66.55,False,False,False,❌ 空頭或無訊號
2024-08-16,23.95,17683112,2265,-252,-311,1702,,78.46,70.52,False,False,False,❌ 空頭或無訊號
2024-08-19,24.0,22395225,-4126,-317,-111,-4553,,78.02,73.02,False,False,False,❌ 空頭或無訊號
2024-08-20,23.75,39962265,6336,24,-443,5916,,72.97,73.0,False,False,False,❌ 空頭或無訊號
2024-08-21,23.35,24669010,-5394,-32,-2443,-7869,,58.64,68.22,False,False,False,❌ 空頭或無訊號
2024-08-22,23.75,15313895,8943,-3,-1181,7759,,55.76,64.07,False,False,False,❌ 空頭或無訊號
2024-08-23,23.4,17649804,-3374,152,-2687,-5909,,42.73,56.95,False,False,False,❌ 空頭或無訊號
2024-08-26,23.55,23093425,5959,-42,-1490,4427,,38.21,50.71,False,False,False,❌ 空頭或無訊號
2024-08-27,23.4,13621633,-5785,-3,-565,-6353,,31.03,44.15,False,False,False,❌ 空頭或無訊號
2024-08-28,23.45,11412946,-286,8,-562,-840,,27.93,38.74,False,False,False,❌ 空頭或無訊號
2024-08-29,23.55,11788654,682,0,-400,282,,31.95,36.48,False,False,False,❌ 空頭或無訊號
2024-08-30,24.05,42990730,10683,-16,-147,10521,,47.39,40.12,False,True,False,⭐ 弱勢反彈
2024-09-02,23.7,15471358,-6614,0,-1170,-7784,,47.54,42.59,False,False,False,❌ 空頭或無訊號
2024-09-03,23.2,13601074,-7479,18,-362,-7822,,33.14,39.44,False,False,False,❌ 空頭或無訊號
2024-09-04,22.1,39559631,-12644,11,-1342,-13975,,28.27,35.71,False,False,False,❌ 空頭或無訊號
2024-09-05,21.4,34563421,-16123,-6,-630,-16759,,18.84,30.09,False,False,False,❌ 空頭或無訊號
2024-09-06,21.4,20427442,-5985,26,-214,-6173,,14.2,24.79,True,False,False,⭐ 弱勢反彈
2024-09-09,21.2,17149726,-2356,0,-108,-2464,,13.28,20.96,True,False,False,⭐ 弱勢反彈
2024-09-10,20.45,23832601,-8646,416,-362,-8592,,8.85,16.92,True,False,False,⭐ 弱勢反彈
2024-09-11,20.8,11163834,-242,26,14,-202,,8.93,14.26,True,False,False,⭐ 弱勢反彈
2024-09-12,21.05,8974299,-1416,5,550,-861,,11.29,13.27,True,False,False,⭐ 弱勢反彈
2024-09-13,21.05,7046078,-1204,0,-123,-1326,,13.59,13.37,True,True,False,⭐⭐ 偏多觀察
2024-09-16,21.05,17856921,-4077,23,-84,-4137,,19.58,15.44,True,False,False,⭐ 弱勢反彈
2024-09-18,20.4,22833233,-12997,105,-195,-13087,,13.06,14.65,True,False,False,⭐ 弱勢反彈
2024-09-19,20.4,26813220,-7713,62,2,-7649,,15.16,14.82,True,True,False,⭐⭐ 偏多觀察
2024-09-20,20.45,42691297,-4797,946,668,-3183,,19.44,16.36,True,False,False,⭐ 弱勢反彈
2024-09-23,20.65,15277143,-3053,24,-1198,-4227,,27.62,20.11,True,False,False,⭐ 弱勢反彈
2024-09-24,20.4,28032310,-6517,2,-242,-6757,,26.75,22.33,False,False,False,❌ 空頭或無訊號
2024-09-25,20.75,29449596,4685,-7,522,5200,,35.89,26.85,False,False,False,❌ 空頭或無訊號
2024-09-26,20.9,48246898,-10839,-173,323,-10689,,40.09,31.26,False,False,False,❌ 空頭或無訊號
2024-09-27,21.45,36237098,10891,7,-102,10796,,54.0,38.84,False,False,False,❌ 空頭或無訊號
2024-09-30,21.35,31467127,-1738,-5,-390,-2132,,61.25,46.31,False,False,False,❌ 空頭或無訊號
2024-10-01,21.0,20264517,-4874,-76,-620,-5570,,59.02,50.55,False,False,False,❌ 空頭或無訊號
2024-10-04,20.85,18097053,-1101,-1,-515,-1617,,54.5,51.86,False,False,False,❌ 空頭或無訊號
2024-10-07,20.7,14652859,-3374,-75,-136,-3585,,48.45,50.73,False,False,False,❌ 空頭或無訊號
2024-10-08,20.35,19308868,-7313,-118,-112,-7544,,37.35,46.27,False,False,False,❌ 空頭或無訊號
2024-10-09,20.25,15487211,-8100,-76,-146,-8322,,24.9,39.15,False,False,False,❌ 空頭或無訊號
2024-10-11,20.05,23298189,-8079,-4,32,-8051,,16.6,31.63,False,False,False,❌ 空頭或無訊號
2024-10-14,20.1,14643005,-4254,12,62,-4180,,12.97,25.41,True,False,False,⭐ 弱勢反彈
2024-10-15,20.35,16267249,3120,-12,73,3181,,15.31,22.05,True,False,False,⭐ 弱勢反彈
2024-10-16,20.0,21547430,-10496,-27,765,-9758,,11.32,18.47,True,False,False,⭐ 弱勢反彈
2024-10-17,20.25,18284388,-220,-175,405,10,,15.24,17.39,True,False,False,⭐ 弱勢反彈
2024-10-18,20.1,15031649,-2345,-2440,108,-4677,,14.92,16.57,True,False,False,⭐ 弱勢反彈
2024-10-21,20.25,21090197,-229,2066,-358,1478,,21.71,18.28,True,True,False,⭐⭐ 偏多觀察
2024-10-22,20.2,18903181,-6102,-76,-68,-6246,,26.38,20.98,False,False,False,❌ 空頭或無訊號
2024-10-23,20.2,13777424,630,-11,-509,111,,32.74,24.9,False,False,False,❌ 空頭或無訊號
2024-10-24,19.95,21649671,-9152,-32,-190,-9374,,24.6,24.8,False,False,False,❌ 空頭或無訊號
2024-10-25,19.8,30323157,-4174,-5918,-127,-10219,,23.81,24.47,False,False,False,❌ 空頭或無訊號
2024-10-28,19.75,17759014,5801,-1001,384,5184,,24.21,24.38,False,False,False,❌ 空頭或無訊號
2024-10-29,19.2,21531070,-1385,-3458,-517,-5359,,16.14,21.63,False,False,False,❌ 空頭或無訊號
2024-10-30,19.25,17989671,5623,-16,88,5695,,15.52,19.6,True,False,False,⭐ 弱勢反彈
2024-11-01,19.35,23906503,1910,0,-496,1413,,21.46,20.22,True,True,False,⭐⭐ 偏多觀察
2024-11-04,19.2,14356133,1530,-6,-44,1480,,22.39,20.94,False,False,False,❌ 空頭或無訊號
2024-11-05,19.0,21436015,-916,0,-28,-944,,18.96,20.28,False,False,False,❌ 空頭或無訊號
2024-11-06,18.9,23060512,-4174,31,-80,-4223,,15.11,18.56,True,False,False,⭐ 弱勢反彈
2024-11-07,19.8,43093064,13102,-7,368,13464,,36.74,24.62,True,True,False,⭐⭐ 偏多觀察
2024-11-08,19.5,28514082,3063,-9,-380,2674,,43.16,30.8,False,False,False,❌ 空頭或無訊號
2024-11-11,19.2,21350299,4603,0,-32,4571,,39.44,33.68,False,False,False,❌ 空頭或無訊號
2024-11-12,18.7,27810051,-3934,7,-236,-4162,,26.29,31.22,False,False,False,❌ 空頭或無訊號
2024-11-13,18.35,24679537,-2064,-17,-299,-2380,,18.48,26.97,False,False,False,❌ 空頭或無訊號
2024-11-14,17.7,28467962,-3927,-2510,-169,-6606,,12.32,22.09,True,False,False,⭐ 弱勢反彈
2024-11-15,18.0,30810137,14623,0,327,14950,,12.47,18.88,True,False,False,⭐ 弱勢反彈
2024-11-18,17.8,28736986,7018,-160,92,6950,,9.73,15.83,True,False,False,⭐ 弱勢反彈
2024-11-19,18.0,20249114,2001,-241,264,2024,,10.74,14.14,True,False,False,⭐ 弱勢反彈
2024-11-20,17.8,24850865,4852,-527,50,4375,,8.58,12.28,True,False,False,⭐ 弱勢反彈
2024-11-21,17.8,31627381,-2688,-47,-456,-3191,,10.98,11.85,True,False,False,⭐ 弱勢反彈
2024-11-22,18.05,18363361,3834,0,-17,3817,,18.78,14.16,True,True,False,⭐⭐ 偏多觀察
2024-11-25,17.6,312132640,-13179,-61,-153,-13393,,15.19,14.5,True,False,False,⭐ 弱勢反彈
2024-11-26,17.45,31222537,-16301,-9,28,-16282,,10.12,13.04,True,False,False,⭐ 弱勢反彈
2024-11-27,16.6,48650408,-7939,1226,-235,-6948,,6.75,10.95,True,False,False,⭐ 弱勢反彈
2024-11-28,16.05,49759782,7556,10,-90,7476,,4.5,8.8,True,False,False,⭐ 弱勢反彈
2024-11-29,16.05,24366264,-1686,-14,-56,-1756,,5.13,7.57,True,False,False,⭐ 弱勢反彈
2024-12-02,15.85,26838570,-3642,-1,31,-3612,,3.42,6.19,True,False,False,⭐ 弱勢反彈
2024-12-03,15.9,21683288,242,0,762,1004,,3.0,5.13,True,False,False,⭐ 弱勢反彈
2024-12-04,16.0,19310500,-4750,-1,47,-4704,,4.18,4.81,True,False,False,⭐ 弱勢反彈
2024-12-05,15.85,19176579,-5851,-272,-223,-6347,,2.78,4.13,True,False,False,⭐ 弱勢反彈
2024-12-06,16.15,38952455,1501,-13,1598,3087,,8.21,5.49,True,True,False,⭐⭐ 偏多觀察
2024-12-09,15.9,20267255,-6063,-9,-436,-6508,,8.33,6.44,True,False,False,⭐ 弱勢反彈
2024-12-10,15.8,19934571,-374,-111,-2,-487,,7.51,6.8,True,False,False,⭐ 弱勢反彈
2024-12-11,15.25,42931970,-12824,-70,-514,-13408,,6.34,6.64,True,False,False,⭐ 弱勢反彈
2024-12-12,15.1,30754603,-1209,-35,220,-1025,,4.23,5.84,True,False,False,⭐ 弱勢反彈
2024-12-13,15.0,27050800,4645,-1613,-400,2632,,6.86,6.18,True,True,False,⭐⭐ 偏多觀察
2024-12-16,14.45,37018131,1709,-3224,522,-994,,5.39,5.91,True,False,False,⭐ 弱勢反彈
2024-12-17,14.9,41605290,4558,168,282,5008,,11.72,7.85,True,True,False,⭐⭐ 偏多觀察
2024-12-18,15.6,50801156,2681,-38,1815,4458,,27.33,14.34,True,False,False,⭐ 弱勢反彈
2024-12-19,15.7,40089775,-3350,-18,-951,-4319,,41.64,23.44,False,False,False,❌ 空頭或無訊號
2024-12-20,15.0,31371865,-13296,1823,-923,-12396,,38.87,28.58,False,False,False,❌ 空頭或無訊號
2024-12-23,15.2,18653400,112,-17,563,658,,43.69,33.62,False,False,False,❌ 空頭或無訊號
2024-12-24,15.6,37017764,5522,-79,578,6020,,54.13,40.46,False,False,False,❌ 空頭或無訊號
2024-12-25,15.6,12583542,-2501,-24,-495,-3019,,61.09,47.33,False,False,False,❌ 空頭或無訊號
2024-12-26,15.45,9089144,-2824,-8,106,-2727,,62.6,52.42,False,False,False,❌ 空頭或無訊號
2024-12-27,15.25,10305531,898,-94,12,816,,55.07,53.3,False,False,False,❌ 空頭或無訊號
2024-12-30,15.0,7541437,-2153,-17,-68,-2238,,36.71,47.77,False,False,False,❌ 空頭或無訊號
2024-12-31,14.8,11531195,-3444,-182,-43,-3669,,28.18,41.24,False,False,False,❌ 空頭或無訊號
2025-01-02,14.5,13306570,-3221,-54,-177,-3453,,18.78,33.76,False,False,False,❌ 空頭或無訊號
2025-01-03,14.4,13874556,-3943,0,90,-3854,,12.52,26.68,True,False,False,⭐ 弱勢反彈
2025-01-06,14.8,17197624,3615,16,850,4481,,16.68,23.35,True,False,False,⭐ 弱勢反彈
2025-01-07,14.65,29967650,-4534,-8,-431,-4973,,17.07,21.26,True,False,False,⭐ 弱勢反彈
2025-01-08,14.5,13039614,-2372,-92,-181,-2646,,13.85,18.79,True,False,False,⭐ 弱勢反彈
2025-01-09,13.7,29387188,-9626,-2,-545,-10172,,9.23,15.6,True,False,False,⭐ 弱勢反彈
2025-01-10,13.8,19544519,3583,-107,-62,3414,,7.96,13.05,True,False,False,⭐ 弱勢反彈
2025-01-13,13.35,26912495,3211,7,-499,2719,,7.43,11.18,True,False,False,⭐ 弱勢反彈
2025-01-14,13.55,16707467,690,24,-2,712,,9.92,10.76,True,False,False,⭐ 弱勢反彈
2025-01-15,13.65,24724036,-6904,12,1104,-5787,,13.0,11.51,True,True,False,⭐⭐ 偏多觀察
2025-01-16,14.0,39053784,-1965,20,483,-1461,,20.01,14.34,True,False,False,⭐ 弱勢反彈
2025-01-17,14.05,17721969,681,-36,258,903,,25.4,18.03,False,False,False,❌ 空頭或無訊號
2025-01-20,14.1,17943530,-5016,-4,-278,-5297,,36.29,24.11,False,False,False,❌ 空頭或無訊號
2025-01-21,14.15,12979948,998,29,-292,736,,47.65,31.96,False,False,False,❌ 空頭或無訊號
2025-01-22,14.35,16678956,1354,-25,-46,1283,,63.71,42.54,False,False,False,❌ 空頭或無訊號
2025-02-03,14.3,36910553,-2731,-174,-687,-3592,,68.66,51.25,False,False,False,❌ 空頭或無訊號
2025-02-04,14.05,21229080,-3200,-10,94,-3116,,65.01,55.84,False,False,False,❌ 空頭或無訊號
2025-02-05,14.2,24652618,-137,0,468,330,,66.41,59.36,False,False,False,❌ 空頭或無訊號
2025-02-06,14.5,19749707,5934,-16,277,6196,,73.69,64.14,False,False,False,❌ 空頭或無訊號
2025-02-07,14.35,10070904,-3231,-4,-84,-3318,,71.35,66.54,False,False,False,❌ 空頭或無訊號
2025-02-10,14.25,12608336,1008,-13,-57,938,,64.23,65.77,False,False,False,❌ 空頭或無訊號
2025-02-11,14.25,11378247,-321,85,-205,-441,,59.49,63.68,False,False,False,❌ 空頭或無訊號
2025-02-12,14.55,18169797,6148,7,527,6681,,66.74,64.7,False,True,False,⭐ 弱勢反彈
2025-02-13,16.0,48179865,5013,-50,408,5371,,77.83,69.07,False,False,False,❌ 空頭或無訊號
2025-02-14,17.15,244449142,-17501,203,3232,-14065,,81.98,73.38,False,False,False,❌ 空頭或無訊號
2025-02-17,18.55,230697903,-8122,-9,7100,-1031,,86.91,77.89,False,False,True,⭐ 弱勢反彈
2025-02-18,18.75,236343661,-19206,-466,4039,-15633,,87.5,81.09,False,False,True,⭐ 弱勢反彈
2025-02-19,19.2,248588557,-30624,-454,-1354,-32431,,88.99,83.72,False,False,True,⭐ 弱勢反彈
2025-02-20,18.95,257895659,-6811,-481,1420,-5872,,88.49,85.31,False,False,True,⭐ 弱勢反彈
2025-02-21,18.85,198981888,3969,-1,-1681,2287,,87.39,86.01,False,False,True,⭐ 弱勢反彈
2025-02-24,18.85,79710839,1271,-6,-1731,-466,,86.65,86.22,False,False,True,⭐ 弱勢反彈
2025-02-25,19.1,159098519,-3922,-1,2842,-1082,,87.58,86.67,False,False,True,⭐ 弱勢反彈
2025-02-26,18.6,113971129,-11443,-1,-2085,-13529,,83.18,85.51,False,False,True,⭐ 弱勢反彈
2025-02-27,18.7,88172776,13765,1067,-2301,12531,,77.48,82.83,False,False,True,⭐ 弱勢反彈
2025-03-03,18.7,83024136,5905,24,1098,7027,,68.75,78.14,False,False,True,⭐ 弱勢反彈
2025-03-04,18.55,65027097,-6832,24,-1983,-8791,,60.36,72.21,False,False,True,⭐ 弱勢反彈
2025-03-05,18.8,54459398,-669,-18,236,-451,,59.04,67.82,False,False,True,⭐ 弱勢反彈
2025-03-06,18.15,49687269,-11556,12,-1263,-12807,,41.45,59.03,False,False,True,⭐ 弱勢反彈
2025-03-07,18.25,67951855,-7302,12,1166,-6124,,31.8,49.95,False,False,True,⭐ 弱勢反彈
2025-03-10,19.0,189602867,9487,235,-366,9356,,40.99,46.97,False,False,True,⭐ 弱勢反彈
2025-03-11,19.1,110052956,5782,37,-230,5588,,49.2,47.71,False,True,True,⭐⭐ 偏多觀察
2025-03-12,21.0,269346439,42615,284,6465,49365,,66.13,53.85,False,False,True,⭐ 弱勢反彈
2025-03-13,20.7,397786178,-2454,4177,-3513,-1790,,65.9,57.87,False,False,True,⭐ 弱勢反彈
2025-03-14,20.95,174956425,-11093,287,-327,-11133,,67.8,61.18,False,False,True,⭐ 弱勢反彈
2025-03-17,20.45,154185527,-18594,-71,-628,-19292,,64.95,62.44,False,False,True,⭐ 弱勢反彈
2025-03-18,20.35,92009193,1072,90,-275,886,,62.23,62.37,False,False,True,⭐ 弱勢反彈
2025-03-19,20.5,124984770,-10752,154,1866,-8732,,61.65,62.13,False,False,True,⭐ 弱勢反彈
2025-03-20,21.1,125389286,7102,936,-154,7884,,65.55,63.27,False,True,True,⭐⭐ 偏多觀察
2025-03-21,21.05,138217530,1368,-690,1363,2040,,67.7,64.75,False,False,True,⭐ 弱勢反彈
2025-03-24,19.95,103485841,-18687,13,-5395,-24068,,56.75,62.08,False,False,True,⭐ 弱勢反彈
2025-03-25,19.35,71785562,4631,636,-457,4810,,39.56,54.57,False,False,True,⭐ 弱勢反彈
2025-03-26,19.45,55571215,-1548,0,653,-895,,29.84,46.33,False,False,True,⭐ 弱勢反彈
2025-03-27,19.25,47714729,6068,12,162,6242,,21.9,38.18,False,False,True,⭐ 弱勢反彈
2025-03-28,18.7,58260040,12436,10,-3600,8846,,16.75,31.04,False,False,True,⭐ 弱勢反彈
2025-03-31,17.55,74509246,15147,24,-1832,13339,,12.73,24.94,True,False,True,⭐⭐ 偏多觀察
2025-04-01,18.1,50379839,-7387,390,351,-6645,,14.37,21.42,True,False,True,⭐⭐ 偏多觀察
2025-04-02,18.7,53016793,6141,295,1944,8379,,20.17,21.0,True,False,True,⭐⭐ 偏多觀察
2025-04-07,16.85,4724750,1004,0,-235,769,,13.45,18.48,False,False,False,❌ 空頭或無訊號
2025-04-08,15.2,87274331,-4378,-53,-885,-5315,,8.96,15.31,True,False,False,⭐ 弱勢反彈
2025-04-09,13.7,89217079,-13399,-2871,-1728,-17998,,5.98,12.2,True,False,False,⭐ 弱勢反彈
2025-04-10,15.05,34689275,-16539,331,-169,-16377,,11.3,11.9,True,False,False,⭐ 弱勢反彈
2025-04-11,15.3,106332724,16707,-1968,-148,14591,,17.3,13.7,True,True,False,⭐⭐ 偏多觀察
2025-04-14,15.9,82043219,6244,-26,40,6258,,26.14,17.85,True,False,False,⭐ 弱勢反彈
2025-04-15,16.3,42259159,5593,0,-362,5231,,34.57,23.42,False,False,False,❌ 空頭或無訊號
2025-04-16,15.55,51900815,-7549,-13,-851,-8412,,35.43,27.42,False,False,False,❌ 空頭或無訊號
2025-04-17,15.4,40747467,-3969,-307,-149,-4425,,42.08,32.31,False,False,False,❌ 空頭或無訊號
2025-04-18,15.9,103498411,-13613,-45,1022,-12636,,54.49,39.7,False,False,False,❌ 空頭或無訊號
2025-04-21,15.35,125178716,-6428,62,-715,-7081,,56.44,45.28,False,False,False,❌ 空頭或無訊號
2025-04-22,15.4,130117621,5003,383,1066,6451,,58.32,49.63,False,False,False,❌ 空頭或無訊號
2025-04-23,15.6,76889430,-1400,6,-810,-2204,,61.87,53.71,False,False,False,❌ 空頭或無訊號
2025-04-24,15.4,48819766,-4449,19,-1001,-5431,,46.37,51.26,False,False,False,❌ 空頭或無訊號
2025-04-25,15.8,49605719,16256,4,1057,17317,,46.3,49.61,False,False,False,❌ 空頭或無訊號
2025-04-28,15.7,30098324,-4131,18,-459,-4572,,44.76,47.99,False,False,False,❌ 空頭或無訊號
2025-04-29,15.95,33876612,11864,-185,817,12496,,50.67,48.88,False,True,False,⭐ 弱勢反彈
2025-04-30,15.75,45950742,2351,0,-1545,805,,48.27,48.68,False,False,False,❌ 空頭或無訊號
2025-05-02,15.95,33786124,6015,0,-119,5897,,55.52,50.96,False,True,False,⭐ 弱勢反彈
2025-05-05,15.45,39294355,-2266,-1572,-1394,-5232,,43.68,48.53,False,False,False,❌ 空頭或無訊號
2025-05-06,15.7,24682554,7026,36,-941,6121,,44.12,47.06,False,False,False,❌ 空頭或無訊號
2025-05-07,15.55,17189397,1784,3,-633,1155,,39.41,44.51,False,False,False,❌ 空頭或無訊號
2025-05-08,15.6,44805514,-6814,-13,-2,-6829,,37.94,42.32,False,False,False,❌ 空頭或無訊號
2025-05-09,15.55,18271060,-1889,0,240,-1649,,35.29,39.98,False,False,False,❌ 空頭或無訊號
2025-05-12,16.55,76003127,25216,0,3456,28672,,54.48,44.81,False,True,False,⭐ 弱勢反彈
2025-05-13,17.9,206408288,-13833,0,7825,-6008,,66.26,51.96,False,False,True,⭐ 弱勢反彈
2025-05-14,18.15,151885981,-2197,-5,-139,-2341,,75.36,59.76,False,False,True,⭐ 弱勢反彈
2025-05-15,18.1,134611568,12830,-18,-4126,8686,,76.27,65.26,False,False,True,⭐ 弱勢反彈
2025-05-16,17.95,49038144,-2680,-18,-2060,-4757,,75.5,68.68,False,False,False,❌ 空頭或無訊號
2025-05-19,17.75,38023884,736,1550,-1734,552,,72.72,70.02,False,False,False,❌ 空頭或無訊號
2025-05-20,18.55,120117574,3082,1596,4514,9192,,78.48,72.84,False,False,False,❌ 空頭或無訊號
2025-05-21,18.15,76924224,-13493,1431,-3486,-15549,,78.51,74.73,False,False,False,❌ 空頭或無訊號
2025-05-22,17.85,49671190,-6362,102,-1491,-7751,,74.56,74.67,False,False,False,❌ 空頭或無訊號
2025-05-23,17.75,25656051,-2777,-16,-921,-3714,,64.79,71.38,False,False,False,❌ 空頭或無訊號
2025-05-26,17.45,35231583,3723,-12,-1764,1947,,46.32,63.02,False,False,False,❌ 空頭或無訊號
2025-05-27,17.35,26947034,2707,-1152,-888,667,,33.82,53.29,False,False,False,❌ 空頭或無訊號
2025-05-28,17.4,48953278,-3629,-5,-335,-3969,,26.71,44.43,False,False,False,❌ 空頭或無訊號
2025-05-29,17.7,48955342,22,0,1359,1382,,28.22,39.03,False,False,False,❌ 空頭或無訊號
2025-06-02,16.9,36253384,-7345,-307,-2598,-10250,,19.67,32.58,False,False,False,❌ 空頭或無訊號
2025-06-03,16.7,26626284,122,0,85,207,,13.11,26.09,True,False,False,⭐ 弱勢反彈
2025-06-04,17.65,69082667,11532,0,2991,14523,,30.58,27.59,True,True,False,⭐⭐ 偏多觀察
2025-06-05,18.1,106061105,14959,60,927,15946,,44.95,33.37,False,False,False,❌ 空頭或無訊號
2025-06-06,18.35,52663870,12093,0,1389,13482,,58.91,41.89,False,False,False,❌ 空頭或無訊號
2025-06-09,18.4,66163437,3706,0,-1880,1826,,66.26,50.01,False,False,False,❌ 空頭或無訊號
2025-06-10,18.8,99914095,26319,3,5145,31467,,71.1,57.04,False,False,False,❌ 空頭或無訊號
2025-06-11,18.8,61674853,6521,0,-4506,2016,,74.32,62.8,False,False,False,❌ 空頭或無訊號
2025-06-12,18.8,28613369,6415,-30,-778,5608,,76.47,67.36,False,False,False,❌ 空頭或無訊號
2025-06-13,18.45,41139315,-5395,-14,-511,-5921,,73.42,69.38,False,False,False,❌ 空頭或無訊號
2025-06-16,18.4,45754464,-4706,-10,-1021,-5736,,69.51,69.42,False,False,False,❌ 空頭或無訊號
2025-06-17,18.75,56800723,17825,-1288,-62,16476,,68.22,69.02,False,False,False,❌ 空頭或無訊號
2025-06-18,19.65,194706566,-6001,741,5554,294,,75.21,71.08,False,True,False,⭐ 弱勢反彈
2025-06-19,19.6,152054342,948,1735,-3137,-454,,72.62,71.59,False,False,False,❌ 空頭或無訊號
2025-06-20,18.95,83338972,470,3362,-2483,1349,,60.82,68.0,False,False,False,❌ 空頭或無訊號
2025-06-23,19.6,81776761,23170,159,1651,24980,,63.02,66.34,False,False,True,⭐ 弱勢反彈
2025-06-24,20.05,243057485,26445,2561,649,29654,,62.45,65.04,False,False,True,⭐ 弱勢反彈
2025-06-25,20.25,147333284,2539,-12,-1120,1407,,64.21,64.77,False,False,True,⭐ 弱勢反彈
2025-06-26,20.85,216038224,41375,1771,1106,44252,,69.67,66.4,False,True,True,⭐⭐ 偏多觀察
2025-06-27,21.15,169640197,-8074,1193,-2737,-9618,,74.05,68.95,False,False,True,⭐ 弱勢反彈
2025-06-30,20.15,104406100,-11102,103,-2101,-13100,,66.56,68.15,False,False,True,⭐ 弱勢反彈
2025-07-01,19.85,76615219,239,788,-718,309,,58.43,64.91,False,False,True,⭐ 弱勢反彈
2025-07-02,19.55,68749472,-14596,0,143,-14454,,49.89,59.91,False,False,True,⭐ 弱勢反彈
2025-07-03,19.75,32903370,3773,-425,176,3524,,46.28,55.37,False,False,True,⭐ 弱勢反彈
2025-07-04,19.15,56810889,-7226,1903,-1847,-7170,,33.28,48.0,False,False,True,⭐ 弱勢反彈
2025-07-07,19.1,29315240,7538,-35,476,7980,,25.11,40.37,False,False,True,⭐ 弱勢反彈
2025-07-08,18.9,41871220,-2262,-3,304,-1961,,17.89,32.88,False,False,True,⭐ 弱勢反彈
2025-07-09,18.95,19011959,-1739,13,-45,-1771,,13.65,26.47,True,False,True,⭐⭐ 偏多觀察
2025-07-10,18.5,28479063,-554,-11,-750,-1315,,10.25,21.06,True,False,True,⭐⭐ 偏多觀察
2025-07-11,18.45,41944222,7013,-545,-573,5895,,12.96,18.36,True,False,True,⭐⭐ 偏多觀察
2025-07-14,18.25,23622207,-2517,-892,148,-3261,,12.61,16.44,True,False,True,⭐⭐ 偏多觀察
2025-07-15,17.9,43454344,-1770,-808,51,-2527,,11.43,14.77,True,False,False,⭐ 弱勢反彈
2025-07-16,17.65,37378601,-7879,-976,1160,-7694,,8.35,12.63,True,False,False,⭐ 弱勢反彈
2025-07-17,17.9,39526107,-6184,45,979,-5160,,12.23,12.5,True,False,False,⭐ 弱勢反彈
2025-07-18,17.65,22013689,-9347,-76,-455,-9878,,10.06,11.68,True,False,False,⭐ 弱勢反彈
2025-07-21,17.4,24053411,-8468,0,347,-8121,,6.71,10.03,True,False,False,⭐ 弱勢反彈
2025-07-22,17.15,24786033,-1055,-40,73,-1023,,4.47,8.17,True,False,False,⭐ 弱勢反彈
2025-07-23,17.6,28303309,-3099,-19,956,-2162,,13.33,9.89,True,True,False,⭐⭐ 偏多觀察
2025-07-24,17.35,31091690,-5613,-15,-805,-6432,1.8,13.65,11.14,True,False,False,⭐ 弱勢反彈
2025-07-25,17.45,13129389,-238,-63,-13,-313,-0.42,17.1,13.13,True,False,False,⭐ 弱勢反彈
2025-07-28,17.5,17696014,-997,-1515,298,-2214,0.26,23.06,16.44,True,False,False,⭐ 弱勢反彈
2025-07-29,17.4,37870147,-10534,-50,161,-10424,0.81,24.15,19.01,False,False,False,❌ 空頭或無訊號
2025-07-30,17.85,29781548,4356,-1,2061,6415,-0.52,42.02,26.68,False,False,False,❌ 空頭或無訊號
2025-07-31,17.35,25462564,-8685,-36,-988,-9709,0.55,35.86,29.74,False,False,False,❌ 空頭或無訊號
2025-08-01,17.6,29365200,-230,-60,1148,858,-0.16,45.65,35.04,False,False,False,❌ 空頭或無訊號
2025-08-04,17.35,24658786,-7919,0,-954,-8874,1.28,44.92,38.34,False,False,False,❌ 空頭或無訊號
2025-08-05,17.6,23155920,2815,3,251,3068,-0.38,51.69,42.79,False,False,False,❌ 空頭或無訊號
2025-08-06,17.05,46773462,-26625,20,-235,-26840,2.6,40.26,41.94,False,False,False,❌ 空頭或無訊號
2025-08-07,16.5,46331780,-15588,-2,-65,-15655,-0.35,26.84,36.91,False,False,False,❌ 空頭或無訊號
2025-08-08,17.45,103047565,6942,-13,1960,8890,0.76,38.32,37.38,False,True,False,⭐ 弱勢反彈
2025-08-11,17.4,30565323,-6221,-27,-45,-6293,-0.06,44.9,39.89,False,False,False,❌ 空頭或無訊號
2025-08-12,18.45,104374238,7353,-17,2290,9626,2.12,60.89,46.89,False,False,True,⭐ 弱勢反彈
2025-08-13,18.1,62899063,-2005,220,-1755,-3541,-5.8,63.29,52.35,False,False,False,❌ 空頭或無訊號
2025-08-14,18.0,34601779,-11293,-40,297,-11036,1.49,63.47,56.06,False,False,False,❌ 空頭或無訊號
2025-08-15,18.4,39510470,1172,-12,1865,3025,-0.11,69.26,60.46,False,False,True,⭐ 弱勢反彈
2025-08-18,19.1,107922757,3247,-357,4576,7466,5.92,76.58,65.83,False,False,True,⭐ 弱勢反彈
2025-08-19,18.6,49210243,-3838,-350,-3895,-8083,-2.83,75.62,69.1,False,False,True,⭐ 弱勢反彈
2025-08-20,18.0,47050322,-4242,-653,-2105,-6999,-0.61,66.44,68.21,False,False,False,❌ 空頭或無訊號
2025-08-21,18.4,35344254,4693,0,659,5352,-1.12,61.79,66.07,False,False,True,⭐ 弱勢反彈
2025-08-22,18.2,18456912,-25,0,-1048,-1073,-0.22,51.3,61.15,False,False,False,❌ 空頭或無訊號
2025-08-25,18.4,29323268,9584,-13,688,10259,-0.3,47.74,56.68,False,False,False,❌ 空頭或無訊號
2025-08-26,18.75,30607131,9798,-5,1687,11480,1.65,52.66,55.34,False,False,True,⭐ 弱勢反彈
2025-08-27,19.8,95355606,21561,210,2442,24212,-4.65,65.48,58.72,False,True,True,⭐⭐ 偏多觀察
2025-08-28,19.6,54451676,-3768,-39,-155,-3962,-0.6,69.84,62.43,False,False,True,⭐ 弱勢反彈
2025-08-29,19.7,82516634,-3700,0,569,-3131,-2.3,69.0,64.62,False,False,True,⭐ 弱勢反彈
2025-09-01,20.3,79269429,25595,-17,1767,27345,2.0,76.13,68.45,False,False,True,⭐ 弱勢反彈
2025-09-02,19.95,100967634,-20630,-39,-1491,-22160,0.85,75.11,70.67,False,False,True,⭐ 弱勢反彈
2025-09-03,20.1,65368703,6446,-128,536,6853,-0.43,76.36,72.57,False,False,True,⭐ 弱勢反彈
2025-09-04,20.5,65653280,15224,69,310,15603,-0.48,80.24,75.12,False,False,True,⭐ 弱勢反彈
2025-09-05,22.55,227254069,59513,228,7854,67595,-1.13,86.82,79.02,False,False,True,⭐ 弱勢反彈
2025-09-08,24.6,436611844,38792,22,3036,41850,33.75,90.07,82.7,False,False,True,⭐ 弱勢反彈
2025-09-09,24.55,237839246,-4092,-36,-2323,-6451,6.85,91.18,85.53,False,False,True,⭐ 弱勢反彈
2025-09-10,24.95,285159030,21888,-1608,954,21234,11.79,90.02,87.03,False,False,True,⭐ 弱勢反彈
2025-09-11,25.0,311904444,-9217,10700,-2683,-1200,-1.68,85.73,86.59,False,False,True,⭐ 弱勢反彈
2025-09-12,25.45,275412454,44686,8629,1786,55101,-14.7,84.85,86.01,False,False,True,⭐ 弱勢反彈
2025-09-15,26.8,468174930,-54014,6140,16471,-31403,25.57,88.51,86.84,False,True,True,⭐⭐ 偏多觀察
2025-09-16,27.95,640413710,39602,37495,2890,79986,8.5,88.66,87.45,False,False,True,⭐ 弱勢反彈
2025-09-17,29.4,444180445,55339,10264,7996,73599,-5.77,90.99,88.63,False,False,True,⭐ 弱勢反彈
2025-09-18,32.3,446562113,12739,36569,4956,54264,7.26,93.99,90.42,False,False,True,⭐ 弱勢反彈
2025-09-19,33.5,581855348,39989,4919,-6426,38483,0.88,93.48,91.44,False,False,True,⭐ 弱勢反彈
2025-09-22,34.25,378938823,13719,5580,10217,29516,5.11,92.41,91.76,False,False,True,⭐ 弱勢反彈
2025-09-23,36.45,534413768,16152,16095,17749,49996,1.88,93.84,92.46,False,False,True,⭐ 弱勢反彈
2025-09-24,35.2,399525349,15354,-131,-3710,11513,-15.91,91.29,92.07,False,False,True,⭐ 弱勢反彈
2025-09-25,33.4,453055706,716,2490,-12050,-8844,0.11,83.88,89.34,False,False,True,⭐ 弱勢反彈
2025-09-26,31.4,311944386,56679,-3539,-8721,44419,-1.74,72.89,83.86,False,False,True,⭐ 弱勢反彈
2025-09-30,34.05,281479643,-29807,-645,7526,-22925,5.88,72.15,79.95,False,False,True,⭐ 弱勢反彈
2025-10-01,33.8,333619796,-25461,12449,-766,-13778,1.84,66.03,75.31,False,False,True,⭐ 弱勢反彈
2025-10-02,36.0,466423745,34937,14297,10453,59687,9.83,72.34,74.32,False,False,True,⭐ 弱勢反彈
2025-10-03,38.8,579286537,33276,6794,12324,52394,28.29,79.7,76.11,False,True,True,⭐⭐ 偏多觀察
2025-10-07,42.65,272729643,-18357,1779,-1810,-18389,8.84,86.46,79.56,False,False,True,⭐ 弱勢反彈
2025-10-08,41.25,467415817,-70071,3004,2229,-64838,-3.72,86.9,82.01,False,False,True,⭐ 弱勢反彈
2025-10-09,43.45,546683937,39453,-1227,1549,39775,-2.77,88.99,84.33,False,False,True,⭐ 弱勢反彈
2025-10-13,43.0,399484526,-539,-739,-7686,-8964,-11.9,89.23,85.97,False,False,True,⭐ 弱勢反彈
2025-10-14,40.7,598421210,-1387,3391,-13843,-11839,-18.37,79.99,83.98,False,False,True,⭐ 弱勢反彈
2025-10-15,40.0,309479559,-14704,-1620,-7138,-23463,-0.66,71.68,79.88,False,False,True,⭐ 弱勢反彈
2025-10-16,44.0,437429618,65396,1838,9011,76245,22.87,76.2,78.65,False,False,True,⭐ 弱勢反彈
2025-10-17,43.95,456669445,-40486,244,-3168,-43410,-7.89,78.91,78.74,False,True,True,⭐⭐ 偏多觀察
2025-10-20,46.35,578807421,48951,2614,5355,56920,7.14,79.61,79.03,False,False,True,⭐ 弱勢反彈
2025-10-21,44.6,77971629,-6935,49,5871,-1016,-5.62,73.38,77.15,False,False,True,⭐ 弱勢反彈
2025-10-22,45.45,55912233,11062,62,6574,17697,-1.65,72.49,75.59,False,False,True,⭐ 弱勢反彈
2025-10-23,46.3,45232386,14344,25,1614,15983,-1.3,75.14,75.44,False,False,True,⭐ 弱勢反彈
2025-10-27,50.9,85726404,27651,63,4145,31859,11.47,83.43,78.11,False,True,True,⭐⭐ 偏多觀察
2025-10-28,54.0,98212499,-7767,-19,4205,-3580,-11.58,87.86,81.36,False,False,True,⭐ 弱勢反彈
2025-10-29,54.0,70726750,10721,-2084,-312,8325,-8.95,90.66,84.46,False,False,True,⭐ 弱勢反彈
2025-10-30,55.2,74032183,-2422,-346,3387,619,0.03,89.31,86.08,False,False,True,⭐ 弱勢反彈
2025-10-31,54.2,57761731,-6317,-2842,8264,-895,-0.46,85.86,86.0,False,False,True,⭐ 弱勢反彈
2025-11-03,56.6,68487857,11116,-2695,-5397,3024,-5.18,88.4,86.8,False,True,True,⭐⭐ 偏多觀察
2025-11-04,53.3,41115669,3455,-2294,3181,4342,-5.08,82.12,85.24,False,False,True,⭐ 弱勢反彈
2025-11-05,56.0,47931403,7353,39,7114,14506,-1.32,84.17,84.89,False,False,True,⭐ 弱勢反彈
2025-11-06,59.0,40871416,4901,-2320,4268,6849,-3.4,89.45,86.41,False,True,True,⭐⭐ 偏多觀察
2025-11-07,58.1,22850042,5879,-120,79,5838,-3.33,89.51,87.44,False,False,True,⭐ 弱勢反彈
2025-11-10,63.9,32006484,930,0,4113,5043,-0.22,93.0,89.29,False,False,True,⭐ 弱勢反彈
2025-11-11,64.5,43521354,3805,-1649,-826,1330,-3.76,92.29,90.29,False,False,True,⭐ 弱勢反彈
2025-11-12,64.8,23237650,5443,-3384,343,2401,-2.54,92.38,90.99,False,False,True,⭐ 弱勢反彈
2025-11-13,64.2,32553424,4693,-1830,-4141,-1277,-3.92,86.95,89.64,False,False,True,⭐ 弱勢反彈
2025-11-14,60.3,34688969,3962,-2247,-4457,-2742,-0.32,76.99,85.43,False,False,True,⭐ 弱勢反彈
2025-11-17,66.2,45241959,3913,-4840,-832,-1758,-0.61,79.95,83.6,False,False,True,⭐ 弱勢反彈
2025-11-18,61.4,466709594,-92467,-2461,-18807,-113736,14.16,64.31,77.17,False,False,True,⭐ 弱勢反彈
2025-11-19,59.4,262846110,22,2835,-5290,-2434,-0.19,48.09,67.48,False,False,True,⭐ 弱勢反彈
2025-11-20,58.0,433182309,-1227,-3803,-3052,-8082,8.72,41.68,58.88,False,False,True,⭐ 弱勢反彈
2025-11-21,52.2,153645404,-13837,-633,-3359,-17829,-6.28,27.78,48.51,False,False,True,⭐ 弱勢反彈
2025-11-24,54.6,233767269,43414,-3783,-1149,38482,-0.6,23.26,40.09,False,False,True,⭐ 弱勢反彈
2025-11-25,57.5,219802494,-22392,1373,-2485,-23504,19.72,25.96,35.38,False,False,True,⭐ 弱勢反彈
2025-11-26,53.6,194948799,9710,-2734,-253,6723,-3.72,20.52,30.43,False,False,True,⭐ 弱勢反彈
2025-11-27,56.9,161180525,16177,-735,2280,17722,7.27,24.49,28.45,False,False,True,⭐ 弱勢反彈
2025-11-28,58.0,184303003,-18869,671,2271,-15927,6.53,29.66,28.85,False,True,True,⭐⭐ 偏多觀察
2025-12-01,57.6,113248893,-2002,2477,-326,148,-0.79,35.16,30.95,False,False,True,⭐ 弱勢反彈
2025-12-02,56.6,116743624,-11454,1763,86,-9605,1.12,35.97,32.63,False,False,True,⭐ 弱勢反彈
2025-12-03,55.8,142553494,1964,13,1117,3094,-11.5,40.42,35.22,False,False,True,⭐ 弱勢反彈
2025-12-04,57.8,244918744,38162,2191,-2290,38062,-0.96,52.41,40.95,False,False,True,⭐ 弱勢反彈
2025-12-05,61.8,343693196,15598,715,2501,18814,6.56,64.97,48.96,False,False,True,⭐ 弱勢反彈
2025-12-08,67.9,312825078,5746,65,1238,7049,5.11,76.65,58.19,False,False,True,⭐ 弱勢反彈
2025-12-09,71.3,595084386,19294,54,944,20292,10.3,83.87,66.75,False,False,True,⭐ 弱勢反彈
2025-12-10,67.5,408320544,-49818,-70,-7766,-57654,-11.65,79.27,70.92,False,False,True,⭐ 弱勢反彈
2025-12-11,68.4,288345883,-4466,-79,-732,-5276,11.8,77.72,73.19,False,False,True,⭐ 弱勢反彈
2025-12-12,74.6,543798403,91882,340,2142,94364,2.78,84.21,76.86,False,False,True,⭐ 弱勢反彈
2025-12-15,71.1,427984064,-108326,1272,-174,-107227,15.33,83.12,78.95,False,False,True,⭐ 弱勢反彈
2025-12-16,70.6,347382553,-16326,-336,-5853,-22515,-1.13,81.61,79.84,False,False,True,⭐ 弱勢反彈
2025-12-17,73.9,454004106,22930,193,4727,27850,6.09,85.44,81.7,False,False,True,⭐ 弱勢反彈
2025-12-18,74.5,531280423,-5513,161,-3563,-8915,-1.24,82.6,82.0,False,False,True,⭐ 弱勢反彈
2025-12-19,71.3,495025660,-76633,206,-1732,-78158,8.18,68.52,77.51,False,False,True,⭐ 弱勢反彈
2025-12-22,73.1,238544600,29975,336,6727,37038,-13.8,64.09,73.04,False,False,True,⭐ 弱勢反彈
2025-12-23,73.0,155196257,9066,249,1757,11072,-5.78,60.53,68.87,False,False,True,⭐ 弱勢反彈
2025-12-24,76.9,321347803,68122,168,6083,74373,1.17,70.46,69.4,False,True,True,⭐⭐ 偏多觀察
2025-12-26,76.5,274963547,-28792,-10230,-1057,-40079,1.42,71.89,70.23,False,False,True,⭐ 弱勢反彈
2025-12-29,76.9,166636334,1775,3,398,2176,-3.95,74.14,71.53,False,False,True,⭐ 弱勢反彈
2025-12-30,83.7,405326803,80750,5533,5577,91860,-0.71,81.12,74.73,False,False,True,⭐ 弱勢反彈
2025-12-31,82.6,340682906,-71736,-91,-4024,-75850,2.28,78.92,76.12,False,False,True,⭐ 弱勢反彈
2026-01-02,90.8,414793767,65085,10112,1942,77139,1.03,85.94,79.4,False,False,True,⭐ 弱勢反彈
2026-01-05,95.5,435516103,-26085,6774,-321,-19632,-0.04,88.85,82.55,False,False,True,⭐ 弱勢反彈
2026-01-06,104.0,403567044,-6742,9770,-1947,1081,1.21,92.05,85.72,False,False,True,⭐ 弱勢反彈
2026-01-07,106.5,351786974,-35608,4703,-1520,-32425,-9.49,91.19,87.54,False,False,True,⭐ 弱勢反彈
2026-01-08,108.5,200419065,43428,-1231,-1635,40563,-10.52,92.22,89.1,False,False,True,⭐ 弱勢反彈
2026-01-09,97.8,83406112,-2236,153,-2979,-5063,-5.78,82.68,86.96,False,False,True,⭐ 弱勢反彈
2026-01-12,102.0,56471038,2499,14,146,2659,-2.42,79.95,84.62,False,False,True,⭐ 弱勢反彈
2026-01-13,99.8,42978779,-903,12,-3103,-3994,-1.19,74.07,81.11,False,False,True,⭐ 弱勢反彈
2026-01-14,99.8,23626210,699,105,-429,375,-0.28,70.16,77.46,False,False,True,⭐ 弱勢反彈
2026-01-15,99.2,22752094,-65,88,-132,-108,-0.12,60.17,71.7,False,False,True,⭐ 弱勢反彈
2026-01-16,106.5,51171187,1895,247,2226,4368,5.16,64.85,69.41,False,False,True,⭐ 弱勢反彈
2026-01-19,116.5,54995554,1534,223,117,1874,1.98,75.75,71.53,False,True,True,⭐⭐ 偏多觀察
2026-01-20,113.0,52267677,-8548,602,-1451,-9397,-1.02,77.33,73.46,False,False,True,⭐ 弱勢反彈
2026-01-21,105.5,65297844,-4522,-151,1847,-2826,-4.81,66.19,71.04,False,False,True,⭐ 弱勢反彈
2026-01-22,104.5,57616942,-9990,169,1967,-7854,4.53,57.13,66.4,False,False,True,⭐ 弱勢反彈
2026-01-23,103.0,49825240,3167,-14,475,3628,-0.5,46.2,59.67,False,False,True,⭐ 弱勢反彈
2026-01-26,113.0,59539991,-156,-204,893,533,4.05,56.72,58.69,False,False,True,⭐ 弱勢反彈
2026-01-27,115.5,280726529,-26235,11504,-3847,-18577,7.06,63.36,60.24,False,True,True,⭐⭐ 偏多觀察
2026-01-28,127.0,183205546,3516,6551,1132,11199,9.99,75.57,65.35,False,False,True,⭐ 弱勢反彈
2026-01-29,130.0,391188412,-9530,2445,-2114,-9200,-8.86,78.25,69.65,False,False,True,⭐ 弱勢反彈
2026-01-30,128.5,250735126,-18725,3676,1107,-13942,1.03,78.67,72.66,False,False,True,⭐ 弱勢反彈
2026-02-02,116.0,166067918,-22353,-7529,-359,-30240,-7.78,67.57,70.96,False,False,True,⭐ 弱勢反彈
2026-02-03,105.5,450168931,-11913,-1291,-2095,-15298,4.44,50.6,64.17,False,False,True,⭐ 弱勢反彈
2026-02-04,108.5,210454359,9060,2255,587,11902,-0.95,42.02,56.79,False,False,True,⭐ 弱勢反彈
2026-02-05,102.5,147383712,4450,-3029,-356,1065,-1.86,29.44,47.67,False,False,True,⭐ 弱勢反彈
2026-02-06,97.8,234055621,14341,-2804,-3285,8252,-3.41,21.9,39.08,False,False,True,⭐ 弱勢反彈
2026-02-09,107.5,155358413,5239,2480,401,8120,-0.9,24.77,34.31,False,False,True,⭐ 弱勢反彈
2026-02-10,103.5,199667829,-60546,1573,-2286,-61259,7.88,23.42,30.68,False,False,True,⭐ 弱勢反彈
2026-02-11,105.5,203300198,19974,-502,-812,18660,-9.04,24.15,28.5,False,False,True,⭐ 弱勢反彈
2026-02-23,115.0,172618558,19585,5327,-4169,20743,-1.16,39.49,32.17,False,True,True,⭐⭐ 偏多觀察
2026-02-24,122.0,249188364,-22945,10171,3123,-9651,11.84,57.91,40.75,False,False,True,⭐ 弱勢反彈
2026-02-25,118.0,171060627,-17046,6898,-580,-10727,-7.62,65.04,48.85,False,False,True,⭐ 弱勢反彈
2026-02-26,122.5,180884833,27413,3344,3573,34330,-0.41,74.97,57.55,False,False,True,⭐ 弱勢反彈
2026-03-02,124.5,155981725,22448,951,334,23733,-4.96,80.71,65.27,False,False,True,⭐ 弱勢反彈
2026-03-03,112.5,191958703,-51677,1225,-3936,-54389,-2.81,68.55,66.36,False,False,True,⭐ 弱勢反彈
2026-03-04,104.0,182140240,38693,-5297,-552,32844,-6.79,48.97,60.57,False,False,True,⭐ 弱勢反彈
2026-03-05,112.0,165823126,-13272,-739,-1335,-15346,7.85,46.37,55.83,False,False,True,⭐ 弱勢反彈
2026-03-06,106.5,122902263,5513,-1859,-151,3503,-2.98,36.91,49.53,False,False,True,⭐ 弱勢反彈
2026-03-09,101.0,168056845,22001,50,-5476,16575,-10.29,30.08,43.04,False,False,True,⭐ 弱勢反彈
2026-03-10,105.5,164291467,-27350,-146,-2280,-29776,4.18,30.34,38.81,False,False,True,⭐ 弱勢反彈
2026-03-11,114.0,182016851,-9072,-3,-35,-9110,14.15,39.63,39.08,False,True,True,⭐⭐ 偏多觀察
2026-03-12,109.0,167667839,12768,-1137,-3338,8293,-7.08,40.46,39.54,False,False,True,⭐ 弱勢反彈
2026-03-13,109.0,172609285,-17436,-105,-1456,-18998,-0.52,41.98,40.35,False,False,True,⭐ 弱勢反彈
2026-03-16,117.0,201277340,43234,-1390,2019,43864,4.71,59.81,46.84,False,False,True,⭐ 弱勢反彈
2026-03-17,123.5,236549367,18464,1425,1807,21697,-6.34,70.44,54.71,False,False,True,⭐ 弱勢反彈
2026-03-18,128.0,296360065,16744,604,-2888,14460,9.9,78.8,62.74,False,False,True,⭐ 弱勢反彈
2026-03-19,122.0,198121897,-36072,-585,14,-36643,-0.04,78.43,67.97,False,False,True,⭐ 弱勢反彈
2026-03-20,110.0,338024724,-132952,67026,-6570,-72496,-1.86,62.41,66.11,False,False,True,⭐ 弱勢反彈
2026-03-23,107.5,148725825,13049,-5946,-1387,5716,-4.87,46.73,59.65,False,False,True,⭐ 弱勢反彈
2026-03-24,99.5,226815033,-14643,-17506,-4564,-36713,-1.83,33.72,51.01,False,False,False,❌ 空頭或無訊號
2026-03-25,98.2,204010523,-56510,-2755,1449,-57816,8.62,23.71,41.91,False,False,False,❌ 空頭或無訊號
2026-03-26,96.0,190169312,-4838,-6044,1818,-9064,-5.71,15.81,33.21,False,False,False,❌ 空頭或無訊號
2026-03-27,92.4,159719227,24119,-6084,2545,20580,-9.32,14.64,27.02,True,False,False,⭐ 弱勢反彈
2026-03-30,93.0,152254475,-5151,-129,-3468,-8748,-0.03,14.33,22.79,True,False,False,⭐ 弱勢反彈
2026-03-31,90.2,248002672,5078,29414,-1921,32571,-6.38,13.69,19.75,True,False,False,⭐ 弱勢反彈
2026-04-01,93.1,205567931,-30629,-6638,-3720,-40988,9.76,15.83,18.44,True,False,False,⭐ 弱勢反彈
2026-04-02,91.8,183485734,8416,2258,383,11056,-3.49,19.6,18.83,True,True,False,⭐⭐ 偏多觀察
2026-04-07,89.4,169816458,-19174,-2617,315,-21476,4.94,18.83,18.83,True,False,False,⭐ 弱勢反彈
2026-04-08,95.6,171450402,21232,-1632,2313,21914,5.19,30.52,22.73,True,True,False,⭐⭐ 偏多觀察
2026-04-09,91.0,135311587,-22044,185,-2689,-24548,-0.27,30.36,25.27,False,False,False,❌ 空頭或無訊號
2026-04-10,93.5,166460245,18831,-1921,1416,18326,-1.2,42.55,31.03,False,False,False,❌ 空頭或無訊號
2026-04-13,94.4,95826273,6074,-6439,756,391,2.14,53.1,38.39,False,False,False,❌ 空頭或無訊號
2026-04-14,93.5,167859423,-4311,-2642,-35,-6988,-1.91,57.01,44.6,False,False,False,❌ 空頭或無訊號
2026-04-15,90.2,128417146,-25402,-2115,-5024,-32541,1.36,42.13,43.77,False,False,False,❌ 空頭或無訊號
2026-04-16,89.6,112136484,13305,-15690,-1186,-3571,-0.08,32.55,40.03,False,False,False,❌ 空頭或無訊號
2026-04-17,87.8,121007219,9193,-18967,289,-9485,0.92,24.68,34.92,False,False,False,❌ 空頭或無訊號
2026-04-20,85.7,164660840,49497,-7986,1332,42843,0.22,20.91,30.25,False,False,False,❌ 空頭或無訊號
2026-04-21,91.1,185988550,14348,-5128,5,9225,0.84,31.08,30.52,False,True,False,⭐ 弱勢反彈
2026-04-22,90.6,94692275,-3312,-832,-356,-4501,0.05,36.68,32.58,False,False,False,❌ 空頭或無訊號
2026-04-23,87.8,171220047,3813,-377,134,3569,-1.26,33.84,33.0,False,False,False,❌ 空頭或無訊號
2026-04-24,88.2,122540288,-704,2664,148,2108,0.05,32.89,32.96,False,False,False,❌ 空頭或無訊號
2026-04-27,93.9,270349710,11770,17767,1170,30708,4.66,48.23,38.05,False,True,False,⭐ 弱勢反彈
2026-04-28,95.5,219580752,15807,-1038,778,15547,-1.68,61.92,46.01,False,False,False,❌ 空頭或無訊號
2026-04-29,92.7,129993397,-6648,-8647,-241,-15536,2.18,63.93,51.98,False,False,False,❌ 空頭或無訊號
2026-04-30,89.8,116065273,-5741,-2297,-1325,-9363,-2.57,57.89,53.95,False,False,False,❌ 空頭或無訊號
2026-05-04,95.4,198798052,38897,354,1285,40536,6.83,64.98,57.63,False,False,False,❌ 空頭或無訊號
2026-05-05,98.8,196655974,622,1991,1319,3932,0.42,73.22,62.82,False,False,False,❌ 空頭或無訊號
2026-05-06,108.5,241792428,32737,2786,1632,37155,11.28,82.15,69.26,False,False,False,❌ 空頭或無訊號
2026-05-07,114.0,338649833,34579,13287,2292,50158,-8.31,85.07,74.53,False,False,False,❌ 空頭或無訊號
2026-05-08,107.0,174129448,-15613,1781,-623,-14455,-6.67,78.22,75.76,False,False,False,❌ 空頭或無訊號
2026-05-11,117.5,162759860,17494,1524,1461,20479,5.38,85.48,79.0,False,False,False,❌ 空頭或無訊號
2026-05-12,121.5,317628648,27422,7659,-219,34862,4.94,88.4,82.14,False,False,True,⭐ 弱勢反彈
2026-05-13,122.0,133243035,4229,8723,-221,12731,2.68,90.83,85.03,False,False,True,⭐ 弱勢反彈
2026-05-14,134.0,419382102,24009,16323,2044,42376,6.86,93.88,87.98,False,False,True,⭐ 弱勢反彈
2026-05-15,129.5,348302189,16050,25824,510,42384,-12.44,90.07,88.68,False,False,True,⭐ 弱勢反彈
2026-05-18,130.5,192808793,-19138,7462,-286,-11963,6.16,87.32,88.23,False,False,True,⭐ 弱勢反彈
2026-05-19,117.5,184930796,-48978,6221,-2600,-45358,-5.52,72.36,82.94,False,False,True,⭐ 弱勢反彈
2026-05-20,115.5,150894253,12725,1746,-4072,10399,-5.07,60.36,75.41,False,False,True,⭐ 弱勢反彈
2026-05-21,114.0,209614242,-31196,-3076,1178,-33094,-4.06,42.96,64.59,False,False,True,⭐ 弱勢反彈
2026-05-22,125.0,193146658,51442,-1191,1879,52130,8.5,46.33,58.51,False,False,True,⭐ 弱勢反彈
2026-05-25,128.5,357612926,72092,5251,309,77652,-25.6,53.33,56.78,False,False,True,⭐ 弱勢反彈
2026-05-26,141.0,336105421,46873,4364,2637,53874,16.16,68.89,60.82,False,True,True,⭐⭐ 偏多觀察
2026-05-27,155.0,439027902,14774,10671,479,25924,-8.92,79.26,66.96,False,False,True,⭐ 弱勢反彈
2026-05-28,144.0,362557912,-51734,4856,-1201,-48079,4.36,76.81,70.25,False,False,True,⭐ 弱勢反彈
2026-05-29,158.0,249880280,53583,17253,1001,71837,4.58,84.54,75.01,False,False,True,⭐ 弱勢反彈
2026-06-01,168.0,295190831,-6768,5952,962,146,7.05,86.71,78.91,False,False,True,⭐ 弱勢反彈
2026-06-02,184.5,270430116,12925,12930,-22,25833,-0.3,91.14,82.99,False,False,True,⭐ 弱勢反彈
2026-06-03,177.5,332157125,-49531,1843,-4402,-52090,-12.31,87.43,84.47,False,False,True,⭐ 弱勢反彈
2026-06-04,179.5,227016133,-9552,1104,100,-8348,9.97,85.54,84.82,False,False,True,⭐ 弱勢反彈
2026-06-05,162.0,228440187,-33721,-9514,-1694,-44929,-11.67,73.14,80.93,False,False,True,⭐ 弱勢反彈
2026-06-08,154.0,179964848,30419,-9361,-1421,19637,-8.27,56.6,72.82,False,False,True,⭐ 弱勢反彈
2026-06-09,156.5,203232684,-48095,1014,-1399,-48479,8.68,47.21,64.28,False,False,True,⭐ 弱勢反彈
2026-06-10,149.0,185310442,27745,783,-2433,26095,-6.77,33.6,54.06,False,False,True,⭐ 弱勢反彈
2026-06-11,156.5,237289830,6599,3896,1784,12278,3.19,29.85,45.99,False,False,True,⭐ 弱勢反彈
2026-06-12,172.0,213495727,33574,3179,2103,38857,7.08,38.34,43.44,False,False,True,⭐ 弱勢反彈
2026-06-15,189.0,229481900,16229,4412,1633,22274,7.22,56.06,47.64,False,True,True,⭐⭐ 偏多觀察
2026-06-16,197.0,355003301,35105,9429,-1270,43263,-3.03,68.28,54.52,False,False,True,⭐ 弱勢反彈
2026-06-17,199.0,226916174,-8995,1402,2079,-5515,-3.38,77.64,62.23,False,False,True,⭐ 弱勢反彈
2026-06-18,218.5,338003801,-19837,7275,1616,-10946,13.44,85.09,69.85,False,False,True,⭐ 弱勢反彈
2026-06-22,222.0,403194761,-103087,47711,-199,-55574,6.72,85.58,75.09,False,False,True,⭐ 弱勢反彈
2026-06-23,211.5,263314980,-25100,39706,-281,14326,-14.2,81.81,77.33,False,False,True,⭐ 弱勢反彈
2026-06-24,205.0,253065352,-51790,33632,-824,-18983,2.32,76.63,77.1,False,False,True,⭐ 弱勢反彈
2026-06-25,219.5,227328719,-16919,37036,955,21071,-2.79,77.51,77.23,False,True,True,⭐⭐ 偏多觀察
2026-06-26,206.5,254263166,-18446,8023,-993,-11416,-1.11,69.62,74.7,False,False,True,⭐ 弱勢反彈
2026-06-29,203.0,149900066,-20610,11986,-3331,-11955,0.42,58.12,69.17,False,False,True,⭐ 弱勢反彈
2026-06-30,207.5,217328346,-21920,-10161,2999,-29083,6.18,53.64,63.99,False,False,True,⭐ 弱勢反彈
2026-07-01,190.0,234325131,-22678,-6644,-3924,-33246,-5.25,37.22,55.07,False,False,True,⭐ 弱勢反彈
2026-07-02,183.5,164178951,41390,-35311,1503,7583,-4.32,29.16,46.43,False,False,True,⭐ 弱勢反彈
2026-07-03,184.5,141900944,-10316,-18106,1693,-26729,2.61,25.22,39.36,False,False,True,⭐ 弱勢反彈
2026-07-06,183.0,163686093,-25654,-1416,776,-26294,3.55,21.58,33.44,False,False,True,⭐ 弱勢反彈
2026-07-07,174.0,142095545,6651,-5492,-4476,-3316,-5.71,15.64,27.5,False,False,True,⭐ 弱勢反彈
2026-07-08,168.5,146196884,8383,-15779,1064,-6332,0.33,12.37,22.46,True,False,True,⭐⭐ 偏多觀察
2026-07-09,176.5,160890217,-6800,140,1476,-5184,7.17,16.32,20.41,True,False,True,⭐⭐ 偏多觀察
2026-07-13,167.0,149251061,-13660,11,-1033,-14683,-0.26,12.34,17.72,True,False,True,⭐⭐ 偏多觀察
2026-07-14,164.5,135442057,-3968,998,1745,-1225,-1.47,13.73,16.39,True,False,True,⭐⭐ 偏多觀察
2026-07-15,180.5,95140846,14946,1441,-759,15628,11.47,27.71,20.17,True,True,True,⭐⭐⭐ 黃金買點
2026-07-16,172.0,150613446,-7486,-6918,1756,-12649,-1.81,30.6,23.64,False,False,True,⭐ 弱勢反彈
2026-07-17,155.0,110525648,-28376,-1438,-2671,-32486,-5.19,20.4,22.56,False,False,True,⭐ 弱勢反彈
2026-07-20,151.0,107223362,2621,-161,2055,4515,-4.56,17.77,20.96,False,False,False,❌ 空頭或無訊號
2026-07-21,155.5,104783854,-6029,-4569,820,-9777,3.49,20.18,20.7,True,False,True,⭐⭐ 偏多觀察
2026-07-22,171.0,97387194,-7758,94,1029,-6636,4.16,35.38,25.59,False,True,True,⭐⭐ 偏多觀察
2026-07-23,161.0,157825138,15553,-200,-429,14924,-1.45,37.1,29.43,False,False,True,⭐ 弱勢反彈
2026-07-24,154.5,135375417,2330,-14364,560,-11474,-1.68,32.95,30.6,False,False,False,❌ 空頭或無訊號
2026-07-27,160.0,110420180,-10620,149,618,-9854,2.79,35.49,32.23,False,False,True,⭐ 弱勢反彈
2026-07-28,144.0,69129108,-18011,-2760,1394,-19378,0.41,23.66,29.37,False,False,False,❌ 空頭或無訊號
2026-07-29,130.0,86091045,-15330,609,359,-14362,-2.94,15.77,24.84,False,False,False,❌ 空頭或無訊號
2026-07-30,118.5,211417971,36321,-9683,-305,26333,-18.34,11.42,20.37,True,False,False,⭐ 弱勢反彈
2026-07-31,130.0,21043331,-6622,-277,67,-6832,3.91,15.5,18.74,True,False,False,⭐ 弱勢反彈
2026-08-03,143.0,77515412,25984,-95,836,26725,-3.08,26.09,21.19,True,True,False,⭐⭐ 偏多觀察
2026-08-04,157.0,121631665,4638,1326,-292,5672,,41.63,28.01,False,False,False,❌ 空頭或無訊號
