date,close,volume,外資,投信,自營商,三大法人合計(張),融資增減(張),K,D,RSI14,BB_upper,BB_lower,KD落入20以下,出現黃金交叉,趨勢向上非鈍化
2021-08-18,69.0,14886220,3235.0,350.0,-388.0,3197.0,,,,,,,False,False,False
2021-08-19,65.7,17524417,-5344.0,396.0,-209.0,-5157.0,,,,,,,False,False,False
2021-08-20,64.6,13569607,-172.0,186.0,-119.0,-104.0,,,,,,,False,False,False
2021-08-23,66.8,7679022,1904.0,26.0,168.0,2098.0,,,,,,,False,False,False
2021-08-24,66.0,9348558,2.0,-921.0,-194.0,-1113.0,,,,,,,False,False,False
2021-08-25,67.0,5940902,545.0,8.0,16.0,568.0,,,,,,,False,False,False
2021-08-26,65.3,13518562,-4378.0,165.0,-224.0,-4437.0,,,,,,,False,False,False
2021-08-27,65.0,12756411,-797.0,0.0,474.0,-323.0,,,,,,,False,False,False
2021-08-30,66.4,7295419,3130.0,-42.0,145.0,3233.0,,44.68,44.68,,,,False,False,False
2021-08-31,66.4,8026995,-23.0,0.0,-2.0,-25.0,,48.21,45.86,,,,False,False,False
2021-09-01,68.1,15943494,5027.0,-119.0,242.0,5151.0,,62.3,51.34,,,,False,False,False
2021-09-02,66.2,10469861,-3050.0,-575.0,-317.0,-3942.0,,56.61,53.1,,,,False,False,False
2021-09-03,66.0,9974783,-1486.0,-753.0,33.0,-2206.0,,51.23,52.47,,,,False,False,False
2021-09-06,66.4,13380267,1574.0,-88.0,99.0,1585.0,,50.82,51.92,,,,False,False,False
2021-09-07,65.2,10825756,-3198.0,-74.0,63.0,-3210.0,,41.02,48.29,15.17,,,False,False,False
2021-09-08,64.3,12858185,-1279.0,97.0,-433.0,-1616.0,,30.9,42.49,14.64,,,False,False,False
2021-09-09,65.6,7371987,2643.0,-1.0,44.0,2686.0,,33.79,39.59,19.08,,,False,False,False
2021-09-10,66.8,9874993,3988.0,1162.0,289.0,5439.0,,44.06,41.08,23.06,,,False,True,False
2021-09-13,65.8,7306027,-1331.0,-17.0,-169.0,-1517.0,,43.95,42.04,22.08,,,False,False,False
2021-09-14,66.2,8389829,2928.0,40.0,21.0,2989.0,,48.24,44.11,23.48,68.35,63.93,False,False,False
2021-09-15,64.0,17189060,-7863.0,151.0,-368.0,-8080.0,,34.6,40.94,21.23,67.85,63.93,False,False,False
2021-09-16,64.6,6504393,820.0,25.0,-86.0,759.0,,30.38,37.42,23.38,67.88,63.79,False,False,False
2021-09-17,64.9,9003620,1260.0,-1202.0,7.0,65.0,,31.37,35.4,24.5,67.86,63.84,False,False,False
2021-09-22,63.0,11723471,-2183.0,353.0,-301.0,-2132.0,,24.38,31.73,22.29,67.99,63.33,False,False,False
2021-09-23,64.4,9860102,6451.0,4.0,-71.0,6385.0,,29.45,30.97,27.48,67.97,63.19,False,False,False
2021-09-24,64.9,4857319,1258.0,0.0,-64.0,1194.0,,36.3,32.75,29.29,67.78,63.17,False,True,False
2021-09-27,64.6,4324198,1055.0,1.0,-10.0,1046.0,,38.78,34.76,28.82,67.78,63.1,False,False,False
2021-09-28,66.3,18832706,8953.0,1289.0,62.0,10304.0,,54.64,41.39,35.12,67.86,63.15,False,False,False
2021-09-29,67.2,28462889,4922.0,1380.0,-791.0,5511.0,,69.76,50.85,38.24,67.99,63.1,False,False,False
2021-09-30,65.9,30827196,-431.0,1316.0,-334.0,551.0,,66.05,55.91,35.58,67.94,63.1,False,False,False
2021-10-01,64.3,13293071,-4339.0,301.0,-207.0,-4245.0,,54.38,55.4,32.58,67.48,63.18,False,False,False
2021-10-04,64.9,12035151,2051.0,399.0,71.0,2521.0,,50.04,53.62,34.8,67.38,63.15,False,False,False
2021-10-05,64.6,14684262,-2747.0,225.0,-99.0,-2620.0,,42.51,49.91,34.19,67.3,63.09,False,False,False
2021-10-06,61.4,24214032,-11386.0,285.0,-146.0,-11247.0,,28.34,42.72,28.49,67.57,62.32,False,False,False
2021-10-07,61.6,13115107,-3380.0,35.0,281.0,-3064.0,,19.86,35.1,29.28,67.78,61.75,False,False,False
2021-10-08,61.6,9746715,-14.0,6.0,-40.0,-48.0,,14.21,28.14,29.28,67.96,61.3,True,False,False
2021-10-12,61.0,12562804,-2306.0,1058.0,55.0,-1192.0,,13.84,23.37,28.19,68.07,60.73,True,False,False
2021-10-13,59.4,16102347,-6108.0,2575.0,-187.0,-3720.0,,9.22,18.66,25.47,68.14,59.92,True,False,False
2021-10-14,62.3,18467796,10264.0,126.0,201.0,10591.0,,20.37,19.23,37.29,67.95,59.76,True,True,False
2021-10-15,63.7,13928225,4427.0,0.0,-5.0,4422.0,,36.7,25.05,42.06,67.67,59.79,False,False,False
2021-10-18,62.7,10760208,358.0,-1269.0,-152.0,-1062.0,,44.83,31.64,39.74,67.63,59.7,False,False,False
2021-10-19,63.5,6735719,1585.0,-18.0,96.0,1663.0,,55.2,39.49,42.48,67.55,59.67,False,False,False
2021-10-20,63.5,4154699,1161.0,0.0,-349.0,812.0,,63.08,47.36,42.48,67.44,59.64,False,False,False
2021-10-21,62.5,6544543,-921.0,1.0,-46.0,-966.0,,61.93,52.21,39.85,67.43,59.6,False,False,False
2021-10-22,62.1,9532404,2932.0,-3625.0,12.0,-682.0,,58.59,54.34,38.81,67.34,59.46,False,False,False
2021-10-25,63.5,8379612,5328.0,3.0,98.0,5429.0,,65.34,58.01,44.27,67.21,59.45,False,False,False
2021-10-26,63.7,9997460,1582.0,-1015.0,-9.0,558.0,,70.08,62.03,45.02,67.12,59.45,False,False,False
2021-10-27,66.2,18092605,5285.0,-428.0,266.0,5123.0,,80.05,68.04,53.49,67.1,59.46,False,False,False
2021-10-28,66.5,14887666,1124.0,1284.0,133.0,2541.0,,82.38,72.82,54.4,66.93,59.56,False,False,False
2021-10-29,66.5,13510626,-576.0,3863.0,-37.0,3250.0,,83.4,76.35,54.4,67.06,59.49,False,False,False
2021-11-01,67.0,7964030,1197.0,417.0,152.0,1766.0,,83.56,78.75,56.06,67.52,59.3,False,False,False
2021-11-02,66.5,16625354,1066.0,172.0,151.0,1389.0,,77.47,78.32,53.95,67.78,59.2,False,False,False
2021-11-03,68.6,16105614,6630.0,904.0,677.0,8211.0,,83.13,79.92,60.65,68.54,58.84,False,True,False
2021-11-04,66.7,16769075,-6570.0,-15.0,-355.0,-6941.0,,77.95,79.27,53.12,68.86,59.05,False,False,False
2021-11-05,65.7,13029553,-3033.0,242.0,-99.0,-2890.0,,65.66,74.73,49.62,68.99,59.33,False,False,False
2021-11-08,67.6,11598891,3751.0,-36.0,47.0,3762.0,,68.77,72.74,55.6,69.36,59.56,False,False,False
2021-11-09,68.7,16437468,2068.0,2752.0,127.0,4947.0,,76.86,74.12,58.66,69.81,59.88,False,True,False
2021-11-10,69.9,16080705,-418.0,939.0,356.0,877.0,,83.83,77.35,61.75,70.13,60.61,False,False,False
2021-11-11,68.0,10226295,-3453.0,143.0,-134.0,-3445.0,,74.41,76.37,54.76,70.32,60.99,False,False,False
2021-11-12,68.7,6113487,1551.0,-852.0,-110.0,589.0,,73.31,75.35,56.71,70.67,61.14,False,False,False
2021-11-15,70.3,12560158,5223.0,-22.0,371.0,5572.0,,80.24,76.98,60.85,71.18,61.39,False,True,True
2021-11-16,70.8,9547608,1970.0,180.0,28.0,2178.0,,86.83,80.26,62.07,71.76,61.54,False,False,True
2021-11-17,71.0,11550133,2083.0,-241.0,-64.0,1778.0,,86.09,82.21,62.57,72.26,61.79,False,False,True
2021-11-18,71.6,8466670,2143.0,-702.0,36.0,1477.0,,88.51,84.31,64.11,72.64,62.32,False,False,True
2021-11-19,69.6,11671357,-1145.0,-2692.0,-422.0,-4259.0,,74.95,81.19,55.87,72.42,63.29,False,False,True
2021-11-22,75.4,50484857,23821.0,908.0,1352.0,26081.0,,80.8,81.06,68.51,73.68,63.22,False,False,True
2021-11-23,75.7,31620097,-1332.0,713.0,3.0,-616.0,,83.71,81.94,69.01,74.72,63.38,False,True,True
2021-11-24,75.4,12709513,-743.0,750.0,-87.0,-81.0,,84.38,82.75,67.86,75.68,63.34,False,False,True
2021-11-25,74.4,10299651,-1864.0,1529.0,-92.0,-428.0,,79.54,81.68,64.03,76.27,63.54,False,False,True
2021-11-26,73.5,14556914,-662.0,2525.0,-265.0,1599.0,,71.81,78.39,60.72,76.6,63.91,False,False,True
2021-11-29,73.3,13003517,2237.0,558.0,140.0,2935.0,,65.71,74.16,59.98,76.86,64.28,False,False,True
2021-11-30,74.2,31197078,-8355.0,2229.0,695.0,-5431.0,,65.87,71.4,62.22,77.14,64.77,False,False,True
2021-12-01,76.0,20047171,3593.0,2412.0,965.0,6970.0,,74.43,72.41,66.28,77.79,64.86,False,True,True
2021-12-02,79.8,61010333,16088.0,3043.0,1345.0,20476.0,,82.21,75.68,72.91,79.1,64.86,False,False,True
2021-12-03,78.8,33711626,-11505.0,2615.0,-79.0,-8969.0,,83.64,78.33,69.06,79.73,65.54,False,False,True
2021-12-06,77.5,14634371,-3798.0,196.0,-171.0,-3773.0,,79.73,78.8,64.31,80.13,66.13,False,False,True
2021-12-07,77.5,9369207,-276.0,8.0,-149.0,-417.0,,77.12,78.24,64.31,80.5,66.64,False,False,True
2021-12-08,76.9,15424120,-712.0,355.0,-1944.0,-2301.0,,73.14,76.54,62.03,80.78,67.06,False,False,True
2021-12-09,77.5,9625382,1855.0,0.0,-205.0,1651.0,,72.73,75.27,63.43,80.83,67.96,False,False,True
2021-12-10,77.8,9219625,-1010.0,7.0,-41.0,-1044.0,,69.39,73.31,64.14,80.86,68.84,False,False,True
2021-12-13,76.6,7049563,-835.0,940.0,-187.0,-82.0,,60.38,69.0,59.18,80.82,69.51,False,False,True
2021-12-14,74.8,9243857,2829.0,453.0,-649.0,2634.0,,40.26,59.42,52.61,80.64,70.09,False,False,True
2021-12-15,76.0,5946520,6.0,929.0,-180.0,754.0,,35.93,51.59,56.11,80.48,70.75,False,False,True
2021-12-16,76.0,11018113,467.0,-1757.0,104.0,-1186.0,,33.25,45.48,56.11,80.32,71.35,False,False,True
2021-12-17,75.7,5809323,2104.0,-71.0,-91.0,1943.0,,30.9,40.62,54.93,79.53,72.75,False,False,True
2021-12-20,75.9,13804112,752.0,312.0,-66.0,997.0,,30.92,37.38,55.6,79.54,72.79,False,False,True
2021-12-21,76.8,17953537,-2056.0,89.0,356.0,-1611.0,,38.5,37.76,58.58,79.6,72.84,False,True,True
2021-12-22,76.5,28364017,4760.0,-16.0,198.0,4941.0,,37.61,37.71,57.2,79.64,72.91,False,False,True
2021-12-23,75.9,11620562,-2254.0,-22.0,57.0,-2219.0,,33.25,36.22,54.45,79.6,73.1,False,False,True
2021-12-24,75.7,6947685,-889.0,-18.0,101.0,-806.0,,29.09,33.84,53.52,79.44,73.48,False,False,True
2021-12-27,76.6,4538580,1364.0,-13.0,6.0,1357.0,,31.97,33.22,57.06,79.21,74.04,False,False,True
2021-12-28,76.7,6473885,258.0,-5.0,18.0,271.0,,34.52,33.65,57.44,79.07,74.43,False,True,True
2021-12-29,76.6,3109971,-149.0,-14.0,25.0,-138.0,,35.59,34.3,56.89,79.07,74.49,False,False,True
2021-12-30,78.1,15683659,3112.0,16.0,1510.0,4638.0,,43.43,37.34,62.69,78.61,74.78,False,False,True
2022-01-03,76.2,11445518,-2059.0,-1086.0,-763.0,-3908.0,,33.6,36.09,52.97,78.22,74.91,False,False,True
2022-01-04,77.2,7409922,2127.0,-3.0,-229.0,1895.0,,34.8,35.66,56.77,78.17,74.93,False,False,True
2022-01-05,75.9,11504907,-2095.0,-1092.0,-397.0,-3584.0,,27.65,32.99,51.0,78.05,74.89,False,False,True
2022-01-06,73.8,11854260,-2348.0,-19.0,-580.0,-2947.0,,21.64,29.21,43.34,78.28,74.35,False,False,True
2022-01-07,73.7,10521269,-2244.0,60.0,-237.0,-2421.0,,16.99,25.13,43.01,78.33,73.92,False,False,True
2022-01-10,74.9,5145379,111.0,1254.0,-33.0,1332.0,,23.97,24.75,48.13,78.1,73.86,True,False,True
2022-01-11,73.5,6151475,-1765.0,-4.0,-190.0,-1959.0,,20.58,23.36,43.25,78.19,73.46,False,False,True
2022-01-12,74.4,7337186,1913.0,-29.0,77.0,1961.0,,23.49,23.4,46.97,78.22,73.39,False,True,True
2022-01-13,74.6,6816488,1372.0,251.0,-68.0,1554.0,,27.61,24.8,47.79,78.2,73.27,False,False,True
2022-01-14,74.3,7199837,130.0,15.0,215.0,360.0,,30.26,26.62,46.63,78.19,73.11,False,False,True
2022-01-17,74.4,5719251,-1595.0,-760.0,308.0,-2047.0,,32.76,28.67,47.09,78.19,72.98,False,False,True
2022-01-18,75.1,7275922,938.0,90.0,335.0,1364.0,,46.09,34.47,50.34,78.15,72.94,False,False,True
2022-01-19,75.2,5927915,2173.0,-24.0,-1004.0,1145.0,,55.98,41.64,50.8,78.01,72.92,False,False,True
2022-01-20,75.1,4861481,-577.0,164.0,-83.0,-496.0,,61.56,48.28,50.3,77.9,72.89,False,False,True
2022-01-21,72.3,15253081,-7522.0,227.0,-133.0,-7427.0,,43.54,46.7,38.67,78.06,72.37,False,False,False
2022-01-24,72.6,8544331,444.0,20.0,84.0,548.0,,39.69,44.36,40.26,78.12,72.0,False,False,False
2022-01-25,72.0,8718292,-1341.0,305.0,-336.0,-1372.0,,33.13,40.62,38.13,78.09,71.57,False,False,False
2022-01-26,72.0,4040153,-155.0,66.0,-7.0,-97.0,,28.75,36.66,38.13,77.96,71.23,False,False,False
2022-02-07,76.4,18169892,8960.0,919.0,406.0,10285.0,,52.5,41.94,57.35,77.93,71.24,False,True,True
2022-02-08,77.4,11839771,2345.0,1007.0,-51.0,3301.0,,65.92,49.94,60.37,77.75,71.35,False,False,True
2022-02-09,78.5,14137441,6083.0,468.0,628.0,7179.0,,76.0,58.62,63.43,78.26,71.07,False,False,True
2022-02-10,79.0,8852331,3780.0,656.0,-95.0,4341.0,,84.0,67.08,64.76,78.69,70.82,False,False,True
2022-02-11,79.0,17573012,9180.0,1229.0,222.0,10632.0,,87.37,73.84,64.76,79.26,70.56,False,False,True
2022-02-14,78.7,11793578,5901.0,554.0,53.0,6508.0,,88.44,78.71,63.16,79.78,70.53,False,False,True
2022-02-15,78.8,9948206,814.0,1496.0,295.0,2605.0,,89.27,82.23,63.48,80.25,70.57,False,False,True
2022-02-16,80.5,18735468,3044.0,2542.0,1001.0,6586.0,,92.46,85.64,68.55,81.03,70.35,False,False,True
2022-02-17,82.7,36846194,-276.0,4524.0,1649.0,5896.0,,89.93,87.07,73.65,82.23,70.07,False,False,True
2022-02-18,83.5,21192066,-125.0,4914.0,-476.0,4313.0,,90.21,88.12,75.22,83.45,69.76,False,False,True
2022-02-21,80.4,13608482,-2206.0,412.0,-168.0,-1962.0,,74.85,83.69,60.22,83.87,69.92,False,False,True
2022-02-22,78.7,11771596,-671.0,1456.0,-1131.0,-346.0,,55.87,74.42,53.88,84.02,70.21,False,False,True
2022-02-23,79.0,7783324,-314.0,373.0,-95.0,-37.0,,44.71,64.52,54.78,84.18,70.51,False,False,True
2022-02-24,76.3,14655112,-4583.0,3109.0,-608.0,-2082.0,,31.41,53.48,46.03,84.18,70.63,False,False,False
2022-02-25,77.1,8880081,-1569.0,1058.0,-61.0,-572.0,,25.76,44.24,48.65,84.19,70.81,False,False,True
2022-03-01,79.9,11729232,935.0,430.0,743.0,2108.0,,33.24,40.57,56.59,84.42,71.06,False,False,True
2022-03-02,79.7,7939064,-2471.0,610.0,347.0,-1513.0,,37.42,39.52,55.92,84.32,71.9,False,False,True
2022-03-03,82.6,14399088,4528.0,264.0,172.0,4963.0,,52.52,43.85,62.76,84.56,72.66,False,True,True
2022-03-04,81.6,9231277,-1679.0,2748.0,-10.0,1059.0,,60.69,49.47,59.34,84.3,73.88,False,False,True
2022-03-07,76.9,18402984,-7817.0,3495.0,-786.0,-5108.0,,44.96,47.96,46.52,83.49,75.18,False,False,True
2022-03-08,74.7,13468086,-3994.0,713.0,-584.0,-3865.0,,31.46,42.46,41.95,83.72,74.78,False,False,False
2022-03-09,74.9,6418748,-1398.0,72.0,-237.0,-1563.0,,23.19,36.04,42.5,83.94,74.31,False,False,False
2022-03-10,76.7,10649777,-2000.0,-107.0,169.0,-1937.0,,24.35,32.14,47.36,83.96,74.11,False,False,False
2022-03-11,75.6,8161975,-1195.0,-1690.0,-162.0,-3047.0,,21.05,28.45,44.87,84.03,73.7,False,False,False
2022-03-14,75.7,9234125,1186.0,-2778.0,-39.0,-1631.0,,19.22,25.37,45.15,84.05,73.35,False,False,False
2022-03-15,73.0,12492919,1208.0,-2743.0,-337.0,-1873.0,,12.81,21.18,39.29,84.34,72.49,True,False,False
2022-03-16,70.9,19482067,-4035.0,-1260.0,-148.0,-5442.0,,9.63,17.33,35.43,84.83,71.21,True,False,False
2022-03-17,74.2,13193975,3652.0,-98.0,206.0,3760.0,,19.97,18.21,44.63,84.61,70.8,True,True,False
2022-03-18,74.8,6787128,1261.0,-888.0,-69.0,304.0,,33.5,23.31,46.13,83.91,70.71,True,False,False
2022-03-21,74.9,5585167,1468.0,-1077.0,-44.0,347.0,,43.29,29.97,46.39,82.87,70.89,False,False,False
2022-03-22,74.0,11150733,3132.0,-5482.0,-29.0,-2379.0,,45.52,35.15,44.31,82.44,70.68,False,False,False
2022-03-23,73.7,14132321,3016.0,-5134.0,100.0,-2018.0,,48.74,39.68,43.61,82.24,70.38,False,False,False
2022-03-24,71.3,30281688,-7170.0,-2537.0,-299.0,-10006.0,,38.14,39.17,38.37,82.11,69.74,False,False,False
2022-03-25,68.9,25898904,-7886.0,-5686.0,-98.0,-13670.0,,25.43,34.59,33.98,82.49,68.62,False,False,False
2022-03-28,69.8,9694662,-2408.0,-198.0,87.0,-2519.0,,26.66,31.95,36.89,82.54,67.84,False,False,False
2022-03-29,69.0,10191848,-1098.0,-2270.0,-23.0,-3391.0,,24.1,29.33,35.4,82.13,67.16,False,False,False
2022-03-30,69.3,7030163,-1435.0,-163.0,297.0,-1301.0,,23.66,27.44,36.44,81.58,66.67,False,False,False
2022-03-31,69.2,9880666,-2648.0,17.0,52.0,-2579.0,,22.95,25.94,36.23,80.06,66.85,False,False,False
2022-04-01,69.2,10546456,2219.0,-3754.0,-131.0,-1665.0,,22.56,24.82,36.23,78.48,67.19,False,False,False
2022-04-06,66.6,19414704,-8166.0,-715.0,-128.0,-9009.0,,15.45,21.69,30.87,78.28,66.36,False,False,False
2022-04-07,66.2,12488798,-2202.0,-239.0,-162.0,-2603.0,,10.3,17.9,30.13,78.33,65.46,True,False,False
2022-04-08,66.8,7120723,-2799.0,540.0,-83.0,-2341.0,,10.95,15.58,32.73,78.15,64.83,True,False,False
2022-04-11,66.8,9315358,-1983.0,-151.0,-58.0,-2192.0,,15.1,15.42,32.73,77.49,64.5,True,False,False
2022-04-12,65.5,11303698,-3680.0,90.0,-49.0,-3639.0,,12.58,14.47,29.93,77.05,63.93,True,False,False
2022-04-13,66.7,7135707,-310.0,43.0,169.0,-97.0,,18.45,15.8,35.42,76.32,63.76,True,True,False
2022-04-14,64.1,19681361,-1809.0,-585.0,18.0,-2376.0,,12.3,14.63,29.95,76.24,62.95,True,False,False
2022-04-15,63.9,7842033,577.0,455.0,-71.0,961.0,,11.59,13.62,29.57,76.33,62.16,True,False,False
2022-04-18,63.8,5160499,-92.0,693.0,28.0,629.0,,10.93,12.72,29.37,75.8,61.65,True,False,False
2022-04-19,64.4,5812849,751.0,136.0,88.0,975.0,,15.62,13.69,32.32,74.92,61.49,True,True,False
2022-04-20,65.3,10101387,-1007.0,1817.0,123.0,933.0,,25.92,17.77,36.61,73.77,61.68,True,False,False
2022-04-21,66.9,8515621,-2239.0,2054.0,70.0,-115.0,,45.19,26.91,43.46,72.65,62.09,False,False,False
2022-04-22,66.4,8313290,-2361.0,2141.0,112.0,-108.0,,58.83,37.55,41.94,71.37,62.64,False,False,False
2022-04-25,64.3,10672114,-1086.0,2440.0,-218.0,1136.0,,48.48,41.19,36.19,70.68,62.63,False,False,False
2022-04-26,64.2,7787796,-2912.0,2339.0,-38.0,-611.0,,40.65,41.01,35.94,70.44,62.4,False,False,False
2022-04-27,63.2,8752188,-1216.0,628.0,-145.0,-733.0,,37.59,39.87,33.43,70.02,62.16,False,False,False
2022-04-28,64.2,8019616,2357.0,60.0,190.0,2606.0,,41.73,40.49,38.09,69.62,62.08,False,True,False
2022-04-29,65.6,8184465,1669.0,227.0,-39.0,1857.0,,53.13,44.7,44.0,69.06,62.27,False,False,False
2022-05-03,65.9,6591858,200.0,390.0,-44.0,546.0,,62.58,50.66,45.21,68.47,62.53,False,False,False
2022-05-04,66.1,7592756,1034.0,440.0,-165.0,1309.0,,70.11,57.15,46.04,67.78,62.91,False,False,False
2022-05-05,67.0,11187476,2081.0,385.0,-99.0,2368.0,,74.95,63.08,49.75,67.85,62.88,False,False,False
2022-05-06,66.8,7160697,1591.0,405.0,141.0,2137.0,,77.15,67.77,48.95,67.93,62.86,False,False,False
2022-05-09,65.1,5820890,-1874.0,823.0,-57.0,-1108.0,,69.89,68.48,42.63,67.76,62.86,False,False,False
2022-05-10,66.0,8886782,2248.0,760.0,290.0,3297.0,,69.67,68.87,46.56,67.65,62.89,False,False,False
2022-05-11,65.2,8024685,-1429.0,296.0,196.0,-937.0,,60.34,66.03,43.69,67.63,62.88,False,False,False
2022-05-12,64.6,7050120,1552.0,383.0,-7.0,1928.0,,44.5,58.85,41.62,67.44,62.86,False,False,False
2022-05-13,65.5,5511568,554.0,425.0,97.0,1076.0,,41.63,53.11,45.77,67.46,62.98,False,False,False
2022-05-16,66.9,15724608,2632.0,664.0,270.0,3566.0,,51.69,52.64,51.55,67.64,63.1,False,False,False
2022-05-17,67.0,7004515,-1706.0,10.0,65.0,-1631.0,,59.24,54.84,51.94,67.78,63.28,False,True,False
2022-05-18,67.2,6880656,78.0,230.0,-169.0,139.0,,65.99,58.56,52.77,67.97,63.37,False,False,False
2022-05-19,66.9,5487055,-588.0,439.0,77.0,-72.0,,67.93,61.68,51.34,68.11,63.39,False,False,False
2022-05-20,66.8,3774285,-220.0,55.0,-25.0,-190.0,,68.36,63.91,50.85,68.1,63.39,False,False,False
2022-05-23,66.4,4627864,-887.0,343.0,82.0,-463.0,,64.87,64.23,48.83,68.1,63.39,False,False,False
2022-05-24,64.3,7570001,-2379.0,-11.0,-265.0,-2655.0,,43.25,57.23,39.87,68.1,63.39,False,False,False
2022-05-25,64.7,6875583,1103.0,-1109.0,264.0,258.0,,34.67,49.71,42.05,68.06,63.48,False,False,False
2022-05-26,63.5,7068255,-1127.0,-1352.0,-22.0,-2500.0,,23.11,40.84,37.64,68.01,63.56,False,False,False
2022-05-27,63.9,8517588,-626.0,-2933.0,101.0,-3458.0,,19.03,33.57,39.9,68.04,63.5,False,False,False
2022-05-30,65.8,8522765,4511.0,-1444.0,395.0,3462.0,,30.08,32.41,49.31,68.05,63.51,True,False,False
2022-05-31,66.8,13639611,2503.0,-1659.0,-130.0,714.0,,48.39,37.73,53.44,68.14,63.51,False,True,False
2022-06-01,66.8,6203758,526.0,-14.0,-145.0,367.0,,60.59,45.35,53.44,68.21,63.51,False,False,False
2022-06-02,66.8,3183748,480.0,-23.0,-158.0,299.0,,68.73,53.14,53.44,68.19,63.51,False,False,False
2022-06-06,66.8,5495019,-127.0,-8.0,3.0,-133.0,,74.88,60.39,53.44,68.19,63.51,False,False,False
2022-06-07,65.8,4273108,-641.0,-60.0,-43.0,-744.0,,70.43,63.74,48.16,68.19,63.58,False,False,False
2022-06-08,66.1,3693522,465.0,19.0,72.0,556.0,,70.03,65.83,49.77,68.2,63.58,False,False,False
2022-06-09,65.7,4104597,-1480.0,-6.0,-38.0,-1524.0,,66.35,66.0,47.65,68.2,63.63,False,False,False
2022-06-10,65.1,5830202,-2176.0,-3.0,115.0,-2065.0,,52.28,61.43,44.59,68.18,63.7,False,False,False
2022-06-13,62.2,14650324,-8881.0,478.0,-111.0,-8515.0,,38.36,53.74,33.41,68.57,62.98,False,False,False
2022-06-14,62.2,7921212,-1811.0,-1330.0,174.0,-2967.0,,30.57,46.02,33.41,68.7,62.38,False,False,False
2022-06-15,61.2,11528473,-6038.0,-467.0,169.0,-6336.0,,20.38,37.47,30.36,68.88,61.62,False,False,False
2022-06-16,60.4,7244141,-3160.0,124.0,-317.0,-3352.0,,13.59,29.51,28.15,69.01,60.81,False,False,False
2022-06-17,60.1,7634857,-1683.0,1222.0,33.0,-428.0,,12.76,23.93,27.35,69.08,60.06,True,False,False
2022-06-20,59.5,5616607,-2205.0,496.0,8.0,-1701.0,,10.73,19.53,25.77,69.12,59.29,True,False,False
2022-06-21,60.0,7409503,-2592.0,453.0,329.0,-1810.0,,11.66,16.91,29.43,69.03,58.74,True,False,False
2022-06-22,58.1,7063917,-1325.0,158.0,-78.0,-1245.0,,8.21,14.01,24.48,69.32,57.83,True,False,False
2022-06-23,58.3,6663421,-324.0,178.0,444.0,298.0,,8.8,12.27,25.9,69.44,57.07,True,False,False
2022-06-24,58.9,8509118,-1456.0,57.0,714.0,-685.0,,13.67,12.74,30.12,69.5,56.55,True,True,False
2022-06-27,59.8,8179325,-2052.0,194.0,169.0,-1689.0,,23.3,16.26,36.01,69.44,56.2,True,False,False
2022-06-28,58.9,7630542,-4254.0,831.0,183.0,-3241.0,,23.5,18.67,33.02,69.16,55.79,False,False,False
2022-06-29,57.1,12757117,-2925.0,483.0,91.0,-2351.0,,15.67,17.67,28.0,68.76,55.22,False,False,False
2022-06-30,49.4,33986158,-2832.0,-1303.0,-361.0,-4496.0,,12.93,16.09,16.46,69.56,52.68,True,False,False
2022-07-01,48.3,23372598,6516.0,-1779.0,665.0,5402.0,,9.03,13.74,15.48,69.96,50.43,True,False,False
2022-07-04,49.15,11990874,85.0,-1541.0,647.0,-809.0,,9.97,12.48,19.48,69.73,48.89,True,False,False
2022-07-05,49.4,9391993,-327.0,222.0,141.0,37.0,,11.41,12.12,20.66,69.34,47.65,True,False,False
2022-07-06,48.6,11246952,36.0,-1472.0,-121.0,-1557.0,,10.19,11.48,19.66,68.7,46.54,True,False,False
2022-07-07,50.5,15267268,2615.0,7.0,183.0,2805.0,,14.55,12.5,28.51,67.69,46.03,True,True,False
2022-07-08,49.65,17944705,-3935.0,-1552.0,9.0,-5478.0,,15.19,13.4,27.07,66.64,45.53,True,False,False
2022-07-11,49.0,12752511,590.0,-1899.0,-91.0,-1400.0,,14.43,13.74,25.99,66.02,44.83,True,False,False
2022-07-12,47.35,11644377,-3503.0,397.0,-307.0,-3413.0,,11.15,12.88,23.44,65.36,44.01,True,False,False
2022-07-13,49.0,13016964,1914.0,140.0,562.0,2616.0,,22.66,16.14,30.76,64.57,43.57,True,True,False
2022-07-14,49.85,8235519,-596.0,278.0,370.0,52.0,,37.33,23.2,34.25,63.76,43.33,False,False,False
2022-07-15,51.4,12589746,3328.0,14.0,324.0,3666.0,,56.72,34.38,40.17,62.88,43.34,False,False,False
2022-07-18,54.2,22604685,5304.0,-1591.0,193.0,3906.0,,68.94,45.9,49.09,62.17,43.52,False,False,False
2022-07-19,53.0,11994055,-1263.0,-1537.0,-36.0,-2836.0,,71.79,54.53,45.93,61.19,43.8,False,False,False
2022-07-20,53.4,14376081,2017.0,-1525.0,-262.0,230.0,,75.45,61.5,47.15,60.56,43.96,False,False,False
2022-07-21,54.3,7534937,2322.0,-1640.0,151.0,832.0,,81.87,68.29,49.89,59.93,44.19,False,False,False
2022-07-22,53.7,14169515,-434.0,-1691.0,-142.0,-2267.0,,83.5,73.36,48.1,59.04,44.56,False,False,False
2022-07-25,52.7,7968106,593.0,140.0,-35.0,697.0,,78.58,75.1,45.19,57.66,45.23,False,False,False
2022-07-26,52.5,5983337,177.0,251.0,-24.0,404.0,,74.26,74.82,44.6,56.29,45.96,False,False,False
2022-07-27,52.6,4819016,-641.0,141.0,76.0,-424.0,,69.76,73.13,44.99,55.3,46.5,False,False,False
2022-07-28,52.5,4795114,-283.0,198.0,-60.0,-145.0,,56.92,67.73,44.65,55.46,46.65,False,False,False
2022-07-29,52.3,5806670,-1254.0,148.0,117.0,-989.0,,43.08,59.51,43.96,55.49,47.02,False,False,False
2022-08-01,52.2,6018456,-587.0,260.0,-60.0,-387.0,,36.5,51.84,43.59,55.54,47.27,False,False,False
2022-08-02,50.4,9674287,-3157.0,547.0,44.0,-2566.0,,27.29,43.66,37.53,55.51,47.4,False,False,False
2022-08-03,51.2,8859214,-855.0,2188.0,79.0,1412.0,,27.72,38.34,41.43,55.42,47.76,False,False,False
2022-08-04,51.0,6898118,-1823.0,1810.0,-162.0,-175.0,,29.23,35.31,40.74,55.42,47.81,False,False,False
2022-08-05,53.2,8751460,2877.0,484.0,292.0,3653.0,,49.96,40.19,50.44,55.54,48.04,False,True,False
2022-08-08,53.1,5914275,-715.0,568.0,-94.0,-241.0,,62.83,47.74,50.04,55.55,48.44,False,False,False
2022-08-09,52.9,4995316,-822.0,959.0,-110.0,28.0,,69.51,55.0,49.2,55.09,49.46,False,False,False
2022-08-10,51.6,7423879,-2623.0,514.0,-385.0,-2494.0,,61.58,57.19,44.01,54.79,50.02,False,False,False
2022-08-11,53.0,5012982,930.0,471.0,235.0,1636.0,,69.62,61.33,50.11,54.63,50.49,False,False,False
2022-08-12,54.1,5866363,305.0,273.0,156.0,735.0,,78.2,66.96,54.32,54.8,50.59,False,False,False
2022-08-15,53.8,4973692,-1856.0,371.0,-647.0,-2132.0,,78.8,70.9,53.01,54.73,50.62,False,False,False
2022-08-16,53.8,3537044,-1171.0,557.0,11.0,-603.0,,78.89,73.57,53.01,54.82,50.61,False,False,False
2022-08-17,55.0,6298976,466.0,124.0,-290.0,300.0,,85.93,77.69,57.75,55.12,50.47,False,False,False
2022-08-18,53.6,6743338,-3911.0,24.0,51.0,-3835.0,,76.89,77.42,51.25,55.01,50.51,False,False,False
2022-08-19,54.3,4503984,1199.0,212.0,-12.0,1399.0,,77.73,77.52,54.04,55.11,50.47,False,True,False
2022-08-22,53.9,3221815,-192.0,386.0,-41.0,153.0,,74.37,76.47,52.2,55.22,50.48,False,False,False
2022-08-23,53.4,3866860,-460.0,448.0,71.0,59.0,,60.69,71.21,49.92,55.27,50.52,False,False,False
2022-08-24,52.6,5488258,-2871.0,200.0,-95.0,-2765.0,,40.46,60.96,46.42,55.27,50.52,False,False,False
2022-08-25,53.6,3030006,197.0,343.0,149.0,689.0,,40.86,54.26,51.04,55.34,50.56,False,False,False
2022-08-26,53.5,3876915,-762.0,175.0,-19.0,-606.0,,39.74,49.42,50.57,55.39,50.63,False,False,False
2022-08-29,52.5,3892983,-475.0,627.0,-192.0,-41.0,,31.09,43.31,46.02,55.39,50.66,False,False,False
2022-08-30,52.7,3588250,-735.0,278.0,-129.0,-586.0,,28.42,38.35,47.04,55.17,51.11,False,False,False
2022-08-31,53.4,5743523,358.0,166.0,128.0,652.0,,35.61,37.44,50.59,55.06,51.44,False,False,False
2022-09-01,52.6,5577837,-669.0,637.0,-637.0,-669.0,,31.32,35.4,46.74,54.84,51.82,False,False,False
2022-09-02,52.1,3458580,-1544.0,356.0,33.0,-1155.0,,20.88,30.56,44.46,54.88,51.67,False,False,False
2022-09-05,51.1,5022276,-1824.0,210.0,-35.0,-1649.0,,15.88,25.67,40.24,55.05,51.3,False,False,False
2022-09-06,51.2,5864102,-363.0,1196.0,84.0,918.0,,18.72,23.35,40.84,55.16,51.02,True,False,False
2022-09-07,50.6,7431565,-2107.0,1917.0,-449.0,-639.0,,17.13,21.28,38.33,55.3,50.78,True,False,False
2022-09-08,51.1,5779079,-986.0,165.0,42.0,-779.0,,21.07,21.21,41.55,55.37,50.52,True,False,False
2022-09-12,52.3,4146847,652.0,85.0,163.0,900.0,,34.22,25.54,48.51,55.23,50.48,False,True,False
2022-09-13,52.4,4691560,-967.0,969.0,-23.0,-21.0,,43.87,31.65,49.05,55.13,50.44,False,False,False
2022-09-14,50.7,10761082,-2611.0,-1667.0,-386.0,-4664.0,,37.02,33.44,41.1,55.1,50.16,False,False,False
2022-09-15,50.4,5650146,-1387.0,-81.0,-59.0,-1527.0,,29.28,32.05,39.87,54.79,50.01,False,False,False
2022-09-16,49.1,15731066,-6388.0,8.0,-252.0,-6633.0,,22.02,28.71,35.0,54.91,49.44,False,False,False
2022-09-19,48.6,11182736,724.0,-2509.0,269.0,-1515.0,,18.85,25.42,33.31,54.87,48.91,False,False,False
2022-09-20,47.65,12977656,-3551.0,-3570.0,13.0,-7107.0,,13.2,21.35,30.31,54.96,48.2,True,False,False
2022-09-21,47.15,8547546,-1043.0,-1683.0,-222.0,-2948.0,,9.38,17.36,28.85,55.06,47.47,True,False,False
2022-09-22,46.8,8007618,-2946.0,726.0,-86.0,-2306.0,,10.17,14.96,27.83,55.21,46.74,True,False,False
2022-09-23,47.6,7432159,481.0,208.0,70.0,759.0,,14.63,14.85,33.59,54.97,46.38,True,False,False
2022-09-26,45.65,13634151,-4771.0,837.0,-340.0,-4273.0,,10.63,13.44,27.77,54.91,45.65,True,False,False
2022-09-27,46.0,5412521,-496.0,490.0,291.0,285.0,,11.29,12.72,30.11,54.84,45.07,True,False,False
2022-09-28,45.5,9870575,-860.0,498.0,187.0,-175.0,,9.21,11.55,28.68,54.69,44.51,True,False,False
2022-09-29,47.15,9307505,1966.0,354.0,278.0,2598.0,,21.97,15.03,38.98,54.15,44.42,True,True,False
2022-09-30,48.95,14558400,4287.0,355.0,117.0,4759.0,,46.68,25.58,47.83,53.71,44.49,False,False,False
2022-10-03,47.55,12623989,-3763.0,776.0,-119.0,-3106.0,,51.84,34.33,42.65,53.31,44.44,False,False,False
2022-10-04,49.95,16197145,1898.0,1442.0,755.0,4094.0,,66.21,44.96,52.2,53.16,44.48,False,False,False
2022-10-05,51.4,25087606,4197.0,828.0,-10.0,5015.0,,76.42,55.45,56.88,53.19,44.46,False,False,True
2022-10-06,50.2,13147421,-2802.0,389.0,-706.0,-3119.0,,76.93,62.61,52.32,53.14,44.47,False,False,False
2022-10-07,50.2,6671673,252.0,117.0,247.0,616.0,,77.27,67.5,52.32,53.02,44.51,False,False,False
2022-10-11,49.75,14029386,107.0,937.0,276.0,1320.0,,75.06,70.02,50.55,52.58,44.69,False,False,False
2022-10-12,52.7,30451211,6754.0,4113.0,642.0,11509.0,,81.95,73.99,60.06,52.66,44.64,False,False,False
2022-10-13,51.4,16237186,1398.0,1071.0,-902.0,1568.0,,80.34,76.11,55.04,52.78,44.59,False,False,False
2022-10-14,55.2,31408549,6448.0,3348.0,639.0,10435.0,,85.4,79.21,64.4,53.91,43.94,False,False,True
2022-10-17,56.2,17204490,-1752.0,2132.0,572.0,952.0,,89.44,82.62,66.39,55.24,43.32,False,False,True
2022-10-18,55.8,17400785,-82.0,849.0,-62.0,705.0,,88.2,84.48,64.83,56.26,43.02,False,False,True
2022-10-19,53.8,20069987,-5216.0,894.0,178.0,-4144.0,,79.43,82.8,57.56,56.74,43.15,False,False,True
2022-10-20,55.7,25855012,1906.0,4143.0,458.0,6508.0,,81.13,82.24,61.93,57.5,43.25,False,False,True
2022-10-21,55.7,18638228,-40.0,4212.0,45.0,4217.0,,82.26,82.25,61.93,58.11,43.53,False,True,True
2022-10-24,55.6,16137771,-2717.0,863.0,-59.0,-1913.0,,78.32,80.94,61.54,58.65,43.79,False,False,True
2022-10-25,54.1,11562130,-397.0,296.0,567.0,466.0,,67.63,76.5,55.91,58.69,44.6,False,False,True
2022-10-26,54.5,9263298,656.0,429.0,399.0,1483.0,,59.37,70.79,57.04,58.69,45.45,False,False,True
2022-10-27,55.0,10766810,405.0,412.0,102.0,919.0,,53.35,64.98,58.47,58.51,46.57,False,False,True
2022-10-28,53.1,13240174,155.0,-17.0,-467.0,-329.0,,37.61,55.86,51.45,58.24,47.44,False,False,True
2022-10-31,54.5,9062807,1128.0,602.0,213.0,1943.0,,36.64,49.45,55.67,58.24,47.99,False,False,True
2022-11-01,54.0,7288940,-1610.0,135.0,135.0,-1340.0,,32.59,43.83,53.87,57.85,49.03,False,False,True
2022-11-02,54.8,5681805,-156.0,255.0,56.0,155.0,,35.33,41.0,56.31,57.81,49.55,False,False,True
2022-11-03,56.0,10144372,1026.0,262.0,196.0,1483.0,,45.32,42.44,59.74,58.02,49.81,False,True,True
2022-11-04,54.9,8679335,-3170.0,201.0,-336.0,-3306.0,,49.66,44.85,55.44,57.88,50.41,False,False,True
2022-11-07,56.9,13585536,3313.0,787.0,1050.0,5150.0,,63.48,51.06,60.95,57.91,51.05,False,False,True
2022-11-08,57.1,12435378,426.0,848.0,-251.0,1023.0,,73.48,58.53,61.46,57.67,52.03,False,False,True
2022-11-09,58.1,10413413,3478.0,19.0,103.0,3600.0,,81.7,66.25,64.01,58.1,52.14,False,False,True
2022-11-10,58.0,6925277,-232.0,486.0,-93.0,162.0,,86.47,72.99,63.56,58.14,52.76,False,False,True
2022-11-11,59.8,19296996,3579.0,650.0,-414.0,3816.0,,90.45,78.81,67.95,59.0,52.36,False,False,True
2022-11-14,59.9,13016566,3170.0,-766.0,-388.0,2016.0,,90.73,82.79,68.17,59.68,52.05,False,False,True
2022-11-15,59.7,10258939,2295.0,-759.0,-463.0,1073.0,,89.84,85.14,67.14,60.24,51.88,False,False,True
2022-11-16,60.1,9698486,3312.0,-774.0,-524.0,2014.0,,91.11,87.13,68.18,60.78,51.97,False,False,True
2022-11-17,58.9,16996664,1651.0,-1722.0,101.0,29.0,,84.01,86.09,61.85,61.07,52.0,False,False,True
2022-11-18,60.7,20678802,7359.0,-2818.0,451.0,4991.0,,81.46,84.55,66.83,61.66,51.91,False,False,True
2022-11-21,58.4,14158132,-198.0,33.0,-452.0,-617.0,,63.64,77.58,56.66,61.82,52.03,False,False,True
2022-11-22,59.2,9303061,382.0,1335.0,-33.0,1684.0,,57.09,70.75,59.0,61.99,52.37,False,False,True
2022-11-23,59.8,8224653,-317.0,1573.0,-76.0,1180.0,,55.79,65.76,60.71,62.21,52.68,False,False,True
2022-11-24,59.9,7481113,-150.0,1298.0,30.0,1178.0,,55.64,62.39,61.0,62.43,52.95,False,False,True
2022-11-25,59.7,6584183,-988.0,1190.0,-132.0,70.0,,54.11,59.63,60.04,62.32,53.72,False,False,True
2022-11-28,58.5,10418539,-2411.0,2.0,-100.0,-2509.0,,44.58,54.61,54.49,62.19,54.25,False,False,True
2022-11-29,57.2,17570959,-562.0,-897.0,-527.0,-1985.0,,33.43,47.55,49.19,61.86,54.9,False,False,True
2022-11-30,56.8,17579197,-2669.0,-389.0,-222.0,-3280.0,,26.73,40.61,47.65,61.62,55.34,False,False,True
2022-12-01,57.5,13835727,1216.0,1227.0,-192.0,2251.0,,28.02,36.42,50.56,61.52,55.59,False,False,True
2022-12-02,56.1,17164019,-6176.0,-1669.0,-257.0,-8102.0,,20.1,30.98,45.16,61.3,55.93,False,False,True
2022-12-05,56.2,7580031,-669.0,96.0,-47.0,-620.0,,15.53,25.83,45.6,61.38,55.78,False,False,True
2022-12-06,54.3,15085665,-6272.0,-13.0,-32.0,-6317.0,,11.38,21.01,39.08,61.78,55.1,True,False,True
2022-12-07,53.5,8669448,-3171.0,-21.0,-174.0,-3366.0,,7.59,16.54,36.7,62.21,54.21,True,False,False
2022-12-08,54.0,8653920,-3525.0,741.0,241.0,-2542.0,,10.52,14.53,39.19,62.43,53.59,True,False,False
2022-12-09,53.7,8465475,-3063.0,-66.0,43.0,-3086.0,,10.97,13.34,38.22,62.44,52.97,True,False,False
2022-12-12,54.8,7258729,319.0,733.0,1.0,1053.0,,17.48,14.72,43.73,62.24,52.66,True,True,True
2022-12-13,54.8,7507436,-1230.0,473.0,51.0,-706.0,,21.82,17.09,43.73,62.01,52.4,True,False,True
2022-12-14,55.5,7300405,813.0,529.0,271.0,1613.0,,34.39,22.86,47.21,61.63,52.32,False,False,True
2022-12-15,55.9,4809919,266.0,53.0,-106.0,213.0,,47.71,31.14,49.15,61.41,52.24,False,False,True
2022-12-16,54.5,8734338,-982.0,-231.0,-343.0,-1556.0,,47.94,36.74,43.18,60.83,52.2,False,False,False
2022-12-19,53.7,6310919,499.0,-816.0,-90.0,-408.0,,39.49,37.66,40.18,60.68,51.88,False,False,False
2022-12-20,52.0,10471584,-1307.0,-604.0,-1010.0,-2921.0,,26.32,33.88,34.67,60.48,51.36,False,False,False
2022-12-21,51.5,7997323,-713.0,457.0,-483.0,-738.0,,17.55,28.44,33.23,60.09,50.92,False,False,False
2022-12-22,51.7,6443016,795.0,-1338.0,-196.0,-738.0,,13.15,23.34,34.4,59.49,50.7,True,False,False
2022-12-23,51.4,5240812,-217.0,-28.0,-125.0,-370.0,,15.99,20.89,33.45,58.8,50.56,True,False,False
2022-12-26,51.5,1873533,-60.0,204.0,-63.0,81.0,,18.44,20.07,34.1,58.27,50.39,True,False,False
2022-12-27,51.9,2763383,-608.0,352.0,88.0,-168.0,,22.29,20.81,36.78,57.91,50.22,True,True,False
2022-12-28,51.3,3348466,-545.0,223.0,-220.0,-542.0,,22.86,21.49,34.52,57.6,49.98,False,False,False
2022-12-29,51.8,4290189,-852.0,461.0,50.0,-341.0,,27.83,23.61,37.95,56.98,50.03,False,False,False
2022-12-30,51.2,2400093,-928.0,237.0,-51.0,-743.0,,28.2,25.14,35.54,56.65,49.87,False,False,False
2023-01-03,53.0,7492900,2460.0,338.0,198.0,2996.0,,49.99,33.42,46.51,56.2,50.0,False,False,False
2023-01-04,54.1,9049463,1310.0,287.0,510.0,2107.0,,65.07,43.97,51.89,56.17,50.01,False,False,False
2023-01-05,54.9,17506891,-2116.0,189.0,277.0,-1650.0,,70.05,52.66,55.41,56.35,49.97,False,False,False
2023-01-06,55.0,9955000,-2100.0,120.0,516.0,-1465.0,,73.48,59.6,55.84,56.48,49.94,False,False,False
2023-01-09,56.7,12692822,3184.0,641.0,573.0,4399.0,,82.32,67.18,62.53,56.98,49.74,False,False,True
2023-01-10,56.5,10024354,692.0,47.0,-28.0,711.0,,83.45,72.6,61.35,57.28,49.61,False,False,True
2023-01-11,57.0,10033128,2160.0,279.0,-22.0,2417.0,,86.59,77.26,63.21,57.67,49.44,False,False,True
2023-01-12,56.2,4147426,-191.0,-9.0,-49.0,-249.0,,84.39,79.64,58.36,57.79,49.39,False,False,True
2023-01-13,56.0,5282902,336.0,329.0,-69.0,596.0,,81.9,80.39,57.18,57.81,49.38,False,False,True
2023-01-16,57.5,9181583,5356.0,38.0,6.0,5399.0,,87.93,82.91,63.2,58.29,49.2,False,False,True
2023-01-17,57.7,7441187,365.0,-239.0,136.0,263.0,,91.14,85.65,63.92,58.82,49.07,False,False,True
2023-01-30,60.3,24243103,5423.0,848.0,942.0,7213.0,,90.1,87.13,71.75,59.91,48.81,False,False,True
2023-01-31,57.8,14748173,-4446.0,214.0,-78.0,-4310.0,,73.86,82.71,58.59,60.25,49.1,False,False,True
2023-02-01,58.2,7907417,-323.0,326.0,-116.0,-113.0,,64.39,76.6,59.86,60.61,49.39,False,False,True
2023-02-02,59.9,12790241,3528.0,1026.0,344.0,4898.0,,68.38,73.86,64.79,61.17,49.68,False,False,True
2023-02-03,59.9,7333360,2421.0,375.0,-319.0,2477.0,,71.04,72.92,64.79,61.61,50.08,False,False,True
2023-02-06,58.1,6851301,-1821.0,766.0,-165.0,-1220.0,,61.91,69.25,56.3,61.69,50.62,False,False,True
2023-02-07,58.2,3577407,-84.0,517.0,-51.0,382.0,,54.6,64.37,56.64,61.6,51.4,False,False,True
2023-02-08,58.4,6565423,-489.0,404.0,267.0,182.0,,48.52,59.09,57.35,61.49,52.17,False,False,True
2023-02-09,58.0,7661931,-1485.0,182.0,-92.0,-1395.0,,38.33,52.17,55.38,61.02,53.32,False,False,True
2023-02-10,58.3,5634426,1567.0,752.0,-138.0,2181.0,,37.05,47.13,56.59,60.77,54.1,False,False,True
2023-02-13,57.6,5472088,-1187.0,1534.0,-185.0,162.0,,30.08,41.44,53.0,60.55,54.67,False,False,True
2023-02-14,58.4,5179587,733.0,152.0,280.0,1165.0,,34.03,38.97,56.4,60.45,55.12,False,False,True
2023-02-15,58.5,4634967,559.0,-55.0,7.0,511.0,,37.74,38.56,56.82,60.3,55.62,False,False,True
2023-02-16,59.7,8722018,580.0,596.0,741.0,1917.0,,55.04,44.06,61.61,60.49,55.73,False,True,False
2023-02-17,59.7,5971745,-538.0,529.0,9.0,0.0,,65.59,51.23,61.61,60.63,55.91,False,False,False
2023-02-20,60.0,3549216,-6.0,475.0,-95.0,374.0,,72.16,58.21,62.81,60.82,56.02,False,False,True
2023-02-21,60.4,3872607,-797.0,-41.0,-65.0,-903.0,,80.46,65.62,64.4,60.94,56.32,False,False,True
2023-02-22,58.7,7290699,-2970.0,853.0,-150.0,-2267.0,,69.32,66.86,53.85,60.72,56.81,False,False,False
2023-02-23,59.5,5596637,-1855.0,2173.0,-16.0,302.0,,69.75,67.82,57.39,60.75,56.98,False,False,False
2023-02-24,58.4,7969973,-3024.0,591.0,49.0,-2383.0,,53.9,63.18,51.53,60.72,57.08,False,False,False
2023-03-01,57.3,6581065,-3671.0,500.0,-174.0,-3345.0,,36.95,54.44,46.43,60.58,56.92,False,False,False
2023-03-02,57.3,10113052,-1002.0,-332.0,-182.0,-1516.0,,30.61,46.5,46.43,60.62,56.83,False,False,False
2023-03-03,57.9,5739113,-489.0,-1071.0,152.0,-1409.0,,31.52,41.5,49.59,60.63,56.79,False,False,False
2023-03-06,57.7,6760474,-1724.0,-1073.0,407.0,-2389.0,,30.42,37.81,48.56,60.48,56.72,False,False,False
2023-03-07,58.5,4316295,656.0,-53.0,258.0,861.0,,36.52,37.38,52.78,60.31,56.75,False,False,False
2023-03-08,61.0,18024145,6454.0,817.0,649.0,7920.0,,57.68,44.14,62.98,60.75,56.6,False,True,True
2023-03-09,59.1,13591158,-3691.0,-920.0,-389.0,-5000.0,,55.81,48.03,53.52,60.79,56.65,False,False,True
2023-03-10,58.7,6711615,-2090.0,1021.0,-373.0,-1443.0,,51.79,49.29,51.75,60.8,56.67,False,False,True
2023-03-13,58.5,6170911,-1132.0,1215.0,-107.0,-24.0,,47.72,48.76,50.85,60.8,56.72,False,False,True
2023-03-14,58.0,6637914,-1330.0,1198.0,79.0,-53.0,,41.54,46.36,48.57,60.81,56.68,False,False,True
2023-03-15,58.0,4691222,-1425.0,824.0,-334.0,-935.0,,34.67,42.46,48.57,60.79,56.74,False,False,True
2023-03-16,57.7,3858414,-1138.0,682.0,-177.0,-633.0,,24.82,36.58,47.1,60.8,56.66,False,False,True
2023-03-17,59.3,12525187,-894.0,3573.0,216.0,2895.0,,31.93,35.03,54.93,60.85,56.69,False,False,True
2023-03-20,59.2,3415875,-967.0,586.0,245.0,-136.0,,35.82,35.29,54.39,60.79,56.7,False,True,True
2023-03-21,58.6,5876502,-3123.0,10.0,386.0,-2727.0,,33.28,34.62,51.13,60.69,56.69,False,False,True
2023-03-22,59.1,5381241,-374.0,-22.0,348.0,-49.0,,43.52,37.59,53.62,60.56,56.73,False,True,True
2023-03-23,59.8,7672975,568.0,274.0,1025.0,1868.0,,53.74,42.97,56.94,60.43,56.8,False,False,True
2023-03-24,63.3,27783325,4176.0,2227.0,1196.0,7599.0,,62.68,49.54,68.9,61.62,56.07,False,False,True
2023-03-27,63.2,11591830,441.0,1369.0,-519.0,1291.0,,68.18,55.75,68.32,62.41,55.65,False,False,True
2023-03-28,62.5,10576128,324.0,217.0,-370.0,172.0,,68.6,60.04,64.21,62.94,55.53,False,False,True
2023-03-29,61.0,12316625,-1013.0,3.0,-332.0,-1342.0,,60.09,60.05,56.4,63.09,55.75,False,False,True
2023-03-30,63.9,28891243,2202.0,3157.0,773.0,6132.0,,66.82,62.31,65.21,63.78,55.72,False,False,True
2023-03-31,66.5,39636500,1931.0,1582.0,254.0,3767.0,,75.99,66.87,70.9,65.12,55.24,False,False,True
2023-04-06,66.4,24061913,-811.0,1079.0,21.0,289.0,,81.52,71.75,70.42,66.13,55.1,False,False,True
2023-04-07,68.6,25837704,6322.0,2050.0,57.0,8430.0,,87.01,76.84,74.48,67.59,54.65,False,False,True
2023-04-10,66.7,22925977,-2149.0,1568.0,11.0,-570.0,,82.59,78.76,66.05,68.34,54.47,False,False,True
2023-04-11,68.2,26721551,6217.0,2072.0,852.0,9140.0,,85.14,80.88,69.03,69.33,54.39,False,False,True
2023-04-12,69.1,34888902,3465.0,3904.0,-46.0,7323.0,,87.16,82.98,70.69,70.35,54.41,False,False,True
2023-04-13,67.5,17364963,345.0,246.0,-549.0,42.0,,82.65,82.87,64.1,70.9,54.76,False,False,True
2023-04-14,67.6,9342835,-564.0,1.0,-67.0,-630.0,,76.26,80.67,64.32,71.31,55.31,False,False,True
2023-04-17,68.0,10770890,2276.0,557.0,127.0,2960.0,,73.26,78.2,65.26,71.66,55.96,False,False,True
2023-04-18,67.3,6674245,-975.0,912.0,-247.0,-310.0,,67.23,74.54,62.19,71.73,56.85,False,False,True
2023-04-19,67.0,8287512,2612.0,-953.0,-35.0,1624.0,,51.3,66.79,60.87,71.82,57.53,False,False,True
2023-04-20,65.5,10469093,898.0,298.0,-566.0,629.0,,37.6,57.06,54.63,71.66,58.32,False,False,True
2023-04-21,64.5,9489829,4676.0,-1706.0,-868.0,2102.0,,26.82,46.98,50.88,71.24,59.33,False,False,True
2023-04-24,64.2,7835320,1325.0,-671.0,-217.0,437.0,,20.07,38.01,49.78,70.78,60.3,False,False,True
2023-04-25,63.5,9760408,-726.0,720.0,-198.0,-204.0,,15.72,30.58,47.2,70.33,61.12,False,False,True
2023-04-26,64.1,7203769,-1588.0,1195.0,337.0,-56.0,,20.48,27.21,49.61,70.3,61.23,True,False,True
2023-04-27,65.6,8321175,-44.0,1100.0,83.0,1139.0,,31.99,28.8,55.11,70.26,61.51,False,True,True
2023-04-28,67.8,16828157,3991.0,300.0,968.0,5259.0,,53.49,37.03,61.71,70.29,62.01,False,False,True
2023-05-02,66.7,6893383,-577.0,115.0,6.0,-456.0,,61.39,45.15,57.18,69.8,63.07,False,False,True
2023-05-03,67.1,8245657,-918.0,370.0,-3.0,-551.0,,69.0,53.1,58.38,69.75,63.44,False,False,True
2023-05-04,68.0,7737716,1119.0,233.0,203.0,1555.0,,79.33,61.84,61.02,69.88,63.46,False,False,True
2023-05-05,66.7,9299080,-2725.0,827.0,-142.0,-2040.0,,78.62,67.43,55.54,69.9,63.47,False,False,True
2023-05-08,64.8,9260289,-3343.0,808.0,-475.0,-3010.0,,67.03,67.3,48.66,69.68,63.31,False,False,True
2023-05-09,64.7,5810858,302.0,-1040.0,-12.0,-750.0,,58.72,64.44,48.33,69.68,63.11,False,False,True
2023-05-10,64.2,4955276,-2258.0,-342.0,-27.0,-2626.0,,43.69,57.53,46.58,69.5,62.89,False,False,True
2023-05-11,63.3,4723487,-438.0,-221.0,-248.0,-907.0,,29.82,48.29,43.53,69.15,62.66,False,False,True
2023-05-12,63.8,4681336,-1646.0,477.0,68.0,-1101.0,,27.29,41.29,45.66,69.01,62.43,False,False,True
2023-05-15,63.9,5738015,-1223.0,827.0,212.0,-184.0,,26.22,36.27,46.09,68.79,62.28,False,False,True
2023-05-16,64.6,6177244,-138.0,-60.0,648.0,451.0,,29.82,34.12,49.18,68.43,62.3,False,False,True
2023-05-17,68.0,25645575,7346.0,336.0,1601.0,9283.0,,49.39,39.21,60.89,68.57,62.23,False,True,True
2023-05-18,69.3,18627254,-316.0,996.0,190.0,870.0,,62.31,46.91,64.28,69.08,61.95,False,False,True
2023-05-19,69.9,13136526,2265.0,313.0,-193.0,2385.0,,73.56,55.79,65.76,69.8,61.67,False,False,True
2023-05-22,70.1,21332203,89.0,-949.0,-299.0,-1160.0,,73.31,61.63,66.26,70.47,61.56,False,False,True
2023-05-23,69.9,11505748,1123.0,-1235.0,67.0,-45.0,,72.5,65.26,65.23,70.99,61.61,False,False,True
2023-05-24,69.9,15095441,-458.0,-108.0,308.0,-258.0,,71.96,67.49,65.23,71.38,61.86,False,False,True
2023-05-25,72.4,33561601,15563.0,-1561.0,243.0,14245.0,,79.59,71.52,71.61,72.29,61.78,False,False,True
2023-05-26,71.9,21260321,942.0,-1420.0,-782.0,-1259.0,,81.03,74.69,68.89,72.99,61.71,False,False,True
2023-05-29,71.2,14046942,-3231.0,-1601.0,175.0,-4656.0,,77.21,75.53,65.16,73.41,61.63,False,False,True
2023-05-30,71.9,8886610,2884.0,-1808.0,487.0,1563.0,,75.28,75.45,67.08,73.97,61.59,False,False,True
2023-05-31,73.5,21111080,3637.0,-1994.0,537.0,2180.0,,83.52,78.14,71.01,74.79,61.41,False,True,True
2023-06-01,71.4,13268008,-1328.0,-1300.0,-217.0,-2844.0,,74.73,77.0,60.75,75.12,61.42,False,False,True
2023-06-02,72.9,12757554,4298.0,-1232.0,311.0,3376.0,,79.07,77.69,64.68,75.68,61.48,False,True,True
2023-06-05,72.1,6998880,-1010.0,172.0,-241.0,-1079.0,,75.9,77.09,61.16,75.98,61.91,False,False,True
2023-06-06,72.4,4881641,927.0,-52.0,-73.0,802.0,,74.53,76.24,62.0,76.23,62.43,False,False,True
2023-06-07,71.9,7188623,-715.0,-758.0,-51.0,-1524.0,,65.24,72.58,59.7,76.26,63.17,False,False,True
2023-06-08,70.2,8519182,76.0,-1019.0,13.0,-930.0,,45.4,63.52,52.55,75.87,64.25,False,False,True
2023-06-09,71.3,6047180,1931.0,17.0,16.0,1964.0,,42.65,56.56,56.21,75.45,65.42,False,False,True
2023-06-12,72.9,10064940,4234.0,-636.0,274.0,3872.0,,56.05,56.39,60.92,74.96,66.81,False,False,True
2023-06-13,74.8,17086258,1298.0,260.0,463.0,2021.0,,66.46,59.75,65.64,74.63,68.16,False,True,True
2023-06-14,76.2,18365048,5422.0,-2330.0,-225.0,2866.0,,74.26,64.58,68.65,75.29,68.32,False,False,True
2023-06-15,75.3,11694931,693.0,-1386.0,81.0,-612.0,,75.11,68.09,64.73,75.72,68.49,False,False,True
2023-06-16,78.5,19508386,5118.0,470.0,1452.0,7039.0,,82.27,72.82,71.06,76.99,68.08,False,False,True
2023-06-19,78.0,9540572,-3145.0,836.0,-512.0,-2821.0,,85.15,76.93,68.98,77.85,68.01,False,False,True
2023-06-20,77.4,9215315,331.0,-2998.0,-375.0,-3042.0,,84.8,79.55,66.46,78.4,68.21,False,False,True
2023-06-21,74.6,19708212,-2810.0,-2738.0,-682.0,-6229.0,,73.0,77.37,56.15,78.4,68.68,False,False,True
2023-06-26,73.0,20628647,8725.0,-1261.0,65.0,7530.0,,55.51,70.08,51.26,78.41,68.73,False,False,True
2023-06-27,70.8,19355951,1114.0,-2286.0,350.0,-822.0,,37.82,59.33,45.41,78.45,68.58,False,False,True
2023-06-28,69.5,10647067,645.0,-731.0,313.0,227.0,,26.26,48.3,42.33,78.59,68.27,False,False,True
2023-06-29,72.2,15544064,-256.0,1369.0,517.0,1630.0,,27.92,41.51,49.92,78.59,68.3,False,False,True
2023-06-30,70.8,16817189,-628.0,-355.0,-322.0,-1305.0,,24.17,35.73,46.5,78.59,68.03,False,False,True
2023-07-03,70.1,6077012,-2194.0,157.0,-46.0,-2083.0,,19.24,30.23,44.85,78.65,67.84,False,False,True
2023-07-04,70.4,8459940,1145.0,-2270.0,-8.0,-1133.0,,17.08,25.85,45.74,78.67,67.57,True,False,True
2023-07-05,70.1,8256833,187.0,109.0,-296.0,0.0,,15.28,22.33,44.96,78.72,67.32,True,False,True
2023-07-06,70.1,6271016,-529.0,-4.0,-466.0,-999.0,,17.01,20.55,44.96,78.75,67.06,True,False,True
2023-07-07,69.1,9606135,-941.0,613.0,-880.0,-1207.0,,18.39,19.83,42.17,78.84,66.69,True,False,False
2023-07-10,69.7,8384046,-346.0,297.0,142.0,93.0,,23.16,20.94,44.4,78.86,66.62,True,True,True
2023-07-11,69.9,10002000,-1564.0,-461.0,149.0,-1876.0,,27.62,23.17,45.16,78.89,66.45,False,False,True
2023-07-12,70.1,9486574,-2847.0,-509.0,-172.0,-3528.0,,38.41,28.25,45.95,78.86,66.2,False,False,True
2023-07-13,70.9,10964475,3004.0,-916.0,766.0,2853.0,,49.77,35.42,49.12,78.61,66.06,False,False,True
2023-07-14,71.7,5854215,830.0,14.0,-80.0,764.0,,64.02,44.95,52.14,78.12,66.1,False,False,True
2023-07-17,71.7,5484572,291.0,-26.0,-452.0,-187.0,,70.71,53.54,52.14,77.75,66.11,False,False,True
2023-07-18,69.5,7354033,-2977.0,-512.0,-376.0,-3864.0,,58.5,55.19,43.84,76.49,66.47,False,False,False
2023-07-19,70.4,12357839,-1358.0,-1857.0,-449.0,-3663.0,,57.18,55.86,47.52,75.08,67.12,False,False,True
2023-07-20,70.3,4656175,-670.0,-689.0,-303.0,-1662.0,,53.51,55.07,47.15,73.41,68.08,False,False,True
2023-07-21,70.1,11835297,1424.0,-4096.0,-158.0,-2830.0,,49.35,53.16,46.37,72.48,68.56,False,False,False
2023-07-24,69.3,5430375,189.0,-1803.0,202.0,-1413.0,,39.74,48.69,43.29,71.98,68.69,False,False,False
2023-07-25,68.2,8371057,-655.0,-2141.0,-132.0,-2927.0,,27.27,41.55,39.42,72.09,68.32,False,False,False
2023-07-26,67.1,12479975,-846.0,-405.0,-97.0,-1347.0,,23.02,35.37,35.96,72.41,67.76,False,False,False
2023-07-27,71.4,15224333,5332.0,117.0,265.0,5714.0,,42.43,37.72,53.25,72.24,67.85,False,True,True
2023-07-28,74.8,22095359,6382.0,899.0,144.0,7424.0,,59.11,44.85,61.99,73.29,67.2,False,False,True
2023-07-31,72.3,11712625,-2171.0,-5.0,-734.0,-2910.0,,60.81,50.17,54.0,73.54,67.17,False,False,True
2023-08-01,71.0,9086310,-1195.0,124.0,-24.0,-1095.0,,57.38,52.57,50.36,73.58,67.19,False,False,True
2023-08-02,69.1,9445720,-3304.0,-354.0,-239.0,-3897.0,,48.43,51.19,45.53,73.58,67.09,False,False,False
2023-08-04,69.9,6792166,-1862.0,727.0,128.0,-1006.0,,45.27,49.22,47.8,73.57,67.08,False,False,False
2023-08-07,70.0,2895743,-292.0,211.0,-40.0,-122.0,,43.51,47.32,48.09,73.57,67.17,False,False,False
2023-08-08,68.5,6472159,-2377.0,-109.0,-266.0,-2752.0,,37.08,43.9,44.12,73.61,67.01,False,False,False
2023-08-09,68.9,3511396,375.0,-272.0,74.0,178.0,,29.36,39.06,45.42,73.62,66.9,False,False,False
2023-08-10,67.1,6953045,-3490.0,40.0,-282.0,-3731.0,,19.96,32.69,40.83,73.75,66.47,False,False,False
2023-08-11,67.9,5123134,1945.0,18.0,111.0,2074.0,,16.75,27.38,43.56,73.71,66.21,True,False,False
2023-08-14,64.9,11269753,-414.0,-310.0,-69.0,-793.0,,14.47,23.07,36.72,73.9,65.34,True,False,False
2023-08-15,64.6,5552331,740.0,-118.0,-42.0,580.0,,12.67,19.61,36.11,73.98,64.55,True,False,False
2023-08-16,63.7,9009886,1326.0,56.0,-160.0,1222.0,,10.76,16.66,34.27,74.3,63.65,True,False,False
2023-08-17,65.6,12850703,-532.0,72.0,90.0,-370.0,,20.51,17.94,41.09,74.22,63.25,True,True,False
2023-08-18,64.6,8159377,-2055.0,-1547.0,-209.0,-3812.0,,24.0,19.96,38.81,74.18,62.72,False,False,False
2023-08-21,63.4,5226663,861.0,-907.0,-15.0,-61.0,,21.05,20.33,36.21,74.21,62.02,False,False,False
2023-08-22,63.5,3294522,-688.0,-442.0,9.0,-1120.0,,19.95,20.2,36.59,74.23,61.42,False,False,False
2023-08-23,63.5,6721133,1708.0,-1793.0,105.0,20.0,,19.21,19.87,36.59,74.27,60.91,True,False,False
2023-08-24,65.3,5963862,3100.0,-4.0,16.0,3112.0,,30.07,23.27,43.63,74.26,60.74,True,True,False
2023-08-25,65.0,4487947,469.0,-44.0,-79.0,346.0,,42.85,29.8,42.77,73.76,60.6,False,False,False
2023-08-28,65.6,3259189,648.0,9.0,-46.0,612.0,,56.64,38.75,45.08,72.27,61.17,False,False,False
2023-08-29,66.2,4042922,982.0,6.0,42.0,1030.0,,68.65,48.71,47.37,71.3,61.53,False,False,False
2023-08-30,66.7,5452609,-1492.0,-269.0,372.0,-1389.0,,73.43,56.95,49.27,70.59,61.81,False,False,False
2023-08-31,66.6,10105798,-827.0,504.0,25.0,-299.0,,70.42,61.44,48.89,70.25,61.9,False,False,False
2023-09-01,68.2,12885961,770.0,1999.0,-92.0,2677.0,,73.03,65.31,54.88,69.9,62.08,False,False,False
2023-09-04,67.6,6671805,-1118.0,249.0,-82.0,-950.0,,71.88,67.5,52.4,69.39,62.35,False,False,False
2023-09-05,68.1,5068086,-233.0,245.0,-9.0,3.0,,71.73,68.91,54.25,69.31,62.39,False,False,False
2023-09-06,68.0,3291813,545.0,0.0,-137.0,408.0,,70.04,69.29,53.8,69.12,62.49,False,False,False
2023-09-07,67.2,7388849,-2349.0,-11.0,153.0,-2207.0,,63.69,67.42,50.2,69.14,62.48,False,False,False
2023-09-08,67.2,4355757,-284.0,-468.0,-46.0,-798.0,,58.78,64.54,50.2,69.02,62.53,False,False,False
2023-09-11,65.7,5344482,-3581.0,3.0,-98.0,-3676.0,,40.0,56.36,43.83,69.04,62.59,False,False,False
2023-09-12,66.8,4282658,637.0,58.0,96.0,790.0,,36.42,49.72,48.95,69.12,62.73,False,False,False
2023-09-13,68.4,9529400,116.0,2612.0,395.0,3123.0,,47.05,48.83,55.33,69.36,62.96,False,False,False
2023-09-14,70.0,12208144,2816.0,1076.0,287.0,4179.0,,64.7,54.12,60.62,69.99,62.77,False,True,False
2023-09-15,72.4,30008492,3503.0,5688.0,1198.0,10389.0,,71.82,60.02,66.96,71.17,62.37,False,False,False
2023-09-18,72.3,11469283,-1840.0,2868.0,-565.0,462.0,,73.85,64.63,66.48,71.97,62.46,False,False,False
2023-09-19,71.7,8398760,-263.0,-15.0,-34.0,-312.0,,72.88,67.38,63.54,72.44,62.81,False,False,False
2023-09-20,70.7,7662019,-1676.0,1154.0,-48.0,-570.0,,68.35,67.7,58.86,72.58,63.39,False,False,False
2023-09-21,72.8,12806554,1437.0,1781.0,886.0,4104.0,,73.48,69.63,64.73,73.24,63.48,False,False,True
2023-09-22,72.0,7462659,-1202.0,775.0,-295.0,-722.0,,73.48,70.91,61.15,73.58,63.84,False,False,False
2023-09-25,71.6,5425331,-850.0,279.0,110.0,-461.0,,70.45,70.76,59.38,73.82,64.2,False,False,True
2023-09-26,70.3,5077746,-1368.0,621.0,-132.0,-878.0,,56.23,65.91,53.93,73.86,64.57,False,False,True
2023-09-27,69.8,7234441,-666.0,590.0,400.0,325.0,,43.66,58.49,51.95,73.87,64.87,False,False,False
2023-09-28,65.6,27374042,-10515.0,-2698.0,-791.0,-14004.0,,29.1,48.7,39.01,73.97,64.67,False,False,False
2023-10-02,67.6,9006321,1216.0,200.0,332.0,1748.0,,28.06,41.82,45.92,73.98,64.6,False,False,False
2023-10-03,68.1,13619527,530.0,1367.0,477.0,2375.0,,30.12,37.92,47.52,73.97,64.66,False,False,False
2023-10-04,67.7,5929207,-1733.0,233.0,-103.0,-1602.0,,29.67,35.17,46.34,73.97,64.62,False,False,False
2023-10-05,69.5,7907252,2893.0,45.0,-189.0,2748.0,,37.59,35.98,52.11,74.01,64.73,False,True,False
2023-10-06,69.2,6292276,-1652.0,214.0,150.0,-1289.0,,41.73,37.89,51.12,74.0,64.94,False,False,False
2023-10-11,70.7,13577752,519.0,444.0,178.0,1141.0,,57.64,44.48,55.64,74.07,65.22,False,False,False
2023-10-12,71.0,20210704,-4221.0,342.0,296.0,-3583.0,,70.57,53.17,56.51,73.96,65.86,False,False,False
2023-10-13,70.8,12156524,309.0,140.0,434.0,882.0,,75.46,60.6,55.73,73.9,66.32,False,False,False
2023-10-16,70.6,6047777,142.0,322.0,-109.0,354.0,,75.84,65.68,54.91,73.93,66.51,False,False,True
2023-10-17,70.9,11686448,945.0,610.0,235.0,1790.0,,78.1,69.82,55.95,73.99,66.54,False,False,True
2023-10-18,70.2,11880086,910.0,569.0,-326.0,1153.0,,74.53,71.39,52.88,73.74,66.57,False,False,False
2023-10-19,70.5,8223519,939.0,-64.0,-191.0,685.0,,73.93,72.24,54.04,73.51,66.62,False,False,True
2023-10-20,70.3,7925934,1887.0,-26.0,-829.0,1032.0,,72.01,72.16,53.1,73.35,66.64,False,False,True
2023-10-23,69.6,6432602,188.0,-11.0,-540.0,-363.0,,65.43,69.92,49.82,73.29,66.59,False,False,True
2023-10-24,67.8,9657117,-3456.0,79.0,-455.0,-3832.0,,47.41,62.42,42.54,72.88,66.5,False,False,False
2023-10-25,68.0,4778064,-235.0,44.0,-11.0,-202.0,,36.26,53.7,43.53,72.57,66.41,False,False,False
2023-10-26,66.1,10462626,-3334.0,131.0,-495.0,-3698.0,,24.17,43.85,37.03,72.48,65.95,False,False,False
2023-10-27,64.8,11710159,-579.0,-3848.0,-231.0,-4657.0,,17.54,35.08,33.35,72.71,65.17,False,False,False
2023-10-30,64.9,6520606,1553.0,-3835.0,167.0,-2115.0,,15.3,28.49,33.9,72.84,64.55,True,False,False
2023-10-31,64.7,5049220,-284.0,-2.0,243.0,-43.0,,13.14,23.37,33.31,72.96,64.34,True,False,False
2023-11-01,64.5,3449704,-575.0,-295.0,-123.0,-993.0,,11.21,19.32,32.7,73.17,63.82,True,False,False
2023-11-02,65.6,8316966,972.0,-2512.0,41.0,-1498.0,,15.43,18.02,39.27,73.22,63.52,True,False,False
2023-11-03,66.1,6558064,939.0,-1547.0,-44.0,-652.0,,23.25,19.77,42.03,73.24,63.34,True,True,False
2023-11-06,65.4,16236645,-2491.0,-2988.0,-132.0,-5610.0,,25.43,21.65,39.33,73.16,63.01,False,False,False
2023-11-07,65.9,8667953,-1672.0,-871.0,247.0,-2296.0,,35.58,26.3,42.19,73.06,62.78,False,False,False
2023-11-08,65.4,4175817,-420.0,-625.0,-29.0,-1074.0,,41.0,31.2,40.15,72.73,62.58,False,False,False
2023-11-09,64.6,5576306,-2463.0,-1.0,4.0,-2460.0,,34.74,32.38,37.07,72.33,62.34,False,False,False
2023-11-10,63.7,6352324,-2729.0,-91.0,-125.0,-2945.0,,24.24,29.67,33.91,71.95,62.01,False,False,False
2023-11-13,63.6,12047039,-3937.0,-7.0,263.0,-3681.0,,24.29,27.87,33.57,71.51,61.75,False,False,False
2023-11-14,66.1,11884801,2452.0,-150.0,56.0,2358.0,,44.65,33.47,47.75,70.84,61.94,False,True,False
2023-11-15,67.6,20283028,4742.0,-1810.0,413.0,3345.0,,54.64,40.52,54.09,70.38,62.14,False,False,False
2023-11-16,67.2,7564339,-42.0,-333.0,719.0,344.0,,59.31,46.79,52.27,69.74,62.45,False,False,False
2023-11-17,67.4,6922846,603.0,-26.0,-223.0,354.0,,63.42,52.33,53.12,69.08,62.82,False,False,False
2023-11-20,70.0,19168828,3618.0,4.0,681.0,4304.0,,70.63,58.43,62.47,69.2,62.74,False,False,True
2023-11-21,70.6,18852757,7315.0,-5069.0,320.0,2566.0,,77.74,64.87,64.24,69.88,62.34,False,False,True
2023-11-22,70.7,17432562,4987.0,-5130.0,938.0,795.0,,82.86,70.87,64.54,70.46,62.03,False,False,True
2023-11-23,70.7,16272412,9887.0,-5048.0,-272.0,4567.0,,86.28,76.0,64.54,71.14,61.81,False,False,True
2023-11-24,70.8,24276537,2191.0,-4980.0,704.0,-2085.0,,88.54,80.18,64.88,71.75,61.8,False,False,True
2023-11-27,70.1,22786235,5845.0,-4901.0,72.0,1016.0,,83.66,81.34,60.48,72.14,61.93,False,False,True
2023-11-28,73.5,49782715,8511.0,-4313.0,3074.0,7272.0,,89.11,83.93,70.83,73.21,61.74,False,False,True
2023-11-29,74.2,42221008,4299.0,-4211.0,167.0,256.0,,91.03,86.3,72.43,74.25,61.67,False,False,True
2023-11-30,75.0,39552987,15033.0,-12156.0,852.0,3729.0,,94.02,88.87,74.18,75.35,61.51,False,False,True
2023-12-01,73.7,20486169,1512.0,-5304.0,1057.0,-2736.0,,89.13,88.96,66.78,76.02,61.6,False,False,True
2023-12-04,74.0,15830862,3736.0,-4521.0,1489.0,704.0,,86.6,88.17,67.59,76.62,61.86,False,False,True
2023-12-05,73.2,10528022,2683.0,-2262.0,-259.0,161.0,,80.81,85.72,63.2,77.01,62.2,False,False,True
2023-12-06,72.0,11981006,-2333.0,-93.0,-73.0,-2499.0,,70.8,80.75,57.2,77.13,62.74,False,False,True
2023-12-07,70.7,12154931,-2046.0,-14.0,22.0,-2038.0,,56.34,72.61,51.5,76.99,63.49,False,False,True
2023-12-08,72.1,9753485,1900.0,-24.0,387.0,2262.0,,51.4,65.54,56.52,76.7,64.62,False,False,True
2023-12-11,72.2,6706002,1984.0,-89.0,590.0,2486.0,,46.76,59.28,56.87,76.17,66.01,False,False,True
2023-12-12,72.5,13391859,2282.0,1595.0,33.0,3911.0,,45.76,54.77,57.94,75.94,66.88,False,False,True
2023-12-13,73.7,8925202,2868.0,1300.0,-373.0,3795.0,,53.42,54.32,62.02,75.98,67.45,False,False,True
2023-12-14,72.8,24924848,-3349.0,325.0,511.0,-2513.0,,47.92,52.19,57.52,75.71,68.28,False,False,True
2023-12-15,74.5,41717048,8597.0,3761.0,-61.0,12298.0,,52.97,52.45,62.98,75.53,69.17,False,True,True
2023-12-18,73.4,11947618,-4088.0,1882.0,26.0,-2180.0,,50.7,51.87,57.8,75.53,69.51,False,False,True
2023-12-19,73.1,10428251,1361.0,309.0,-1032.0,638.0,,47.65,50.46,56.44,75.53,69.76,False,False,True
2023-12-20,71.8,11969966,-1094.0,138.0,-2986.0,-3942.0,,36.76,45.9,50.84,75.47,69.93,False,False,False
2023-12-21,75.4,22520091,6630.0,1270.0,1237.0,9137.0,,49.22,47.0,62.06,75.78,70.09,False,True,True
2023-12-22,75.9,37273976,-1555.0,1659.0,-375.0,-272.0,,51.21,48.4,63.31,76.14,70.24,False,False,True
2023-12-25,75.4,5791659,-985.0,-8.0,-47.0,-1040.0,,50.61,49.14,61.14,76.18,70.73,False,False,True
2023-12-26,78.0,14947963,4580.0,1228.0,859.0,6667.0,,60.18,52.82,67.41,77.08,70.28,False,False,True
2023-12-27,79.7,26700149,207.0,2932.0,-188.0,2952.0,,72.69,59.44,70.73,78.3,69.61,False,False,True
2023-12-28,78.3,23418425,-525.0,3833.0,411.0,3719.0,,74.55,64.48,64.86,78.86,69.38,False,False,True
2023-12-29,78.0,10722445,-1389.0,2593.0,-342.0,862.0,,74.7,67.89,63.65,79.38,69.29,False,False,True
2024-01-02,76.5,8547186,1354.0,-1250.0,-203.0,-99.0,,69.37,68.38,57.8,79.59,69.33,False,False,True
2024-01-03,73.1,20415790,-3125.0,-1450.0,-777.0,-5351.0,,53.49,63.42,47.22,79.59,69.32,False,False,True
2024-01-04,74.4,10012129,-226.0,1962.0,-630.0,1106.0,,42.77,56.53,50.92,79.58,69.57,False,False,True
2024-01-05,74.7,8912452,594.0,480.0,-59.0,1015.0,,36.96,50.01,51.76,79.43,70.12,False,False,True
2024-01-08,73.1,7816915,-539.0,-2088.0,-8.0,-2635.0,,25.97,42.0,47.12,79.38,70.27,False,False,True
2024-01-09,72.6,7788156,698.0,671.0,-293.0,1076.0,,17.31,33.77,45.74,79.36,70.33,False,False,True
2024-01-10,71.5,10412564,955.0,-68.0,-118.0,769.0,,13.34,26.96,42.78,79.44,70.15,True,False,True
2024-01-11,69.4,30347061,-4484.0,-2378.0,-1889.0,-8751.0,,13.13,22.35,37.75,79.8,69.36,True,False,False
2024-01-12,68.8,11434414,-1989.0,-1146.0,-133.0,-3269.0,,11.27,18.66,36.43,80.16,68.6,True,False,False
2024-01-15,71.5,14824124,-2577.0,1322.0,494.0,-761.0,,22.47,19.93,45.63,80.15,68.31,True,True,True
2024-01-16,69.4,12089599,-8060.0,337.0,219.0,-7504.0,,20.96,20.27,40.7,80.33,67.73,False,False,False
2024-01-17,67.8,15882825,-7050.0,25.0,398.0,-6627.0,,13.98,18.17,37.38,80.65,66.88,False,False,False
2024-01-18,68.2,10076705,-1173.0,-55.0,322.0,-906.0,,11.07,15.81,38.72,80.86,66.31,True,False,False
2024-01-19,69.3,8065309,-1836.0,256.0,1.0,-1579.0,,14.96,15.52,42.39,80.74,65.82,True,False,False
2024-01-22,69.3,15212909,-1111.0,-2876.0,-245.0,-4233.0,,19.78,16.94,42.39,80.51,65.39,True,True,False
2024-01-23,70.7,22403067,-2450.0,-291.0,684.0,-2057.0,,34.66,22.85,47.06,80.25,65.18,True,False,False
2024-01-24,71.6,16548542,-2902.0,1648.0,1171.0,-83.0,,50.06,31.92,49.87,79.51,65.28,False,False,True
2024-01-25,71.0,7304351,-1988.0,173.0,-329.0,-2144.0,,56.07,39.97,48.04,78.21,65.71,False,False,False
2024-01-26,71.0,5765744,-1073.0,689.0,-185.0,-570.0,,60.07,46.67,48.04,77.09,66.1,False,False,False
2024-01-29,70.8,6754958,-804.0,186.0,-43.0,-661.0,,61.33,51.56,47.37,75.84,66.63,False,False,False
2024-01-30,69.3,10036003,-1998.0,84.0,-599.0,-2514.0,,51.52,51.54,42.55,74.82,66.93,False,False,False
2024-01-31,68.7,6073312,453.0,-809.0,93.0,-262.0,,36.01,46.37,40.77,74.57,66.74,False,False,False
2024-02-01,69.2,4561463,-182.0,-125.0,-64.0,-372.0,,31.15,41.3,42.92,73.94,66.85,False,False,False
2024-02-02,67.6,12537855,-5082.0,-660.0,-225.0,-5967.0,,21.44,34.68,38.15,73.16,66.92,False,False,False
2024-02-05,68.2,8711067,-990.0,-331.0,-812.0,-2134.0,,22.48,30.61,40.8,72.67,66.92,False,False,False
2024-02-15,65.4,41310009,-4484.0,-4029.0,-614.0,-9128.0,,20.47,27.23,33.56,72.61,66.26,False,False,False
2024-02-16,65.9,24468055,3236.0,-3242.0,1475.0,1470.0,,21.75,25.4,35.75,72.55,65.76,False,False,False
2024-02-19,66.6,17037520,-5068.0,-2789.0,1691.0,-6166.0,,25.76,25.52,38.8,72.59,65.44,False,True,False
2024-02-20,67.8,14675604,-144.0,301.0,72.0,229.0,,35.31,28.79,43.72,72.58,65.35,False,False,False
2024-02-21,67.3,14437969,-585.0,403.0,-783.0,-965.0,,42.26,33.28,42.2,72.24,65.27,False,False,False
2024-02-22,68.1,14843850,1955.0,-1114.0,36.0,876.0,,52.86,39.81,45.48,72.17,65.21,False,False,False
2024-02-23,67.7,24187076,-6121.0,-1229.0,655.0,-6695.0,,57.46,45.69,44.13,72.17,65.2,False,False,False
2024-02-26,67.9,11602872,-4418.0,-41.0,-219.0,-4678.0,,62.21,51.2,45.01,72.17,65.17,False,False,False
2024-02-27,66.3,19578067,-7855.0,494.0,233.0,-7129.0,,55.31,52.57,39.65,72.16,64.88,False,False,False
2024-02-29,67.3,14204349,2055.0,-1209.0,473.0,1319.0,,57.28,54.14,44.12,72.08,64.76,False,False,False
2024-03-01,66.3,13497577,-3051.0,-1842.0,261.0,-4632.0,,50.04,52.77,40.86,71.81,64.59,False,False,False
2024-03-04,66.5,15055518,1546.0,-2717.0,-27.0,-1199.0,,40.98,48.84,41.79,71.25,64.64,False,False,False
2024-03-05,65.8,9307667,-2568.0,-1016.0,-280.0,-3864.0,,28.27,41.98,39.45,70.79,64.58,False,False,False
2024-03-06,65.1,15629353,-2896.0,-1653.0,-396.0,-4945.0,,19.64,34.54,37.22,70.28,64.5,False,False,False
2024-03-07,65.7,16219307,1327.0,-1405.0,-511.0,-589.0,,18.65,29.24,40.34,69.63,64.64,True,False,False
2024-03-08,65.0,15532368,-4492.0,-100.0,-706.0,-5299.0,,16.06,24.85,37.97,69.38,64.46,True,False,False
2024-03-11,65.8,17368895,544.0,843.0,-303.0,1084.0,,20.12,23.27,42.16,69.13,64.42,True,False,False
2024-03-12,65.7,11213910,-6153.0,-111.0,-433.0,-6696.0,,25.18,23.91,41.78,68.7,64.5,False,True,False
2024-03-13,63.3,25767364,-9314.0,-1524.0,-3716.0,-14553.0,,18.34,22.05,33.89,68.9,63.87,False,False,False
2024-03-14,63.8,12473231,-1895.0,-48.0,150.0,-1793.0,,17.65,20.58,36.57,68.77,63.56,True,False,False
2024-03-15,63.9,8946528,532.0,-2120.0,265.0,-1323.0,,18.27,19.81,37.12,68.87,63.31,True,False,False
2024-03-18,62.4,17746439,-5745.0,-129.0,-21.0,-5895.0,,14.14,17.92,32.56,69.15,62.68,True,False,False
2024-03-19,62.3,10094779,-2238.0,-639.0,-113.0,-2989.0,,10.74,15.53,32.27,69.3,62.1,True,False,False
2024-03-20,61.5,10551993,-3425.0,-97.0,86.0,-3436.0,,7.75,12.94,30.01,69.3,61.47,True,False,False
2024-03-21,67.6,73677830,4240.0,97.0,3387.0,7724.0,,38.5,21.46,55.58,69.34,61.46,True,True,False
2024-03-22,69.6,81751866,8594.0,1055.0,-186.0,9463.0,,52.73,31.88,60.66,69.68,61.27,False,False,False
2024-03-25,68.5,16714375,-2212.0,-191.0,-169.0,-2572.0,,58.59,40.78,56.81,69.83,61.2,False,False,False
2024-03-26,68.1,26046529,-1795.0,-1286.0,-195.0,-3275.0,,61.17,47.58,55.44,69.86,61.19,False,False,False
2024-03-27,67.9,12715591,-1266.0,-908.0,-306.0,-2480.0,,62.23,52.46,54.72,70.06,61.15,False,False,False
2024-03-28,67.6,16304315,-2929.0,-257.0,260.0,-2925.0,,61.95,55.63,53.61,70.1,61.14,False,False,False
2024-03-29,67.7,7330161,-1006.0,-164.0,471.0,-699.0,,62.09,57.78,53.94,70.26,61.12,False,False,False
2024-04-01,69.4,19442865,-1781.0,-4.0,2326.0,542.0,,67.8,61.12,59.35,70.69,60.98,False,False,False
2024-04-02,69.1,21255263,-651.0,-841.0,-458.0,-1950.0,,68.4,63.55,58.05,71.07,60.93,False,False,False
2024-04-03,68.2,12331968,-4086.0,-104.0,-217.0,-4407.0,,54.49,60.53,54.23,71.29,61.02,False,False,False
2024-04-08,68.1,13720880,-3206.0,-257.0,710.0,-2753.0,,44.86,55.3,53.81,71.48,61.07,False,False,False
2024-04-09,68.4,9347886,-1294.0,-21.0,1153.0,-162.0,,38.45,49.69,54.95,71.7,61.19,False,False,False
2024-04-10,70.2,34048367,3524.0,-54.0,3297.0,6767.0,,48.97,49.45,61.13,72.17,61.16,False,False,False
2024-04-11,70.6,27165069,9984.0,0.0,-1648.0,8337.0,,59.31,52.73,62.37,72.66,61.16,False,True,False
2024-04-12,71.8,32264534,6271.0,-229.0,-40.0,6003.0,,69.47,58.31,65.87,73.22,61.45,False,False,False
2024-04-15,70.0,13972714,-4903.0,252.0,-508.0,-5159.0,,63.34,59.99,57.26,73.4,61.89,False,False,False
2024-04-16,65.5,26382750,-4952.0,-9.0,-4148.0,-9110.0,,46.12,55.37,42.34,73.3,62.15,False,False,False
2024-04-17,64.5,17077218,-7686.0,-23.0,-501.0,-8209.0,,30.75,47.16,39.86,73.05,62.61,False,False,False
2024-04-18,64.3,9339524,-3298.0,-25.0,260.0,-3063.0,,23.18,39.17,39.36,72.76,63.1,False,False,False
2024-04-19,62.0,18501427,-4559.0,47.0,-1728.0,-6241.0,,18.67,32.33,34.09,72.65,63.26,False,False,False
2024-04-22,61.2,16104720,-3968.0,-714.0,214.0,-4468.0,,14.16,26.27,32.46,73.22,62.05,True,False,False
2024-04-23,62.8,12738975,-4828.0,24.0,2379.0,-2424.0,,15.71,22.75,38.76,73.2,61.39,True,False,False
2024-04-24,65.5,17605256,4282.0,83.0,1437.0,5801.0,,24.43,23.31,47.64,73.07,61.22,True,True,False
2024-04-25,65.6,14396493,896.0,410.0,689.0,1995.0,,32.47,26.36,47.94,72.97,61.07,False,False,False
2024-04-26,65.7,11654235,-1892.0,143.0,-105.0,-1854.0,,41.19,31.3,48.26,72.87,60.95,False,False,False
2024-04-29,67.5,11893136,7206.0,-847.0,384.0,6743.0,,59.85,40.82,53.77,72.86,60.95,False,False,False
2024-04-30,66.1,9440922,-2089.0,-143.0,346.0,-1887.0,,65.72,49.12,49.36,72.78,60.87,False,False,False
2024-05-02,66.6,8392619,1742.0,-239.0,52.0,1555.0,,71.98,56.74,50.91,72.52,60.85,False,False,False
2024-05-03,65.8,13722229,-280.0,-152.0,183.0,-248.0,,72.06,61.85,48.37,72.25,60.79,False,False,False
2024-05-06,66.9,22866684,2444.0,-318.0,638.0,2763.0,,73.16,65.62,51.92,72.13,60.78,False,False,False
2024-05-07,66.8,20887781,-2921.0,-4.0,442.0,-2483.0,,66.38,65.87,51.58,72.02,60.76,False,False,False
2024-05-08,66.6,7692251,-1349.0,-1.0,93.0,-1258.0,,58.84,63.53,50.84,71.85,60.75,False,False,False
2024-05-09,64.0,20177080,-6465.0,-14.0,-1345.0,-7824.0,,39.22,55.43,42.39,71.31,60.67,False,False,False
2024-05-10,64.4,11781262,-2916.0,-3.0,-102.0,-3021.0,,31.8,47.55,43.94,70.57,60.79,False,False,False
2024-05-13,64.4,7863897,117.0,-5.0,-127.0,-15.0,,26.85,40.65,43.94,69.29,61.33,False,False,False
2024-05-14,64.8,8256019,516.0,-13.0,-78.0,425.0,,25.81,35.7,45.63,68.36,61.74,False,False,False
2024-05-15,64.6,6474488,976.0,-31.0,-1076.0,-130.0,,23.99,31.8,44.9,68.32,61.69,False,False,False
2024-05-16,64.0,16971192,-4256.0,-127.0,376.0,-4007.0,,19.38,27.66,42.7,68.32,61.64,False,False,False
2024-05-17,62.8,25074674,-10800.0,-92.0,622.0,-10270.0,,15.3,23.54,38.62,68.37,61.44,True,False,False
2024-05-20,63.3,14261718,3173.0,4.0,222.0,3399.0,,17.0,21.36,41.14,68.25,61.69,True,False,False
2024-05-21,63.5,11857314,-1547.0,-413.0,14.0,-1947.0,,21.34,21.35,42.16,67.94,62.23,True,False,False
2024-05-22,64.6,9566066,1574.0,-14.0,295.0,1856.0,,38.18,26.96,47.57,67.84,62.51,False,True,False
2024-05-23,64.2,8129572,858.0,-413.0,-147.0,299.0,,45.25,33.06,45.89,67.8,62.42,False,False,False
2024-05-24,64.4,10130532,789.0,-233.0,129.0,685.0,,52.04,39.38,46.9,67.75,62.35,False,False,False
2024-05-27,64.8,9670497,162.0,-36.0,467.0,593.0,,57.84,45.54,48.95,67.69,62.32,False,False,False
2024-05-28,66.5,15385732,5900.0,-455.0,1649.0,7095.0,,69.67,53.58,56.62,67.47,62.44,False,False,False
2024-05-29,66.0,8316211,510.0,-2.0,-111.0,397.0,,73.26,60.14,54.05,67.46,62.44,False,False,False
2024-05-30,64.8,18482221,-7851.0,12.0,-702.0,-8541.0,,65.89,62.06,48.37,67.25,62.47,False,False,False
2024-05-31,64.5,11909612,-1799.0,17.0,-47.0,-1829.0,,55.04,59.72,47.04,67.14,62.45,False,False,False
2024-06-03,64.2,4837659,-236.0,18.0,-176.0,-395.0,,40.99,53.48,45.69,66.8,62.52,False,False,False
2024-06-04,63.2,7466927,-2814.0,13.0,-951.0,-3751.0,,29.04,45.33,41.41,66.46,62.5,False,False,False
2024-06-05,63.0,4444110,-895.0,23.0,-255.0,-1127.0,,20.99,37.22,40.59,66.12,62.48,False,False,False
2024-06-06,63.4,4784015,-752.0,-5.0,-170.0,-927.0,,18.87,31.1,43.02,66.13,62.41,False,False,False
2024-06-07,64.8,5085704,2300.0,-1.0,104.0,2403.0,,28.84,30.35,50.62,66.16,62.42,True,False,False
2024-06-11,64.3,7708423,-2624.0,553.0,-147.0,-2218.0,,31.42,30.7,48.15,66.16,62.41,False,True,False
2024-06-12,64.6,5571856,-11.0,15.0,-124.0,-120.0,,37.16,32.86,49.73,66.14,62.41,False,False,False
2024-06-13,66.0,14419468,3095.0,166.0,1057.0,4318.0,,50.79,38.84,56.43,66.36,62.33,False,False,True
2024-06-14,66.2,9218066,1882.0,105.0,-936.0,1050.0,,61.5,46.39,57.3,66.62,62.29,False,False,True
2024-06-17,67.9,21804329,9788.0,6.0,1247.0,11041.0,,71.91,54.9,63.93,67.23,62.19,False,False,True
2024-06-18,72.0,57862868,25266.0,160.0,2323.0,27749.0,,81.27,63.69,74.29,69.19,61.1,False,False,True
2024-06-19,70.7,37208629,-3039.0,702.0,-1677.0,-4013.0,,77.67,68.35,67.66,70.16,60.85,False,False,True
2024-06-20,72.7,51964359,10731.0,116.0,3122.0,13969.0,,77.62,71.44,71.83,71.54,60.28,False,False,True
2024-06-21,72.2,26717540,6978.0,240.0,-1201.0,6017.0,,75.96,72.95,69.42,72.54,60.08,False,False,True
2024-06-24,69.1,29431988,2574.0,427.0,-815.0,2186.0,,66.03,70.64,56.71,72.82,60.27,False,False,True
2024-06-25,68.5,16930974,293.0,289.0,-223.0,359.0,,55.45,65.57,54.63,73.01,60.45,False,False,True
2024-06-26,68.5,12928838,-2727.0,-135.0,980.0,-1882.0,,46.59,59.25,54.63,73.16,60.5,False,False,True
2024-06-27,68.2,13300101,476.0,76.0,-519.0,32.0,,38.58,52.36,53.49,73.28,60.6,False,False,True
2024-06-28,69.7,10899881,2526.0,-225.0,795.0,3095.0,,37.22,47.31,58.19,73.56,60.81,False,False,True
2024-07-01,69.0,11824407,1751.0,3.0,-537.0,1217.0,,33.62,42.75,55.37,73.7,61.12,False,False,False
2024-07-02,68.3,15861565,2701.0,9.0,-1523.0,1187.0,,28.55,38.01,52.64,73.73,61.5,False,False,True
2024-07-03,73.7,47163429,18020.0,399.0,3036.0,21455.0,,47.14,41.06,66.43,74.46,61.82,False,True,True
2024-07-04,74.1,28617209,14054.0,661.0,-1336.0,13379.0,,61.15,47.75,67.19,75.06,62.33,False,False,True
2024-07-05,73.9,9913473,764.0,26.0,-154.0,635.0,,69.68,55.06,66.38,75.48,62.96,False,False,True
2024-07-08,74.5,11547572,1580.0,-18.0,-381.0,1181.0,,77.78,62.63,67.64,76.03,63.38,False,False,True
2024-07-09,73.0,19563045,7141.0,-1.0,-748.0,6392.0,,77.15,67.47,61.43,76.08,64.2,False,False,True
2024-07-10,72.3,13665676,-694.0,20.0,-143.0,-817.0,,71.91,68.95,58.72,75.93,65.12,False,False,True
2024-07-11,70.1,35217003,-3988.0,710.0,-307.0,-3585.0,,57.94,65.28,51.09,75.71,65.75,False,False,True
2024-07-12,68.5,14364580,-2750.0,-1314.0,-817.0,-4880.0,,41.01,57.19,46.38,75.47,66.22,False,False,True
2024-07-15,67.7,10959270,-4803.0,-12.0,-199.0,-5015.0,,28.23,47.54,44.18,75.49,66.18,False,False,True
2024-07-16,67.5,11613508,-3527.0,-1378.0,-227.0,-5131.0,,18.82,37.96,43.62,75.46,65.76,False,False,True
2024-07-17,66.9,23336020,-9677.0,28.0,-722.0,-10371.0,,13.8,29.91,41.92,75.55,65.29,True,False,False
2024-07-18,67.0,12854719,-2066.0,174.0,281.0,-1611.0,,15.06,24.96,42.32,75.36,64.91,True,False,False
2024-07-19,64.2,27590871,-14708.0,27.0,-1158.0,-15839.0,,10.67,20.2,34.97,75.49,63.98,True,False,False
2024-07-22,61.9,28673540,-10769.0,309.0,44.0,-10416.0,,7.94,16.11,30.32,76.12,62.63,True,False,False
2024-07-23,60.6,38782654,-23352.0,374.0,-208.0,-23186.0,,5.29,12.5,28.04,76.78,61.18,True,False,False
2024-07-26,58.1,40107825,-7843.0,-464.0,-1908.0,-10215.0,,7.09,10.7,24.28,77.66,59.26,True,False,False
2024-07-29,57.5,13966838,-2352.0,-519.0,-856.0,-3727.0,,6.88,9.42,23.46,78.35,57.5,True,False,False
2024-07-30,57.1,19341343,-4024.0,-139.0,-584.0,-4747.0,,7.45,8.77,22.91,78.74,55.85,True,False,False
2024-07-31,57.1,13297184,-3237.0,-536.0,-423.0,-4196.0,,8.02,8.52,22.91,78.98,54.42,True,False,False
2024-08-01,58.3,14597821,-1448.0,10.0,251.0,-1188.0,,12.01,9.68,28.74,79.01,53.39,True,True,False
2024-08-02,54.9,27722561,-8794.0,76.0,-1361.0,-10079.0,,8.01,9.13,23.35,78.5,52.02,True,False,False
2024-08-05,49.95,29292378,-4503.0,-291.0,-2347.0,-7141.0,,6.45,8.23,18.04,78.27,49.84,True,False,False
2024-08-06,49.9,20102259,-1802.0,-583.0,22.0,-2363.0,,10.05,8.84,18.0,77.61,48.1,True,True,False
2024-08-07,50.0,40169447,-16930.0,-271.0,902.0,-16299.0,,14.31,10.66,18.43,76.38,46.87,True,False,False
2024-08-08,49.5,21884762,-4452.0,-25.0,-235.0,-4712.0,,15.76,12.36,17.92,75.14,45.77,True,False,False
2024-08-09,51.0,19167643,-2907.0,-553.0,-239.0,-3699.0,,20.88,15.2,24.66,73.53,45.24,True,False,False
2024-08-12,53.0,19063909,-5172.0,1.0,-402.0,-5573.0,,29.83,20.08,32.6,72.0,45.06,False,False,False
2024-08-13,52.8,7910189,-1534.0,18.0,78.0,-1438.0,,35.24,25.13,32.23,70.59,44.91,False,False,False
2024-08-14,54.3,14670095,1314.0,13.0,278.0,1605.0,,47.59,32.62,37.86,69.1,45.05,False,False,False
2024-08-15,54.6,8616456,-1115.0,-335.0,129.0,-1321.0,,59.73,41.66,38.96,67.44,45.42,False,False,False
2024-08-16,55.7,11668137,31.0,-50.0,133.0,114.0,,70.6,51.3,42.92,65.72,46.02,False,False,False
2024-08-19,56.6,8905662,598.0,-126.0,50.0,522.0,,79.25,60.62,46.01,63.71,46.99,False,False,False
2024-08-20,55.7,10579528,-1443.0,-1420.0,-177.0,-3040.0,,80.61,67.28,43.48,62.19,47.67,False,False,False
2024-08-21,54.6,8804043,-543.0,-65.0,-774.0,-1382.0,,75.28,69.95,40.54,61.04,48.09,False,False,False
2024-08-22,54.8,5821028,-954.0,-82.0,97.0,-939.0,,69.24,69.71,41.31,60.09,48.45,False,False,False
2024-08-23,54.1,12067096,-1460.0,-406.0,-422.0,-2287.0,,57.51,65.64,39.38,59.61,48.54,False,False,False
2024-08-26,53.8,7050811,-1386.0,19.0,-422.0,-1789.0,,45.31,58.87,38.54,59.18,48.59,False,False,False
2024-08-27,53.2,6379772,-1689.0,-84.0,-266.0,-2039.0,,33.24,50.32,36.86,58.77,48.61,False,False,False
2024-08-28,53.5,9799177,-4219.0,-262.0,117.0,-4364.0,,27.46,42.7,38.31,58.33,48.69,False,False,False
2024-08-29,53.4,9924923,-1447.0,18.0,114.0,-1314.0,,23.49,36.3,38.0,57.53,49.01,False,False,False
2024-08-30,52.7,12003454,-3562.0,-163.0,166.0,-3559.0,,16.39,29.66,35.79,57.35,48.96,False,False,False
2024-09-02,51.6,6815500,-1429.0,-446.0,-301.0,-2176.0,,10.92,23.42,32.59,57.23,49.25,True,False,False
2024-09-03,50.0,12533522,-5463.0,-45.0,-305.0,-5813.0,,7.28,18.04,28.58,57.22,49.27,True,False,False
2024-09-04,47.55,30173806,-19786.0,21.0,-1001.0,-20766.0,,7.94,14.67,23.76,57.63,48.61,True,False,False
2024-09-05,46.0,23813802,-8642.0,-924.0,-8.0,-9574.0,,6.03,11.79,21.32,58.25,47.64,True,False,False
2024-09-06,46.45,13648296,-3607.0,-53.0,221.0,-3439.0,,7.7,10.43,23.77,58.72,46.72,True,False,False
2024-09-09,46.05,10539489,-3240.0,12.0,-16.0,-3243.0,,8.15,9.67,23.08,59.07,45.68,True,False,False
2024-09-10,44.5,16170570,-4635.0,-528.0,-395.0,-5558.0,,6.11,8.48,20.59,59.52,44.4,True,False,False
2024-09-11,45.1,5988960,-1004.0,33.0,91.0,-880.0,,6.8,7.92,24.01,59.56,43.44,True,False,False
2024-09-12,46.95,9591538,293.0,-2.0,684.0,975.0,,14.57,10.14,33.52,59.28,42.95,True,True,False
2024-09-13,46.3,9011795,-3089.0,1.0,128.0,-2960.0,,18.97,13.08,32.0,58.78,42.51,True,False,False
2024-09-16,46.6,7346929,-1536.0,6.0,165.0,-1365.0,,30.48,18.88,33.5,57.96,42.33,True,False,False
2024-09-18,45.2,11540313,-4385.0,-60.0,-168.0,-4613.0,,27.29,21.68,30.16,57.28,41.96,False,False,False
2024-09-19,45.25,13006994,-1200.0,-63.0,334.0,-929.0,,29.92,24.43,30.43,56.67,41.63,False,False,False
2024-09-20,45.8,38369673,10200.0,-12171.0,107.0,-1863.0,,38.47,29.11,33.44,55.87,41.54,False,False,False
2024-09-23,46.65,14132546,-1217.0,0.0,268.0,-950.0,,50.51,36.24,37.9,55.07,41.59,False,False,False
2024-09-24,46.35,10997440,-3399.0,-26.0,-154.0,-3579.0,,54.58,42.36,36.96,54.24,41.68,False,False,False
2024-09-25,47.3,13628941,4260.0,-11.0,309.0,4559.0,,67.83,50.85,41.88,53.44,41.89,False,False,False
2024-09-26,47.3,28026753,-13035.0,7.0,793.0,-12235.0,,60.95,54.21,41.88,52.43,42.27,False,False,False
2024-09-27,48.15,21771372,-5.0,-161.0,187.0,20.0,,61.7,56.71,46.24,51.33,42.85,False,False,False
2024-09-30,47.35,11981501,-1130.0,-10.0,-436.0,-1576.0,,57.17,56.86,42.98,50.15,43.5,False,False,False
2024-10-01,46.25,9547143,-3726.0,-44.0,-142.0,-3912.0,,47.23,53.65,38.91,49.01,44.1,False,False,False
2024-10-04,45.5,14395203,-3794.0,-186.0,-104.0,-4084.0,,32.88,46.73,36.38,48.21,44.45,False,False,False
2024-10-07,45.15,16466974,-4869.0,-591.0,-85.0,-5545.0,,25.25,39.57,35.22,48.07,44.35,False,False,False
2024-10-08,44.4,16129225,-3940.0,-227.0,-536.0,-4703.0,,19.77,32.97,32.83,48.16,44.1,False,False,False
2024-10-09,43.5,12576869,-4308.0,-29.0,-280.0,-4617.0,,13.18,26.37,30.17,48.32,43.65,True,False,False
2024-10-11,42.5,15285116,-3277.0,-4.0,-312.0,-3594.0,,10.84,21.2,27.51,48.61,43.0,True,False,False
2024-10-14,43.8,8008215,882.0,-2.0,8.0,888.0,,16.25,19.55,35.48,48.66,42.88,True,False,False
2024-10-15,44.05,8178628,-609.0,-13.0,-3.0,-625.0,,21.68,20.26,36.92,48.69,42.74,True,True,False
2024-10-16,42.65,11893181,-3937.0,-1783.0,555.0,-5166.0,,18.32,19.61,32.55,48.72,42.29,False,False,False
2024-10-17,44.3,9743634,3987.0,-7.0,371.0,4352.0,,28.36,22.53,41.35,48.64,42.17,True,True,False
2024-10-18,43.85,9185302,-3276.0,-10.0,84.0,-3202.0,,35.8,26.95,39.83,48.52,42.01,False,False,False
2024-10-21,44.6,5236309,1038.0,-27.0,56.0,1067.0,,53.24,35.72,43.57,48.5,41.97,False,False,False
2024-10-22,44.2,5007553,-169.0,-48.0,-132.0,-349.0,,61.23,44.22,42.07,48.48,41.88,False,False,False
2024-10-23,43.65,4901063,-1209.0,-28.0,-221.0,-1457.0,,60.12,49.52,40.02,48.43,41.72,False,False,False
2024-10-24,42.9,5263763,-1472.0,-20.0,-102.0,-1594.0,,48.41,49.15,37.36,48.29,41.48,False,False,False
2024-10-25,43.05,3398825,-440.0,-5.0,-139.0,-584.0,,38.94,45.75,38.24,48.15,41.3,False,False,False
2024-10-28,43.35,4627594,-660.0,-40.0,53.0,-648.0,,37.07,42.85,40.07,47.77,41.28,False,False,False
2024-10-29,42.3,6888673,-2437.0,-11.0,-194.0,-2642.0,,27.69,37.8,36.05,47.39,41.16,False,False,False
2024-10-30,42.3,6259551,-407.0,-11.0,11.0,-407.0,,21.44,32.35,36.05,46.63,41.33,False,False,False
2024-11-01,41.45,11717538,-3796.0,0.0,-274.0,-4071.0,,20.39,28.36,32.95,46.06,41.32,False,False,False
2024-11-04,40.2,19083966,-780.0,-2193.0,-185.0,-3159.0,,15.77,24.16,29.0,45.92,40.85,False,False,False
2024-11-05,40.05,11473987,466.0,0.0,174.0,640.0,,15.69,21.34,28.56,45.85,40.38,True,False,False
2024-11-06,40.75,7450356,1221.0,11.0,-184.0,1048.0,,21.82,21.5,33.65,45.65,40.14,True,True,False
2024-11-07,42.05,9074420,3603.0,0.0,160.0,3763.0,,36.0,26.33,41.92,45.46,40.09,False,False,False
2024-11-08,40.7,10531647,-1282.0,-5.0,-78.0,-1365.0,,35.11,29.26,36.79,45.45,39.82,False,False,False
2024-11-11,40.4,6588951,127.0,0.0,-62.0,66.0,,32.54,30.35,35.74,45.52,39.54,False,False,False
2024-11-12,39.0,11592885,-4176.0,3.0,-157.0,-4330.0,,22.42,27.71,31.27,45.6,38.98,False,False,False
2024-11-13,38.15,20121287,-4442.0,-52.0,-274.0,-4768.0,,18.85,24.76,28.91,45.68,38.31,False,False,False
2024-11-14,36.85,17259366,-4116.0,0.0,-219.0,-4335.0,,12.57,20.69,25.71,46.03,37.38,True,False,False
2024-11-15,37.5,7752391,1866.0,0.0,38.0,1904.0,,12.62,18.0,29.89,45.89,36.84,True,False,False
2024-11-18,37.25,7943381,545.0,-420.0,93.0,219.0,,11.14,15.71,29.21,45.76,36.31,True,False,False
2024-11-19,37.05,7397033,-95.0,-454.0,114.0,-435.0,,9.23,13.55,28.64,45.39,35.93,True,False,False
2024-11-20,36.25,13220274,-2830.0,-430.0,28.0,-3232.0,,7.48,11.53,26.45,45.07,35.45,True,False,False
2024-11-21,36.65,7916403,1984.0,-18.0,30.0,1996.0,,9.45,10.84,29.36,44.7,35.12,True,False,False
2024-11-22,35.85,10076378,-3423.0,0.0,-42.0,-3465.0,,6.3,9.32,27.06,44.46,34.66,True,False,False
2024-11-25,36.3,15913103,2006.0,1.0,90.0,2098.0,,11.73,10.12,30.37,44.04,34.4,True,True,False
2024-11-26,35.8,7747989,-2078.0,0.0,-72.0,-2150.0,,10.38,10.21,28.8,43.48,34.21,True,False,False
2024-11-27,34.95,10414006,-900.0,-6.0,-568.0,-1474.0,,6.92,9.11,26.32,43.12,33.83,True,False,False
2024-11-28,33.75,22429391,-845.0,3.0,-256.0,-1098.0,,7.3,8.51,23.27,42.78,33.31,True,False,False
2024-11-29,33.45,23639962,8492.0,-3.0,29.0,8518.0,,8.37,8.46,22.56,42.52,32.77,True,False,False
2024-12-02,33.05,17919109,3335.0,0.0,59.0,3394.0,,6.36,7.76,21.62,42.42,32.16,True,False,False
2024-12-03,33.8,16089060,-134.0,0.0,451.0,317.0,,10.83,8.78,27.7,42.16,31.79,True,True,False
2024-12-04,33.25,14152137,-3455.0,0.0,12.0,-3444.0,,9.54,9.04,26.11,41.72,31.48,True,False,False
2024-12-05,33.0,9192159,866.0,-200.0,-56.0,610.0,,6.81,8.29,25.39,40.82,31.48,True,False,False
2024-12-06,33.15,9429099,1016.0,0.0,-12.0,1005.0,,6.32,7.63,26.69,40.1,31.44,True,False,False
2024-12-09,32.5,12982746,-2485.0,-4.0,-286.0,-2775.0,,5.11,6.79,24.68,39.36,31.4,True,False,False
2024-12-10,32.3,11322112,2271.0,-135.0,-129.0,2007.0,,6.38,6.66,24.08,38.86,31.22,True,False,False
2024-12-11,30.5,26585899,-6428.0,-103.0,-185.0,-6716.0,,6.26,6.53,19.48,38.7,30.62,True,False,False
2024-12-12,30.9,12983934,6289.0,-5.0,58.0,6342.0,,9.4,7.48,23.0,38.59,30.13,True,True,False
2024-12-13,29.4,20737199,-1181.0,-36.0,16.0,-1202.0,,7.57,7.51,19.55,38.47,29.45,True,False,False
2024-12-16,28.8,35316633,19514.0,-6.0,305.0,19813.0,,5.05,6.69,18.36,38.32,28.75,True,False,False
2024-12-17,30.75,34188242,1020.0,58.0,281.0,1359.0,,16.24,9.87,32.67,37.86,28.58,True,True,False
2024-12-18,32.2,28832845,-1511.0,3.0,952.0,-557.0,,33.27,17.67,40.95,37.45,28.59,True,False,False
2024-12-19,31.85,31927551,-7044.0,-11.0,-238.0,-7293.0,,43.14,26.16,39.68,36.89,28.67,False,False,False
2024-12-20,30.4,17874435,-3393.0,-38.0,-487.0,-3919.0,,40.48,30.93,34.86,36.48,28.53,False,False,False
2024-12-23,31.0,13856149,4265.0,-1.0,50.0,4314.0,,43.1,34.99,38.21,35.83,28.65,False,False,False
2024-12-24,31.9,16028105,3552.0,-55.0,776.0,4273.0,,51.45,40.48,42.94,35.23,28.86,False,False,False
2024-12-25,31.2,9875400,-3043.0,-19.0,-246.0,-3308.0,,51.88,44.28,40.35,34.75,28.97,False,False,False
2024-12-26,30.7,7365083,-987.0,1.0,150.0,-836.0,,48.51,45.69,38.56,34.49,28.92,False,False,False
2024-12-27,30.8,5670157,-62.0,-53.0,-93.0,-209.0,,42.38,44.59,39.14,34.26,28.88,False,False,False
2024-12-30,29.75,8705077,-3098.0,-15.0,-256.0,-3370.0,,28.26,39.14,35.36,34.12,28.7,False,False,False
2024-12-31,29.25,14628298,819.0,-346.0,-72.0,400.0,,22.13,33.47,33.69,33.81,28.55,False,False,False
2025-01-02,28.45,11193940,-2245.0,-12.0,-543.0,-2800.0,,15.14,27.36,31.16,33.65,28.23,False,False,False
2025-01-03,27.65,15271916,-3420.0,0.0,-138.0,-3558.0,,10.42,21.72,28.82,33.57,27.77,True,False,False
2025-01-06,27.6,19122475,1922.0,7.0,433.0,2362.0,,6.95,16.79,28.68,33.36,27.43,True,False,False
2025-01-07,28.4,41521324,3090.0,0.0,216.0,3307.0,,10.56,14.72,34.36,33.11,27.27,True,False,False
2025-01-08,27.45,21770674,-6494.0,-17.0,36.0,-6475.0,,7.79,12.41,31.18,32.93,26.96,True,False,False
2025-01-09,25.75,31125418,2458.0,0.0,-604.0,1854.0,,5.19,10.0,26.47,33.22,26.2,True,False,False
2025-01-10,25.95,21576966,2683.0,-52.0,50.0,2681.0,,5.2,8.4,27.85,33.3,25.62,True,False,False
2025-01-13,25.4,22593776,1588.0,0.0,-524.0,1065.0,,7.95,8.25,26.38,33.51,25.01,True,False,False
2025-01-14,26.65,22426075,2642.0,3.0,305.0,2951.0,,17.8,11.43,34.79,33.56,24.75,True,True,False
2025-01-15,28.0,26117024,7448.0,0.0,491.0,7938.0,,33.02,18.63,42.44,33.38,24.65,True,False,False
2025-01-16,28.85,48191579,6343.0,3.0,-34.0,6312.0,,47.63,28.3,46.68,32.95,24.75,False,False,False
2025-01-17,29.55,18817738,-128.0,77.0,184.0,133.0,,61.69,39.43,49.95,32.6,24.87,False,False,False
2025-01-20,30.8,22774036,5861.0,-15.0,-341.0,5505.0,,74.46,51.11,55.23,32.66,24.85,False,False,False
2025-01-21,30.0,14872547,-761.0,12.0,-332.0,-1081.0,,78.6,60.27,51.49,32.52,24.89,False,False,False
2025-01-22,30.1,12270531,1490.0,-15.0,-165.0,1309.0,,81.91,67.48,51.93,32.19,25.04,False,False,False
2025-02-03,27.95,26680370,-5084.0,-271.0,-83.0,-5438.0,,72.37,69.11,42.94,31.82,25.09,False,False,False
2025-02-04,27.25,13771345,-1971.0,-1.0,-73.0,-2044.0,,59.25,65.82,40.48,31.51,25.05,False,False,False
2025-02-05,27.5,8406328,-734.0,0.0,-8.0,-742.0,,49.92,60.52,41.76,31.14,25.09,False,False,False
2025-02-06,27.75,10063022,-716.0,-3.0,125.0,-594.0,,38.76,53.27,43.08,30.94,25.09,False,False,False
2025-02-07,28.8,10455761,2150.0,-15.0,400.0,2534.0,,40.91,49.15,48.38,30.88,25.1,False,False,False
2025-02-10,28.0,7454238,-3072.0,-10.0,435.0,-2647.0,,35.03,44.44,44.95,30.85,25.09,False,False,False
2025-02-11,27.6,9372066,-2674.0,-15.0,45.0,-2644.0,,27.77,38.88,43.29,30.85,25.08,False,False,False
2025-02-12,27.9,13046135,-665.0,11.0,344.0,-310.0,,26.09,34.62,44.93,30.86,25.1,False,False,False
2025-02-13,30.65,29711896,1778.0,0.0,522.0,2300.0,,50.72,39.99,57.13,31.21,24.98,False,True,False
2025-02-14,32.3,86058631,5201.0,968.0,1507.0,7676.0,,60.64,46.87,62.5,31.95,24.72,False,False,False
2025-02-17,34.35,61618182,-2978.0,900.0,2499.0,421.0,,72.63,55.46,67.89,33.07,24.47,False,False,False
2025-02-18,35.6,70572131,-10364.0,704.0,1150.0,-8511.0,,78.03,62.98,70.65,34.32,24.18,False,False,False
2025-02-19,39.15,75445186,5014.0,6690.0,1468.0,13172.0,,85.35,70.44,76.77,36.36,23.52,False,False,True
2025-02-20,38.8,166562657,-15421.0,-199.0,-714.0,-16334.0,,86.36,75.74,75.11,37.89,23.2,False,False,True
2025-02-21,41.45,145228359,10197.0,1381.0,3600.0,15177.0,,88.49,79.99,78.85,39.92,22.52,False,False,True
2025-02-24,40.85,65649173,-8393.0,1060.0,-155.0,-7488.0,,88.58,82.86,76.06,41.44,22.2,False,False,True
2025-02-25,42.9,133452391,9605.0,9303.0,-998.0,17909.0,,90.37,85.36,78.81,43.23,21.74,False,False,True
2025-02-26,41.4,67742649,-12635.0,4047.0,-653.0,-9241.0,,87.75,86.16,72.27,44.43,21.6,False,False,True
2025-02-27,38.65,203772618,-8293.0,674.0,-2735.0,-10354.0,,77.31,83.21,62.08,45.04,21.86,False,False,True
2025-03-03,37.75,77908408,-8889.0,219.0,-379.0,-9048.0,,64.87,77.1,59.15,45.46,22.2,False,False,True
2025-03-04,38.1,42083559,991.0,700.0,-1716.0,-25.0,,52.11,68.77,59.94,45.77,22.9,False,False,True
2025-03-05,38.3,32269338,-3003.0,102.0,180.0,-2722.0,,43.18,60.24,60.41,45.94,23.84,False,False,True
2025-03-06,36.8,30773477,-6651.0,1174.0,-1138.0,-6615.0,,30.57,50.35,55.15,45.87,24.84,False,False,True
2025-03-07,39.95,92611780,10742.0,3.0,1420.0,12165.0,,36.16,45.62,62.53,46.03,25.9,False,False,True
2025-03-10,39.35,108106112,-22140.0,2733.0,860.0,-18548.0,,37.22,42.82,60.49,46.07,26.92,False,False,True
2025-03-11,38.0,40539423,-6239.0,546.0,136.0,-5557.0,,32.95,39.53,56.05,45.71,28.28,False,False,True
2025-03-12,40.55,101910418,2817.0,5891.0,2332.0,11040.0,,44.65,41.23,61.76,45.27,30.01,False,True,True
2025-03-13,41.6,151407976,692.0,13594.0,2226.0,16512.0,,53.03,45.17,63.84,44.62,32.03,False,False,True
2025-03-14,43.0,93718976,-2289.0,2259.0,1281.0,1251.0,,64.88,51.74,66.46,44.44,33.45,False,False,True
2025-03-17,42.45,93264786,-6021.0,1255.0,-1683.0,-6449.0,,66.75,56.74,64.48,44.19,34.71,False,False,True
2025-03-18,41.35,54891042,-1534.0,260.0,-523.0,-1796.0,,63.58,59.02,60.6,43.95,35.65,False,False,True
2025-03-19,42.25,84289270,2503.0,893.0,879.0,4275.0,,65.07,61.04,62.59,43.91,36.35,False,False,True
2025-03-20,46.05,153168715,10067.0,2359.0,2552.0,14978.0,,76.72,66.26,69.56,45.05,35.9,False,False,True
2025-03-21,44.6,96601004,-8260.0,2899.0,-1744.0,-7104.0,,78.99,70.5,64.61,45.62,35.91,False,False,True
2025-03-24,42.3,66183075,-8413.0,5987.0,-1817.0,-4243.0,,71.2,70.74,57.61,45.71,35.91,False,False,True
2025-03-25,40.65,47991748,-6860.0,766.0,-1697.0,-7790.0,,47.46,62.98,53.16,45.7,35.9,False,False,True
2025-03-26,41.7,48705435,702.0,4635.0,276.0,5614.0,,38.12,54.69,55.51,45.56,35.92,False,False,True
2025-03-27,42.0,49402746,2861.0,1007.0,428.0,4296.0,,33.75,47.71,56.19,45.61,35.93,False,False,True
2025-03-28,40.3,35898538,-2543.0,-240.0,-648.0,-3431.0,,23.07,39.5,51.41,45.6,36.11,False,False,True
2025-03-31,37.4,43507998,-881.0,-971.0,-1784.0,-3636.0,,16.68,31.89,44.46,45.63,36.04,False,False,True
2025-04-01,38.3,36040403,-3367.0,4.0,-204.0,-3566.0,,15.75,26.51,46.86,45.62,36.07,True,False,True
2025-04-02,41.1,56269950,4416.0,971.0,879.0,6265.0,,25.75,26.26,53.58,45.6,36.37,True,False,True
2025-04-07,37.0,12521778,8281.0,0.0,-193.0,8088.0,,17.17,23.23,44.67,45.58,36.41,False,False,True
2025-04-08,33.55,67787477,-8236.0,-389.0,-2243.0,-10868.0,,12.26,19.57,38.82,46.33,35.02,True,False,False
2025-04-09,30.2,45411447,-3797.0,-3946.0,-2254.0,-9998.0,,8.17,15.77,34.15,47.56,32.88,True,False,False
2025-04-10,33.2,7839275,-967.0,0.0,477.0,-490.0,,13.05,14.87,41.0,47.91,32.04,True,False,False
2025-04-11,33.0,78901108,3540.0,-5467.0,-211.0,-2138.0,,16.61,15.45,40.7,48.12,31.08,True,True,False
2025-04-14,35.2,63418827,15831.0,-793.0,-536.0,14503.0,,25.82,18.91,45.49,47.96,30.6,True,False,True
2025-04-15,34.55,65479539,-26351.0,-21.0,288.0,-26084.0,,30.12,22.65,44.35,47.6,30.12,False,False,False
2025-04-16,32.75,60532868,4223.0,-13039.0,-483.0,-9300.0,,27.88,24.39,41.26,47.35,29.4,False,False,False
2025-04-17,32.1,65164290,9561.0,-19634.0,-15.0,-10088.0,,28.59,25.79,40.18,47.18,28.64,False,False,False
2025-04-18,35.3,111705373,6569.0,-6.0,276.0,6839.0,,44.3,31.96,47.5,46.67,28.45,False,False,False
2025-04-21,38.8,210439788,16044.0,109.0,-1501.0,14652.0,,62.87,42.26,54.12,45.42,28.98,False,False,True
2025-04-22,39.35,296891279,-3040.0,5997.0,-367.0,2590.0,,69.74,51.42,55.08,44.47,29.4,False,False,True
2025-04-23,38.6,224992356,-25092.0,-886.0,830.0,-25148.0,,70.79,57.88,53.44,43.9,29.6,False,False,True
2025-04-24,37.4,133304712,11371.0,2.0,1109.0,12481.0,,66.07,60.61,50.83,43.51,29.67,False,False,True
2025-04-25,37.0,115438840,-3707.0,80.0,296.0,-3330.0,,61.62,60.95,49.96,42.85,29.86,False,False,True
2025-04-28,37.1,43183312,886.0,-2652.0,443.0,-1323.0,,58.98,60.29,50.19,42.06,30.16,False,False,True
2025-04-29,37.2,47483229,-5324.0,-400.0,405.0,-5319.0,,57.54,59.37,50.44,41.6,30.31,False,False,True
2025-04-30,36.0,49299825,-3436.0,0.0,-1025.0,-4461.0,,51.97,56.91,47.41,41.48,30.29,False,False,False
2025-05-02,35.65,31145675,170.0,-5044.0,633.0,-4241.0,,37.61,50.47,46.53,41.24,30.27,False,False,False
2025-05-05,34.25,46975609,6741.0,-4143.0,-1302.0,1295.0,,28.08,43.01,43.09,40.31,30.51,False,False,False
2025-05-06,35.4,49421184,1865.0,26.0,452.0,2343.0,,26.35,37.46,46.58,40.17,30.49,False,False,False
2025-05-07,34.65,28671524,-3975.0,4.0,-495.0,-4466.0,,24.01,32.98,44.66,40.17,30.6,False,False,False
2025-05-08,34.95,42245471,-5068.0,-6.0,606.0,-4468.0,,24.96,30.3,45.63,39.75,31.5,False,False,False
2025-05-09,34.35,33705794,-6432.0,-15.0,-1.0,-6448.0,,23.08,27.9,43.97,39.7,31.66,False,False,False
2025-05-12,37.2,69600335,13474.0,820.0,1643.0,15938.0,,43.42,33.07,52.74,39.75,32.03,False,True,False
2025-05-13,40.9,147390211,22844.0,162.0,141.0,23147.0,,62.28,42.8,61.23,40.62,31.73,False,False,True
2025-05-14,44.95,260759751,6127.0,17185.0,1707.0,25020.0,,74.85,53.49,68.0,42.55,30.84,False,False,True
2025-05-15,45.3,215742286,10528.0,586.0,1451.0,12565.0,,80.87,62.62,68.51,44.03,30.62,False,False,True
2025-05-16,45.65,126807035,0.0,5172.0,2259.0,7431.0,,84.72,69.99,69.04,45.2,30.8,False,False,True
2025-05-19,43.95,88048148,-7605.0,2601.0,1529.0,-3475.0,,82.78,74.25,63.43,45.98,30.88,False,False,True
2025-05-20,45.25,125634172,-6865.0,890.0,-364.0,-6340.0,,84.93,77.81,65.72,46.9,30.61,False,False,True
2025-05-21,43.65,118976961,-15633.0,264.0,133.0,-15236.0,,82.12,79.25,60.67,47.4,30.54,False,False,True
2025-05-22,42.85,68745572,11563.0,-350.0,-1204.0,10010.0,,77.92,78.8,58.26,47.79,30.58,False,False,True
2025-05-23,42.55,60853818,-897.0,-176.0,-574.0,-1647.0,,69.94,75.85,57.34,48.13,30.75,False,False,True
2025-05-26,42.8,58152903,9894.0,-1205.0,-2213.0,6476.0,,59.69,70.46,57.94,48.46,31.0,False,False,False
2025-05-27,41.95,46122338,-1383.0,1205.0,-1865.0,-2043.0,,44.42,61.78,55.12,48.67,31.28,False,False,True
2025-05-28,41.7,117457696,-12374.0,852.0,1975.0,-9546.0,,32.7,52.09,54.28,48.82,31.57,False,False,True
2025-05-29,45.55,164662019,36310.0,-83.0,2090.0,38317.0,,50.23,51.47,63.48,49.38,31.97,False,False,True
2025-06-02,45.8,122785870,-3622.0,2221.0,707.0,-693.0,,63.55,55.5,63.98,49.83,32.53,False,True,True
2025-06-03,45.85,149082580,-14356.0,263.0,3809.0,-10284.0,,69.33,60.11,64.09,50.0,33.52,False,False,True
2025-06-04,49.25,228816694,21176.0,1881.0,5778.0,28834.0,,75.7,65.31,70.52,50.77,34.14,False,False,True
2025-06-05,52.5,220404931,19003.0,9837.0,-4208.0,24632.0,,80.13,70.25,75.11,51.96,34.73,False,False,True
2025-06-06,52.0,161087028,5852.0,2538.0,-2198.0,6192.0,,81.77,74.09,73.22,52.69,35.71,False,False,True
2025-06-09,51.7,116497517,-1824.0,88.0,318.0,-1418.0,,81.78,76.65,72.05,52.83,37.3,False,False,True
2025-06-10,54.3,152748796,17550.0,6201.0,2883.0,26634.0,,85.47,79.59,75.68,53.81,38.04,False,False,True
2025-06-11,52.7,117280175,-12148.0,-482.0,-534.0,-13164.0,,83.69,80.96,69.68,54.58,38.45,False,False,True
2025-06-12,54.1,81256150,14212.0,373.0,1410.0,15995.0,,85.85,82.59,71.79,55.68,38.26,False,False,True
2025-06-13,53.5,106796704,-5040.0,135.0,-1962.0,-6867.0,,84.96,83.38,69.56,56.52,38.24,False,False,True
2025-06-16,52.9,131943382,-11301.0,-273.0,336.0,-11238.0,,80.64,82.47,67.31,57.16,38.32,False,False,True
2025-06-17,53.8,73229269,11595.0,597.0,116.0,12308.0,,77.2,80.71,68.93,57.85,38.62,False,False,True
2025-06-18,59.1,182835587,18564.0,843.0,1741.0,21148.0,,84.8,82.07,76.38,59.57,38.28,False,True,True
2025-06-19,60.4,235233977,-5688.0,8263.0,2158.0,4733.0,,86.27,83.47,77.78,61.26,38.27,False,False,True
2025-06-20,58.9,150606170,3718.0,-13.0,-1339.0,2366.0,,82.0,82.98,72.43,62.27,38.86,False,False,True
2025-06-23,58.4,96552674,-12428.0,-216.0,3962.0,-8683.0,,77.46,81.14,70.68,62.93,39.79,False,False,True
2025-06-24,56.7,192564170,-11167.0,1372.0,-5263.0,-15058.0,,68.65,76.98,64.94,63.11,41.0,False,False,True
2025-06-25,55.0,137251151,-6277.0,-7166.0,-41.0,-13484.0,,55.02,69.66,59.72,62.75,42.67,False,False,True
2025-06-26,53.9,136818562,4111.0,-9427.0,3193.0,-2123.0,,41.55,60.29,56.55,61.92,44.71,False,False,True
2025-06-27,53.1,89191262,-962.0,-3710.0,-1636.0,-6309.0,,28.48,49.68,54.3,61.49,45.9,False,False,True
2025-06-30,51.2,74175534,10744.0,-6182.0,-4166.0,396.0,,19.62,39.66,49.27,60.94,46.99,False,False,True
2025-07-01,49.5,107628711,6849.0,-5345.0,351.0,1856.0,,13.35,30.89,45.23,60.38,47.92,True,False,True
2025-07-02,49.45,127779362,-15578.0,-2571.0,924.0,-17226.0,,11.82,24.54,45.12,60.36,47.96,True,False,True
2025-07-03,50.6,104238892,-4109.0,-600.0,1283.0,-3426.0,,14.38,21.15,48.42,60.43,47.7,True,False,True
2025-07-04,48.45,135338728,-7534.0,-3896.0,-2028.0,-13459.0,,11.63,17.98,43.19,60.67,47.1,True,False,True
2025-07-07,48.9,66059789,7470.0,-2817.0,1008.0,5660.0,,11.49,15.82,44.54,60.83,46.66,True,False,True
2025-07-08,48.5,70051738,-2752.0,-2109.0,1105.0,-3756.0,,10.73,14.12,43.55,60.91,46.0,True,False,True
2025-07-09,48.4,47172849,-2269.0,-52.0,-135.0,-2456.0,,10.26,12.83,43.29,61.03,45.45,True,False,True
2025-07-10,47.15,71747685,1925.0,-7414.0,-294.0,-5783.0,,7.59,11.09,40.07,61.13,44.66,True,False,True
2025-07-11,42.95,134889618,-22483.0,-4322.0,-96.0,-26901.0,,6.59,9.59,31.58,61.71,43.02,True,False,False
2025-07-14,43.4,64343369,7690.0,-2039.0,-465.0,5185.0,,7.84,9.01,33.21,62.05,41.73,True,False,False
2025-07-15,41.75,85640177,-8996.0,-3596.0,-482.0,-13073.0,,6.74,8.25,30.35,62.36,40.21,True,False,False
2025-07-16,41.4,49275682,575.0,-5592.0,231.0,-4786.0,,4.83,7.11,29.77,61.68,39.13,True,False,False
2025-07-17,43.1,107838585,-5623.0,-845.0,1291.0,-5177.0,,10.88,8.37,36.21,60.22,38.86,True,True,False
2025-07-18,42.25,55679763,-7181.0,-188.0,-382.0,-7752.0,,11.45,9.39,34.5,58.9,38.51,True,False,False
2025-07-21,41.95,32786842,-1923.0,-1500.0,-471.0,-3894.0,,10.7,9.83,33.9,57.42,38.35,True,False,False
2025-07-22,40.55,45012830,3240.0,-1592.0,-1304.0,345.0,,8.52,9.39,31.15,56.19,37.96,True,False,False
2025-07-23,43.05,75965064,9372.0,1395.0,-60.0,10707.0,,21.13,13.31,40.44,54.95,38.01,True,True,False
2025-07-24,43.0,78163561,-9718.0,1649.0,-403.0,-8472.0,,37.42,21.34,40.32,53.77,38.09,False,False,False
2025-07-25,43.25,41315347,1204.0,221.0,-387.0,1038.0,,50.36,31.02,41.24,52.59,38.29,False,False,False
2025-07-28,43.3,36354582,-2244.0,-606.0,672.0,-2178.0,,59.41,40.48,41.43,51.71,38.38,False,False,False
2025-07-29,42.2,33516080,-4525.0,-298.0,-39.0,-4862.0,,56.27,45.74,38.43,51.12,38.24,False,False,False
2025-07-30,44.9,86797131,9623.0,-506.0,1052.0,10170.0,,65.49,52.33,48.33,50.49,38.42,False,False,False
2025-07-31,44.55,74110049,-8158.0,1097.0,-327.0,-7388.0,,69.55,58.07,47.27,49.45,38.85,False,False,False
2025-08-01,44.45,43114380,6466.0,-1518.0,-53.0,4895.0,,71.67,62.6,46.95,48.85,39.05,False,False,False
2025-08-04,43.75,30716389,19.0,0.0,-897.0,-878.0,,66.88,64.03,44.69,48.01,39.38,False,False,False
2025-08-05,44.4,49796978,-554.0,-20.0,486.0,-88.0,,65.64,64.56,47.23,47.19,39.79,False,False,False
2025-08-06,43.35,28802563,-7207.0,-150.0,-762.0,-8119.0,0.54,55.02,61.38,43.74,46.12,40.35,False,False,False
2025-08-07,42.2,57758616,-340.0,-3133.0,-463.0,-3936.0,-0.54,37.58,53.45,40.22,45.24,40.73,False,False,False
2025-08-08,43.95,94684747,10112.0,0.0,913.0,11025.0,0.67,40.09,49.0,47.17,45.33,40.74,False,False,False
2025-08-11,43.8,54973787,-16120.0,62.0,389.0,-15669.0,1.85,40.55,46.18,46.67,45.37,40.74,False,False,False
2025-08-12,47.45,107010806,20563.0,-7.0,1993.0,22549.0,1.74,57.52,49.96,58.28,46.3,40.39,False,True,False
2025-08-13,46.05,99339905,-20130.0,-52.0,-1152.0,-21334.0,-1.84,57.15,52.36,53.47,46.62,40.53,False,False,False
2025-08-14,46.35,36332995,-232.0,-48.0,187.0,-93.0,-0.05,58.34,54.35,54.34,47.01,40.47,False,False,False
2025-08-15,48.0,61881796,2832.0,-1.0,3377.0,6207.0,3.1,66.99,58.56,58.89,47.73,40.32,False,False,True
2025-08-18,47.35,61333443,-11009.0,-33.0,534.0,-10508.0,-0.97,69.66,62.26,56.5,48.15,40.44,False,False,False
2025-08-19,45.75,49762321,-7405.0,-86.0,517.0,-6974.0,-0.89,63.82,62.78,51.02,48.02,41.09,False,False,False
2025-08-20,44.55,40840948,-1901.0,-100.0,-792.0,-2794.0,-0.33,53.07,59.55,47.31,48.03,41.23,False,False,False
2025-08-21,46.45,32445785,8859.0,-30.0,1590.0,10418.0,-1.27,52.05,57.05,53.12,48.2,41.4,False,False,False
2025-08-22,45.35,20878785,-719.0,-1.0,-160.0,-880.0,-0.66,43.28,52.46,49.7,48.23,41.58,False,False,False
2025-08-25,46.95,46093614,19516.0,-5.0,119.0,19629.0,-1.0,48.0,50.97,54.31,48.44,41.74,False,False,False
2025-08-26,47.45,21769684,-2451.0,150.0,153.0,-2148.0,1.42,58.05,53.33,55.67,48.57,42.13,False,True,False
2025-08-27,47.8,38564515,8896.0,0.0,-4419.0,4477.0,-0.82,67.44,58.03,56.65,48.89,42.11,False,False,False
2025-08-28,46.65,25010560,-870.0,0.0,-72.0,-942.0,-1.6,64.88,60.32,52.55,49.0,42.2,False,False,False
2025-08-29,47.0,84741007,-2094.0,-21.0,921.0,-1194.0,3.54,58.99,59.87,53.65,49.14,42.32,False,False,False
2025-09-01,46.75,27786909,1070.0,32.0,-636.0,467.0,-0.11,53.72,57.82,52.71,49.18,42.58,False,False,False
2025-09-02,45.65,30642714,-5206.0,42.0,-302.0,-5466.0,-0.46,41.22,52.29,48.68,49.17,42.71,False,False,False
2025-09-03,46.35,38198651,3788.0,103.0,-23.0,3868.0,0.18,35.97,46.85,51.23,49.09,43.1,False,False,False
2025-09-04,48.2,78540787,9382.0,1950.0,137.0,11468.0,-0.82,43.59,45.76,57.3,48.91,43.87,False,False,False
2025-09-05,53.0,162013609,31302.0,641.0,3183.0,35126.0,9.17,62.39,51.31,68.3,50.51,43.18,False,True,False
2025-09-08,53.5,331104845,-24957.0,636.0,97.0,-24224.0,7.34,62.71,55.11,69.19,51.78,42.88,False,False,True
2025-09-09,53.9,118505197,10471.0,-15.0,-819.0,9637.0,1.3,63.95,58.06,69.92,52.99,42.32,False,False,True
2025-09-10,54.4,98707440,1200.0,-18.0,1033.0,2215.0,-0.5,66.04,60.72,70.85,54.13,42.01,False,False,False
2025-09-11,56.5,168155667,43271.0,246.0,156.0,43673.0,-2.81,71.32,64.25,74.42,55.65,41.51,False,False,False
2025-09-12,57.4,187210685,-3578.0,-1159.0,1694.0,-3043.0,2.05,74.13,67.54,75.79,57.13,40.96,False,False,False
2025-09-15,63.1,254694617,36963.0,25.0,4498.0,41486.0,12.04,82.75,72.61,82.26,60.02,39.65,False,False,True
2025-09-16,69.2,443163507,53730.0,12379.0,546.0,66655.0,-8.65,88.2,77.81,86.44,64.18,37.84,False,False,True
2025-09-17,73.3,353614328,24213.0,1998.0,6529.0,32741.0,-2.33,91.59,82.4,88.41,68.59,36.3,False,False,True
2025-09-18,80.0,340363102,-4294.0,4783.0,10933.0,11423.0,6.89,94.39,86.4,90.78,74.15,34.1,False,False,True
2025-09-19,79.2,219078657,20124.0,-224.0,1672.0,21572.0,-3.24,93.7,88.83,88.46,78.29,33.34,False,False,True
2025-09-22,80.8,212268465,14981.0,3282.0,-229.0,18034.0,-1.8,91.75,89.81,89.06,82.16,32.85,False,False,True
2025-09-23,81.0,46967368,4912.0,0.0,6322.0,11234.0,-1.55,90.49,90.03,89.13,85.47,32.9,False,False,True
2025-09-24,76.0,46123209,9062.0,-69.0,-3021.0,5972.0,-5.48,83.89,87.99,75.04,87.33,33.86,False,False,True
2025-09-25,76.6,26404083,5250.0,50.0,-1740.0,3560.0,-1.31,79.54,85.17,75.54,88.9,35.29,False,False,True
2025-09-26,71.0,45605620,-1905.0,-47.0,-2621.0,-4573.0,-1.37,64.83,78.39,62.88,89.39,37.2,False,False,True
2025-09-30,73.0,31158952,-760.0,-170.0,-2996.0,-3926.0,0.54,53.74,70.17,65.13,89.82,39.39,False,False,True
2025-10-01,76.2,26053794,-253.0,100.0,373.0,220.0,2.07,49.95,63.43,68.42,90.19,42.07,False,False,True
2025-10-02,79.7,32987374,-2175.0,0.0,3514.0,1339.0,3.59,55.52,60.79,71.59,90.68,44.92,False,False,True
2025-10-03,83.0,47766544,274.0,-94.0,8647.0,8827.0,4.75,66.87,62.82,74.21,91.42,47.66,False,True,True
2025-10-07,91.2,52179282,-7176.0,-80.0,6252.0,-1005.0,5.65,77.92,67.85,79.32,93.91,48.99,False,False,True
2025-10-08,90.8,41561491,-5095.0,-69.0,544.0,-4620.0,-0.2,84.65,73.45,78.5,95.69,50.94,False,False,True
2025-10-09,98.5,219259632,-18597.0,8587.0,644.0,-9366.0,21.61,88.3,78.4,82.28,98.65,52.44,False,False,True
2025-10-13,95.6,177182917,-29212.0,609.0,476.0,-28127.0,5.24,87.49,81.43,76.8,100.11,55.1,False,False,True
2025-10-14,89.1,371601393,19498.0,9382.0,-14454.0,14426.0,-28.07,77.74,80.2,66.17,99.96,58.51,False,False,True
2025-10-15,86.3,184866513,-10194.0,-535.0,-5996.0,-16725.0,-2.02,67.53,75.98,62.17,98.87,62.49,False,False,True
2025-10-16,94.9,139293308,25249.0,3548.0,2457.0,31254.0,4.57,69.03,73.66,68.47,99.52,65.02,False,False,True
2025-10-17,104.0,264907109,26359.0,13541.0,1800.0,41700.0,7.51,79.35,75.56,73.49,102.68,65.34,False,True,True
2025-10-20,107.0,216252568,1078.0,2546.0,-387.0,3237.0,7.78,82.24,77.78,74.91,106.28,65.11,False,False,True
2025-10-21,105.5,105119091,5466.0,1505.0,2763.0,9734.0,-0.25,82.16,79.24,72.81,109.16,64.78,False,False,True
2025-10-22,110.0,104796480,2080.0,3354.0,2526.0,7960.0,6.87,86.82,81.77,75.07,112.62,64.4,False,False,True
2025-10-23,109.5,109837450,-3784.0,-935.0,558.0,-4160.0,-1.59,89.29,84.28,74.33,115.5,64.39,False,False,True
2025-10-27,120.0,27957079,1114.0,0.0,661.0,1776.0,9.34,92.86,87.14,79.01,120.36,63.43,False,False,True
2025-10-28,130.0,220692840,2450.0,3402.0,4179.0,10031.0,-4.3,94.17,89.48,82.31,126.72,62.47,False,False,True
2025-10-29,133.0,194530568,141.0,325.0,-2860.0,-2394.0,3.21,93.64,90.87,83.16,132.64,62.19,False,False,True
2025-10-30,134.5,174638893,-11677.0,119.0,-186.0,-11744.0,3.31,92.1,91.28,83.59,137.21,63.97,False,False,True
2025-10-31,132.5,124717002,8080.0,-6118.0,2229.0,4191.0,2.06,88.88,90.48,80.65,140.42,66.71,False,False,True
2025-11-03,137.0,169158183,-3317.0,226.0,1720.0,-1372.0,11.7,86.07,89.01,82.17,143.98,69.23,False,False,True
2025-11-04,131.5,152507836,-8864.0,75.0,571.0,-8218.0,-2.53,79.99,86.0,74.47,145.89,72.5,False,False,True
2025-11-05,138.0,244967950,-8947.0,1556.0,1513.0,-5879.0,5.46,80.33,84.11,77.19,148.62,75.27,False,False,True
2025-11-06,148.0,276959366,3242.0,1532.0,2259.0,7034.0,6.9,85.74,84.65,80.61,153.44,76.13,False,True,True
2025-11-07,147.0,233103202,-26591.0,533.0,950.0,-25108.0,5.63,83.61,84.31,79.33,157.07,78.12,False,False,True
2025-11-10,161.5,180212057,8675.0,157.0,3834.0,12666.0,10.04,89.08,85.9,83.44,163.7,77.79,False,True,True
2025-11-11,164.5,286107518,-25051.0,579.0,-1867.0,-26339.0,-6.59,87.44,86.41,84.15,169.64,78.74,False,False,True
2025-11-12,163.0,192259424,-22776.0,595.0,-748.0,-22928.0,3.53,85.35,86.06,82.27,173.34,82.43,False,False,True
2025-11-13,163.5,363056591,8679.0,2934.0,-1524.0,10089.0,-5.52,81.39,84.5,82.41,175.4,88.09,False,False,True
2025-11-14,158.5,219349095,-5406.0,3447.0,-3208.0,-5167.0,2.23,75.79,81.6,75.9,176.5,93.35,False,False,True
2025-11-17,166.5,188655297,15972.0,167.0,974.0,17112.0,-1.57,76.78,79.99,78.79,179.23,96.87,False,False,True
2025-11-18,160.5,192854043,6672.0,2814.0,-2658.0,6828.0,-5.44,69.33,76.44,71.84,180.33,101.12,False,False,True
2025-11-19,160.0,153622899,4594.0,1268.0,-1794.0,4068.0,0.27,61.15,71.34,71.28,180.26,106.64,False,False,True
2025-11-20,155.5,405613000,-28419.0,463.0,-1591.0,-29548.0,8.18,51.55,64.74,66.24,179.31,112.14,False,False,True
2025-11-21,140.0,134957835,-5658.0,-1729.0,-5663.0,-13050.0,-13.05,34.37,54.62,52.48,176.38,118.12,False,False,True
2025-11-24,143.0,177387374,22155.0,3404.0,-762.0,24797.0,-5.66,26.66,45.3,54.45,174.68,122.12,False,False,True
2025-11-25,143.5,195798197,-14538.0,-42.0,3365.0,-11215.0,13.92,21.94,37.51,54.79,174.02,124.13,False,False,True
2025-11-26,136.5,165577185,24803.0,-1925.0,-960.0,21918.0,-13.35,17.58,30.87,49.29,173.77,124.73,False,False,True
2025-11-27,146.0,140139975,337.0,-2481.0,2028.0,-115.0,11.1,22.69,28.14,55.78,173.41,126.24,True,False,True
2025-11-28,146.0,109499388,-11438.0,-201.0,340.0,-11299.0,3.22,27.0,27.76,55.78,172.73,128.27,False,False,True
2025-12-01,149.5,97816970,3129.0,1570.0,565.0,5263.0,2.78,33.07,29.53,58.07,172.44,129.81,False,True,True
2025-12-02,149.5,122170507,-3847.0,-3044.0,1778.0,-5113.0,3.66,37.11,32.06,58.07,171.27,132.78,False,False,True
2025-12-03,151.0,200254754,-19037.0,1908.0,800.0,-16329.0,8.25,48.74,37.62,59.12,170.77,134.58,False,False,True
2025-12-04,151.0,135892677,4980.0,-958.0,387.0,4409.0,-0.93,56.5,43.91,59.12,170.81,134.84,False,False,True
2025-12-05,153.0,141034633,22513.0,2338.0,1648.0,26498.0,-10.2,64.33,50.72,60.65,170.9,135.35,False,False,True
2025-12-08,163.5,48697439,188.0,458.0,6610.0,7255.0,2.36,76.22,59.22,67.51,171.22,135.23,False,False,True
2025-12-09,162.0,27319281,2019.0,103.0,544.0,2666.0,-2.27,80.23,66.22,65.75,170.8,135.4,False,False,True
2025-12-10,156.0,26800283,2131.0,-115.0,-989.0,1026.0,-1.27,73.48,68.64,59.09,169.89,135.61,False,False,True
2025-12-11,156.0,15169179,628.0,-8.0,359.0,979.0,-0.34,68.04,68.44,59.09,168.84,135.91,False,False,True
2025-12-12,162.0,26669665,4848.0,-85.0,123.0,4886.0,1.37,73.81,70.23,63.39,169.36,135.74,False,True,True
2025-12-15,162.5,17448943,1832.0,5.0,-267.0,1570.0,-0.51,78.27,72.91,63.73,168.54,136.16,False,False,True
2025-12-16,158.0,25043527,-6068.0,-147.0,-1302.0,-7516.0,-0.54,73.55,73.12,58.44,168.19,136.26,False,False,True
2025-12-17,164.5,30151093,-367.0,13.0,3247.0,2892.0,3.17,81.46,75.9,63.19,168.99,135.91,False,False,True
2025-12-18,170.0,40687506,-3616.0,273.0,4681.0,1337.0,1.66,85.62,79.14,66.67,171.46,134.89,False,False,True
2025-12-19,174.5,38432181,-3409.0,-4.0,1992.0,-1421.0,-0.53,86.71,81.67,69.23,174.42,135.38,False,False,True
2025-12-22,180.0,156426861,-4034.0,3227.0,459.0,-347.0,8.62,84.79,82.71,72.05,178.42,135.08,False,False,True
2025-12-23,176.5,74676446,-6858.0,657.0,2807.0,-3394.0,0.24,79.81,81.74,67.79,180.83,135.97,False,False,True
2025-12-24,189.0,118963502,13561.0,5027.0,2500.0,21088.0,4.06,85.6,83.03,73.76,184.91,137.14,False,True,True
2025-12-26,189.0,78418819,-7396.0,-11.0,479.0,-6928.0,-3.29,88.15,84.73,73.76,189.02,137.33,False,False,True
2025-12-29,188.5,72720023,-6318.0,-852.0,295.0,-6876.0,1.41,89.4,86.29,73.13,192.17,138.43,False,False,True
2025-12-30,194.5,152110265,-6299.0,23779.0,2595.0,20076.0,2.9,88.51,87.03,75.8,196.32,138.78,False,False,True
2025-12-31,193.0,115478826,-7586.0,-38.0,-809.0,-8433.0,0.72,85.04,86.36,73.82,199.31,140.14,False,False,True
2026-01-02,207.0,138960869,18929.0,2162.0,441.0,21532.0,-4.76,88.73,87.15,79.25,205.1,139.95,False,True,True
2026-01-05,208.0,114428383,-15169.0,917.0,644.0,-13607.0,7.0,88.1,87.47,79.58,209.93,140.82,False,False,True
2026-01-06,228.5,154970722,-2461.0,2272.0,604.0,415.0,2.32,92.07,89.0,84.83,219.44,138.86,False,False,True
2026-01-07,241.0,166211293,243.0,1978.0,1039.0,3260.0,-3.89,91.51,89.84,87.03,231.13,134.92,False,False,True
2026-01-08,241.5,90272147,8678.0,1600.0,-1324.0,8955.0,-8.14,90.93,90.2,87.11,240.61,133.39,False,False,True
2026-01-09,217.5,21095873,790.0,67.0,898.0,1755.0,-5.22,77.94,86.12,65.99,243.25,136.9,False,False,True
2026-01-12,239.0,15870590,2773.0,8.0,543.0,3324.0,-1.16,80.21,84.15,72.44,249.13,139.32,False,False,True
2026-01-13,230.0,11040441,-2498.0,112.0,-529.0,-2916.0,-0.36,76.55,81.62,66.74,252.55,142.7,False,False,True
2026-01-14,236.5,10586482,-111.0,39.0,721.0,649.0,-1.02,77.64,80.29,68.65,256.26,146.39,False,False,True
2026-01-15,237.5,7581987,-572.0,31.0,-63.0,-604.0,-0.68,76.66,79.08,68.95,258.51,152.09,False,False,True
2026-01-16,250.0,16081545,-427.0,-19.0,811.0,365.0,-0.63,80.47,79.54,72.46,262.72,156.43,False,True,True
2026-01-19,275.0,13083599,-454.0,-684.0,1161.0,23.0,-0.38,86.98,82.02,77.85,272.1,157.55,False,False,True
2026-01-20,272.0,27036020,-1726.0,-90.0,-923.0,-2739.0,-1.38,89.58,84.54,75.93,279.08,160.32,False,False,True
2026-01-21,251.0,28926625,-5289.0,-114.0,330.0,-5073.0,-3.03,79.14,82.74,64.02,281.1,165.4,False,False,True
2026-01-22,266.5,22556646,-2501.0,26.0,-119.0,-2594.0,-0.88,80.23,81.91,68.01,284.28,171.22,False,False,True
2026-01-23,271.5,167399779,-16161.0,2886.0,1596.0,-11679.0,10.83,80.5,81.44,69.2,288.54,175.21,False,False,True
2026-01-26,286.0,112336106,-10771.0,60.0,-1369.0,-12080.0,3.5,82.71,81.86,72.39,294.53,178.92,False,True,True
2026-01-27,277.0,76875660,-6285.0,474.0,-1186.0,-6997.0,-1.58,78.39,80.71,67.7,296.93,185.37,False,False,True
2026-01-28,297.0,118256822,13427.0,634.0,-1158.0,12903.0,-0.53,84.08,81.83,72.04,302.83,189.72,False,True,True
2026-01-29,297.0,128064431,-5773.0,330.0,-1205.0,-6648.0,0.44,81.54,81.73,72.04,306.51,196.44,False,False,True
2026-01-30,326.5,127839132,21098.0,226.0,693.0,22016.0,-0.62,87.7,83.72,77.27,317.84,197.06,False,True,True
2026-02-02,294.0,99879925,-29461.0,-1113.0,-1454.0,-32029.0,2.06,78.5,81.98,63.24,319.51,203.99,False,False,True
2026-02-03,277.5,177860167,-706.0,530.0,-707.0,-883.0,4.42,62.5,75.49,57.53,320.15,208.25,False,False,True
2026-02-04,295.0,102753596,-2635.0,918.0,159.0,-1559.0,1.16,60.11,70.36,61.5,323.34,210.46,False,False,True
2026-02-05,275.0,88050378,-14204.0,-606.0,-383.0,-15193.0,4.22,45.49,62.07,55.15,323.82,213.33,False,False,True
2026-02-06,264.0,133131168,18008.0,128.0,-2819.0,15317.0,-6.46,36.07,53.4,51.98,320.74,221.06,False,False,True
2026-02-09,274.5,88633773,-12256.0,1905.0,106.0,-10245.0,2.78,34.42,47.08,54.66,320.21,225.14,False,False,True
2026-02-10,271.0,96717244,651.0,-190.0,-2612.0,-2151.0,-1.71,31.78,41.98,53.59,317.84,231.61,False,False,True
2026-02-11,278.0,91754473,14271.0,-1234.0,-80.0,12957.0,-5.97,33.11,39.02,55.47,315.99,237.61,False,False,True
2026-02-23,289.0,92665480,-5439.0,1361.0,-2353.0,-6431.0,0.88,42.02,40.02,58.34,314.22,244.53,False,True,True
2026-02-24,298.0,94108231,-907.0,678.0,882.0,653.0,2.36,52.68,44.24,60.57,314.66,248.89,False,False,True
2026-02-25,288.0,68339903,-9031.0,-1354.0,-573.0,-10958.0,-2.42,58.84,49.11,56.92,315.26,249.59,False,False,True
2026-02-26,285.5,65835407,2339.0,-1637.0,-633.0,69.0,0.01,61.34,53.19,56.01,315.58,250.62,False,False,True
2026-03-02,285.0,53402138,6605.0,-1565.0,-234.0,4806.0,-1.91,62.69,56.35,55.82,313.55,256.05,False,False,True
2026-03-03,256.5,90115002,-1219.0,-3448.0,-3092.0,-7759.0,-10.69,41.79,51.5,46.11,314.69,253.91,False,False,True
2026-03-04,234.5,106985500,30306.0,-5724.0,-2483.0,22098.0,-10.96,29.48,44.16,40.28,319.83,245.07,False,False,True
2026-03-05,257.5,21495563,-619.0,-86.0,-847.0,-1552.0,-0.95,31.92,40.08,47.72,319.97,242.08,False,False,True
2026-03-06,233.0,161663082,-1960.0,-2420.0,-1611.0,-5991.0,-0.79,22.21,34.12,41.75,323.31,234.34,False,False,True
2026-03-09,210.0,22142051,-2426.0,115.0,-636.0,-2947.0,-0.54,14.81,27.68,37.07,327.64,221.31,False,False,False
2026-03-10,231.0,115081371,17183.0,-1053.0,-6041.0,10089.0,-10.03,17.82,24.4,43.32,326.6,215.75,True,False,True
2026-03-11,254.0,90316151,-15277.0,1314.0,-1606.0,-15568.0,14.48,29.88,26.23,49.27,316.89,218.21,True,True,True
2026-03-12,239.5,152212129,-21459.0,-106.0,-5714.0,-27278.0,-9.22,32.06,28.17,45.99,314.03,215.62,False,False,True
2026-03-13,238.0,95267222,-12135.0,-2549.0,-394.0,-15079.0,0.93,33.34,29.89,45.65,313.07,212.63,False,False,True
2026-03-16,261.5,93491414,11988.0,-2313.0,2543.0,12218.0,8.34,55.24,38.34,51.65,309.07,213.28,False,False,True
2026-03-17,271.5,132621447,-2519.0,3560.0,1136.0,2177.0,4.03,64.34,47.01,53.98,308.7,213.3,False,False,True
2026-03-18,276.0,102342490,-3603.0,590.0,-1755.0,-4767.0,3.26,70.92,54.98,55.03,309.76,213.44,False,False,True
2026-03-19,260.0,84244597,-24694.0,-2819.0,-548.0,-28061.0,2.78,68.51,59.49,50.61,308.65,213.1,False,False,True
2026-03-20,234.0,159686881,-33949.0,-3521.0,-3885.0,-41355.0,-17.66,54.29,57.76,44.38,308.0,210.05,False,False,False
2026-03-23,223.0,78708847,2698.0,-5220.0,208.0,-2313.0,-1.76,38.78,51.43,42.02,306.92,205.63,False,False,False
2026-03-24,216.5,149698558,13066.0,-8818.0,-1080.0,3168.0,-2.27,30.78,44.55,40.64,303.8,201.5,False,False,False
2026-03-25,226.5,97313083,3722.0,-2406.0,789.0,2105.0,3.09,29.4,39.5,43.69,296.76,201.39,False,False,False
2026-03-26,225.5,185144097,-18515.0,-1723.0,704.0,-19533.0,5.61,28.08,35.69,43.45,291.01,200.89,False,False,False
2026-03-27,219.5,133271176,-3949.0,-7434.0,2357.0,-9027.0,-0.78,24.83,32.07,41.96,285.11,200.19,False,False,False
2026-03-30,220.5,125717079,4170.0,-172.0,-1144.0,2853.0,-2.17,23.06,29.07,42.32,277.96,200.89,False,False,False
2026-03-31,198.5,147689561,266.0,-10229.0,-681.0,-10644.0,-7.39,15.38,24.51,36.95,278.25,194.8,False,False,False
2026-04-01,211.0,121908452,1340.0,-2141.0,1128.0,327.0,9.06,16.56,21.86,41.49,278.61,192.09,True,False,False
2026-04-02,200.5,119851725,-3486.0,-1004.0,-833.0,-5323.0,-0.48,12.36,18.69,38.95,277.1,187.9,True,False,False
2026-04-07,206.0,73353667,3096.0,-464.0,678.0,3309.0,-0.3,13.19,16.86,40.99,277.3,185.0,True,False,False
2026-04-08,223.0,95259021,4348.0,241.0,916.0,5505.0,-1.21,24.97,19.56,46.88,277.05,186.55,True,True,False
2026-04-09,205.0,90700533,-33225.0,-790.0,-990.0,-35005.0,4.71,20.93,20.02,42.09,277.31,183.69,False,False,False
2026-04-10,215.0,93633890,18152.0,-262.0,1102.0,18992.0,-1.15,33.25,24.43,45.43,274.48,182.62,False,False,False
2026-04-13,225.5,97513828,8798.0,-181.0,2373.0,10991.0,-1.9,53.2,34.02,48.77,273.51,182.19,False,False,False
2026-04-14,220.0,161560749,-41591.0,120.0,-2857.0,-44329.0,2.52,52.74,40.26,47.14,272.47,181.43,False,False,False
2026-04-15,211.5,106926490,-755.0,-2479.0,-3093.0,-6327.0,1.11,44.74,41.75,44.66,267.4,181.5,False,False,False
2026-04-16,213.5,52962831,8634.0,-3801.0,158.0,4992.0,-2.0,41.08,41.53,45.39,258.55,184.55,False,False,False
2026-04-17,210.0,68274911,-1760.0,-2362.0,-215.0,-4337.0,0.89,34.05,39.04,44.29,245.21,191.29,False,False,False
2026-04-20,207.0,68203536,9127.0,111.0,-587.0,8651.0,-1.63,27.09,35.05,43.32,234.49,196.71,False,False,False
2026-04-21,220.0,109825599,6591.0,652.0,567.0,7810.0,3.62,33.85,34.65,48.57,231.86,197.94,False,False,False
2026-04-22,219.0,71110869,1998.0,62.0,-115.0,1945.0,-4.0,37.48,35.59,48.2,231.35,198.05,False,True,False
2026-04-23,208.0,141103957,-17424.0,-1331.0,-22.0,-18777.0,3.01,30.25,33.81,44.21,231.16,197.39,False,False,False
2026-04-24,206.0,99650668,-13361.0,-1374.0,-32.0,-14767.0,2.8,25.86,31.16,43.51,229.49,197.01,False,False,False
2026-04-27,226.5,133442494,36559.0,60.0,1964.0,38583.0,3.6,46.81,36.38,51.96,229.7,196.9,False,True,False
2026-04-28,237.5,204983861,9472.0,3348.0,122.0,12942.0,-8.42,60.71,44.49,55.78,233.72,194.68,False,False,False
2026-04-29,235.0,98792725,2179.0,2079.0,-63.0,4195.0,-4.49,68.06,52.34,54.71,236.41,193.44,False,False,False
2026-04-30,215.5,125666192,-41281.0,-1286.0,-1747.0,-44314.0,2.56,58.02,54.23,47.15,235.82,195.73,False,False,False
2026-05-04,237.0,144354307,28324.0,183.0,1469.0,29976.0,2.29,67.8,58.75,54.6,239.09,195.06,False,False,False
2026-05-05,256.5,207567196,24934.0,9083.0,690.0,34707.0,-5.24,77.14,64.88,60.1,246.73,193.02,False,False,False
2026-05-06,282.0,149468917,10297.0,5845.0,1678.0,17820.0,9.0,84.76,71.51,65.91,261.52,185.83,False,False,True
2026-05-07,287.0,197355586,10355.0,10541.0,211.0,21107.0,-0.74,86.75,76.59,66.92,274.13,179.62,False,False,False
2026-05-08,274.0,130863185,-4298.0,1797.0,-675.0,-3176.0,-12.23,82.17,78.45,61.76,280.82,179.83,False,False,False
2026-05-11,301.0,108987498,17226.0,3909.0,1993.0,23128.0,4.18,88.11,81.67,67.39,293.57,175.68,False,False,False
2026-05-12,321.0,217595653,25572.0,2842.0,440.0,28855.0,-0.76,90.87,84.74,70.81,309.62,169.18,False,False,True
2026-05-13,321.0,106103420,-5670.0,3026.0,307.0,-2337.0,1.5,92.71,87.39,70.81,322.85,166.05,False,False,True
2026-05-14,341.0,181771498,208.0,3730.0,867.0,4805.0,3.6,92.2,88.99,73.98,338.7,163.15,False,False,True
2026-05-15,311.5,160442326,-23727.0,-90.0,-1768.0,-25585.0,-5.59,82.28,86.75,63.1,345.72,165.93,False,False,True
2026-05-18,305.0,117077708,2181.0,-8258.0,-1091.0,-7168.0,-0.17,70.98,81.5,60.97,350.31,170.84,False,False,True
2026-05-19,274.5,118906988,-20376.0,-3134.0,-3920.0,-27430.0,-4.78,52.52,71.84,52.09,350.21,177.69,False,False,False
2026-05-20,275.0,123868197,-1097.0,-2740.0,-2276.0,-6112.0,4.33,40.39,61.35,52.22,350.53,182.87,False,False,True
2026-05-21,293.0,149826596,-1219.0,-216.0,919.0,-516.0,2.07,37.4,53.37,56.54,351.87,188.93,False,False,True
2026-05-22,310.5,157819181,-310.0,-249.0,811.0,252.0,2.09,42.08,49.61,60.3,353.28,197.77,False,False,True
2026-05-25,296.0,155862832,-1301.0,-11730.0,-890.0,-13921.0,-0.93,39.67,46.29,55.98,350.95,209.1,False,False,False
2026-05-26,303.5,152949355,7330.0,-3020.0,230.0,4541.0,0.59,40.92,44.5,57.67,350.82,216.93,False,False,True
2026-05-27,312.0,206216639,5747.0,-42.0,-1453.0,4252.0,5.0,49.75,46.25,59.56,351.92,223.28,False,True,True
2026-05-28,324.0,226715301,62167.0,809.0,528.0,63505.0,-7.23,59.69,50.73,62.14,353.28,230.82,False,False,True
2026-05-29,347.0,140975644,19483.0,4795.0,208.0,24487.0,-0.2,71.39,57.62,66.53,353.12,244.13,False,False,True
2026-06-01,381.5,129059908,27016.0,2178.0,520.0,29715.0,-3.32,80.92,65.39,71.82,364.13,247.57,False,False,True
2026-06-02,419.5,171631936,18322.0,5366.0,103.0,23790.0,-0.12,87.28,72.68,76.27,386.96,241.04,False,False,True
2026-06-03,401.5,151116427,-14403.0,965.0,-847.0,-14285.0,-0.54,84.74,76.7,70.59,401.02,238.93,False,False,True
2026-06-04,395.0,115749814,-11908.0,-270.0,-1522.0,-13700.0,-1.59,81.52,78.31,68.6,411.41,239.34,False,False,True
2026-06-05,360.0,121599979,-11331.0,-332.0,-1013.0,-12676.0,-8.45,70.27,75.63,58.97,413.47,245.88,False,False,True
2026-06-08,339.5,104497957,1871.0,198.0,-321.0,1747.0,0.42,55.82,69.03,54.17,414.38,248.82,False,False,True
2026-06-09,363.0,99865292,-15642.0,1825.0,-220.0,-14037.0,5.28,52.47,63.51,58.35,417.47,249.93,False,False,True
2026-06-10,333.0,99760905,-1155.0,522.0,-2862.0,-3495.0,-3.4,37.8,54.94,51.85,417.86,250.74,False,False,True
2026-06-11,340.0,101519192,-2501.0,243.0,-1635.0,-3893.0,1.38,30.21,46.69,53.16,417.8,250.7,False,False,True
2026-06-12,374.0,94572799,25213.0,944.0,1632.0,27789.0,-2.26,35.79,43.06,59.0,422.01,252.74,False,False,True
2026-06-15,395.5,132122225,-6507.0,1252.0,-187.0,-5443.0,6.06,46.24,44.12,62.21,428.89,254.91,False,True,True
2026-06-16,425.0,170526873,46937.0,5808.0,95.0,52840.0,-7.49,61.85,50.03,66.13,437.89,260.96,False,False,True
2026-06-17,437.0,101278057,4146.0,2241.0,646.0,7033.0,4.45,74.57,58.21,67.6,446.96,268.09,False,False,True
2026-06-18,459.5,180896115,-5297.0,13355.0,306.0,8363.0,-0.28,83.05,66.49,70.22,460.82,270.88,False,False,True
2026-06-22,505.0,96419516,9626.0,4046.0,1856.0,15527.0,1.83,88.7,73.89,74.67,485.36,265.79,False,False,True
2026-06-23,454.5,164235709,-23555.0,15735.0,-1622.0,-9442.0,-12.74,83.11,76.97,63.35,491.97,275.03,False,False,True
2026-06-24,443.5,125390124,-20243.0,13077.0,15.0,-7151.0,-0.07,77.35,77.09,61.18,495.24,285.76,False,False,True
2026-06-25,477.0,110549365,-10246.0,15911.0,173.0,5839.0,-0.96,78.24,77.47,65.11,503.45,294.05,False,False,True
2026-06-26,449.0,143165163,-520.0,3698.0,-2642.0,537.0,-4.74,70.31,75.09,59.67,505.76,304.24,False,False,True
2026-06-29,453.0,77020287,-2701.0,3370.0,-2833.0,-2163.0,1.56,64.31,71.49,60.18,509.35,311.25,False,False,True
2026-06-30,452.5,109257612,-18345.0,749.0,-1164.0,-18761.0,3.45,57.39,66.79,60.08,513.64,314.06,False,False,True
2026-07-01,421.0,101276439,-1966.0,-3896.0,-21.0,-5884.0,-0.85,41.48,58.36,53.85,513.74,314.11,False,False,True
2026-07-02,407.0,64561076,6209.0,-6969.0,690.0,-70.0,-0.71,33.42,50.05,51.31,513.9,314.5,False,False,True
2026-07-03,409.5,61733558,-7403.0,-6391.0,1811.0,-11983.0,1.66,29.04,43.04,51.75,514.25,315.6,False,False,True
2026-07-06,420.5,62093163,4618.0,1201.0,-41.0,5778.0,-0.09,29.52,38.54,53.72,513.85,322.05,False,False,True
2026-07-07,403.0,81670310,-3305.0,-542.0,-1783.0,-5631.0,-1.0,24.61,33.9,50.2,510.04,332.21,False,False,True
2026-07-08,396.0,62959726,-2743.0,94.0,-309.0,-2958.0,-0.78,19.25,29.01,48.82,508.31,337.24,False,False,True
2026-07-09,435.5,85459123,15430.0,3250.0,1254.0,19934.0,-1.83,33.51,30.51,56.14,502.35,353.45,True,True,True
2026-07-13,423.0,130554777,-29029.0,1401.0,96.0,-27532.0,6.51,37.55,32.86,53.53,494.09,370.01,False,False,True
2026-07-14,448.0,123272779,-20.0,2112.0,1229.0,3320.0,5.31,50.66,38.79,57.76,491.75,379.75,False,False,True
2026-07-15,481.0,158461435,4850.0,5422.0,2493.0,12765.0,1.4,64.35,47.31,62.6,496.14,383.91,False,False,True
2026-07-16,439.0,85483804,-21932.0,-1370.0,-14.0,-23316.0,0.22,59.15,51.26,54.1,496.4,385.05,False,False,True
2026-07-17,395.5,82626113,-8661.0,250.0,-252.0,-8664.0,-9.9,40.95,47.82,46.99,497.89,379.41,False,False,True
2026-07-20,381.0,73602466,-6917.0,-166.0,4.0,-7078.0,1.4,27.46,41.03,44.88,498.38,371.07,False,False,True
2026-07-21,405.0,70570915,-2986.0,2160.0,644.0,-181.0,3.06,25.8,35.95,48.97,485.34,374.11,False,False,True
2026-07-22,445.5,63907084,7792.0,2313.0,389.0,10493.0,-1.22,37.07,36.33,55.05,484.19,374.36,False,True,True
2026-07-23,426.0,89386639,578.0,-1252.0,2.0,-672.0,2.33,38.63,37.1,51.85,482.92,373.88,False,False,True
2026-07-24,401.0,80045856,-13346.0,-1841.0,-1794.0,-16981.0,2.22,32.02,35.4,48.0,475.32,373.88,False,False,True
2026-07-27,436.0,81191012,75.0,205.0,277.0,556.0,0.46,38.32,36.38,53.23,473.67,374.23,False,True,True
2026-07-28,392.5,60940938,-5574.0,-1520.0,489.0,-6605.0,-2.04,30.4,34.38,46.91,470.57,371.28,False,False,True
2026-07-29,353.5,56513023,-4427.0,-1684.0,-98.0,-6208.0,-5.3,20.26,29.68,42.08,471.73,360.22,False,False,False
2026-07-30,328.0,120154208,-667.0,974.0,181.0,487.0,-2.46,15.05,24.8,39.24,479.45,343.2,False,False,False
2026-07-31,360.5,8135174,-2483.0,0.0,-3.0,-2486.0,0.17,19.9,23.17,44.4,480.82,337.18,True,False,False
2026-08-03,396.5,58799561,12889.0,-101.0,723.0,13511.0,7.39,32.37,26.24,49.51,480.39,336.31,True,True,True
2026-08-04,436.0,119676759,24800.0,1648.0,-88.0,26361.0,1.45,50.81,34.43,54.45,482.04,336.21,False,False,True
2026-08-05,445.0,144425745,7255.0,3917.0,-3023.0,8149.0,3.56,61.48,43.45,55.52,485.8,336.65,False,False,True
2026-08-06,459.0,106681466,9184.0,-251.0,416.0,9348.0,-0.42,71.74,52.88,57.21,491.52,337.23,False,False,True
2026-08-07,457.0,70547660,2148.0,-21.0,365.0,2492.0,-1.46,78.13,61.3,56.88,494.41,336.49,False,False,True
2026-08-10,502.0,102644584,30510.0,49.0,1668.0,32226.0,-2.94,85.42,69.34,62.18,507.35,331.45,False,False,True
2026-08-11,489.0,114281944,15173.0,313.0,-171.0,15315.0,-1.88,87.87,75.52,59.89,513.99,328.91,False,False,True
2026-08-12,482.5,93648951,-14721.0,50.0,-567.0,-15239.0,2.13,85.6,78.88,58.72,514.27,328.78,False,False,True
2026-08-13,514.0,128574672,42741.0,1778.0,1755.0,46274.0,-6.77,86.97,81.58,62.53,526.66,323.89,False,False,True
2026-08-14,512.0,104565253,-10026.0,331.0,-496.0,-10192.0,1.41,84.27,82.47,62.14,538.49,323.71,False,False,True
2026-08-17,524.0,62243632,,,,,,83.85,82.93,63.61,550.53,325.97,False,False,True
