date,close,volume,外資,投信,自營商,三大法人合計(張),融資增減(張),K,D,RSI14,BB_upper,BB_lower,KD落入20以下,出現黃金交叉,趨勢向上非鈍化
2021-08-10,922.0,2513902,-44,28,-126,-142,,,,,,,False,False,False
2021-08-11,910.0,4585315,-900,19,-52,-933,,,,,,,False,False,False
2021-08-12,904.0,4309333,-1341,66,-4,-1278,,,,,,,False,False,False
2021-08-13,910.0,5316640,583,144,-3,723,,,,,,,False,False,False
2021-08-16,901.0,3748871,107,-30,-50,26,,,,,,,False,False,False
2021-08-17,880.0,5619978,-2105,113,-57,-2049,,,,,,,False,False,False
2021-08-18,912.0,6112567,262,215,42,519,,,,,,,False,False,False
2021-08-19,888.0,5605024,-898,86,-148,-960,,,,,,,False,False,False
2021-08-20,873.0,5568161,-1635,48,-14,-1601,,12.31,12.31,,,,False,False,False
2021-08-23,911.0,5355550,1923,-51,-27,1845,,34.64,19.75,,,,True,False,False
2021-08-24,909.0,3669517,292,-18,-90,184,,48.38,29.3,,,,False,False,False
2021-08-25,911.0,4529009,766,-223,19,561,,60.13,39.57,,,,False,False,False
2021-08-26,888.0,9982776,-2237,-439,-47,-2723,,54.03,44.39,,,,False,False,False
2021-08-27,896.0,5541636,1452,-220,97,1329,,54.81,47.86,,,,False,False,False
2021-08-30,912.0,4321735,2179,-69,-15,2095,,65.02,53.58,36.08,,,False,False,False
2021-08-31,901.0,7759596,-475,-266,-116,-857,,64.02,57.06,34.05,,,False,False,False
2021-09-01,927.0,9426404,6137,-191,-110,5837,,74.34,62.82,42.32,,,False,False,False
2021-09-02,933.0,5835912,3080,-200,-174,2706,,77.56,67.74,44.06,,,False,False,False
2021-09-03,919.0,5982064,-1233,-68,80,-1222,,73.49,69.65,40.95,,,False,False,False
2021-09-06,896.0,8507094,302,-657,-133,-487,,60.55,66.62,36.4,935.62,874.68,False,False,False
2021-09-07,903.0,3756993,760,-96,-14,649,,55.03,62.75,38.64,933.63,874.77,False,False,False
2021-09-08,912.0,5405988,1575,14,-117,1472,,54.74,60.08,41.48,933.82,874.78,False,False,False
2021-09-09,901.0,6326324,-737,-41,-30,-807,,45.38,55.18,39.1,933.71,874.59,False,False,False
2021-09-10,925.0,4863848,2999,-54,2,2947,,52.48,54.28,46.35,935.82,873.98,False,False,False
2021-09-13,927.0,3014460,1095,-34,-55,1007,,56.32,54.96,46.91,938.58,873.82,False,True,False
2021-09-14,947.0,8536498,3972,-8,-47,3917,,69.64,59.86,52.34,944.29,874.81,False,False,False
2021-09-15,935.0,5483694,91,81,47,220,,71.12,63.61,49.1,947.26,874.14,False,False,False
2021-09-16,936.0,4041855,137,-9,-32,96,,72.72,66.65,49.38,949.69,876.51,False,False,False
2021-09-17,940.0,7362257,1868,68,75,2011,,74.8,69.36,50.56,949.69,883.21,False,False,False
2021-09-22,911.0,8480705,-1235,30,-223,-1428,,59.22,65.98,42.79,949.69,883.21,False,False,False
2021-09-23,915.0,5320705,407,-11,3,399,,49.98,60.65,44.06,949.82,883.68,False,False,False
2021-09-24,920.0,4848703,1151,12,-9,1154,,46.14,55.81,45.69,950.18,884.22,False,False,False
2021-09-27,959.0,11010430,6460,2,124,6586,,64.09,58.57,56.38,955.72,885.78,False,True,False
2021-09-28,957.0,7353868,2319,6,-48,2277,,70.26,62.47,55.78,960.29,887.31,False,False,False
2021-09-29,913.0,8807094,-2530,93,-281,-2719,,53.12,59.35,44.45,960.28,887.42,False,False,False
2021-09-30,905.0,8747603,-2416,181,93,-2142,,39.52,52.74,42.75,959.99,888.11,False,False,False
2021-10-01,885.0,6601268,-3034,118,14,-2903,,27.5,44.33,38.76,961.85,882.05,False,False,False
2021-10-04,892.0,4625996,-501,163,139,-198,,23.46,37.37,40.84,961.59,878.21,False,False,False
2021-10-05,867.0,9075762,-3916,199,198,-3519,,19.15,31.3,36.12,965.24,869.36,False,False,False
2021-10-06,871.0,5437206,-275,85,-64,-254,,17.44,26.68,37.37,967.5,864.6,True,False,False
2021-10-07,911.0,7536884,2611,22,88,2720,,28.0,27.12,48.25,967.6,865.3,True,True,False
2021-10-08,910.0,4815175,1484,29,-68,1446,,34.75,29.66,48.03,967.54,865.16,False,False,False
2021-10-12,887.0,9179159,-950,70,-94,-973,,35.29,31.54,43.06,968.09,863.21,False,False,False
2021-10-13,862.0,5792133,-2745,132,6,-2607,,26.86,29.98,38.41,969.91,855.09,False,False,False
2021-10-14,840.0,8950553,-3097,53,-74,-3117,,18.29,26.08,34.85,973.56,842.74,False,False,False
2021-10-15,857.0,6522822,-922,-1,77,-845,,19.17,23.78,39.52,970.18,837.12,True,False,False
2021-10-18,867.0,6064288,1360,-122,109,1347,,23.63,23.73,42.15,966.99,833.51,True,False,False
2021-10-19,898.0,6912775,2037,-76,153,2115,,38.62,28.7,49.48,962.93,833.77,False,True,False
2021-10-20,901.0,4559291,940,94,-33,1001,,49.78,35.72,50.13,957.97,834.83,False,False,False
2021-10-21,913.0,6120161,1510,47,96,1653,,61.87,44.44,52.78,958.18,834.82,False,False,False
2021-10-22,926.0,4750886,2254,208,-1,2462,,74.58,54.49,55.54,959.61,834.49,False,False,False
2021-10-25,938.0,5842189,1041,70,42,1153,,81.15,63.37,57.98,962.39,833.51,False,False,False
2021-10-26,946.0,6475143,1020,7,85,1113,,85.66,70.8,59.57,959.37,835.23,False,False,False
2021-10-27,942.0,8154279,1699,-3,-221,1475,,85.64,75.75,58.38,955.88,837.22,False,False,False
2021-10-28,936.0,3849136,176,-30,-164,-19,,82.94,78.15,56.55,959.22,836.18,False,False,False
2021-10-29,913.0,5549918,-986,-15,-67,-1068,,71.19,75.83,50.08,959.93,836.27,False,False,False
2021-11-01,922.0,2963703,39,-12,64,91,,59.74,70.46,52.38,962.34,837.56,False,False,False
2021-11-02,928.0,2965080,538,-47,-3,487,,54.98,65.3,53.9,965.24,838.26,False,False,False
2021-11-03,932.0,3089194,982,-34,-15,933,,53.32,61.31,54.94,967.65,842.35,False,False,False
2021-11-04,928.0,3142300,276,-24,-30,222,,46.66,56.42,53.64,969.16,846.54,False,False,False
2021-11-05,940.0,3922770,1521,-81,34,1474,,51.1,54.65,56.92,972.27,846.33,False,False,True
2021-11-08,980.0,10948581,4454,133,447,5034,,65.97,58.42,65.65,983.27,842.33,False,True,True
2021-11-09,978.0,7326160,1483,-8,-105,1370,,68.89,61.91,64.95,992.41,842.29,False,False,True
2021-11-10,958.0,3607273,-1243,27,78,-1138,,63.17,62.33,58.18,994.54,849.76,False,False,True
2021-11-11,954.0,3976455,200,45,42,286,,56.97,60.54,56.9,990.27,865.43,False,False,True
2021-11-12,983.0,4506624,1652,16,13,1682,,64.32,61.8,63.21,991.7,876.6,False,True,True
2021-11-15,1025.0,11863385,4104,123,254,4481,,73.15,65.59,70.04,1004.0,880.1,False,False,True
2021-11-16,1035.0,5968762,574,324,267,1165,,79.3,70.16,71.4,1019.97,877.83,False,False,True
2021-11-17,1030.0,7313793,-1031,702,134,-195,,76.07,72.13,69.7,1031.36,879.34,False,False,True
2021-11-18,1085.0,13199272,2077,288,288,2654,,81.0,75.08,76.38,1056.83,871.07,False,False,True
2021-11-19,1090.0,10562661,676,195,35,906,,81.9,77.35,76.88,1078.85,865.45,False,False,True
2021-11-22,1080.0,5357065,32,108,87,227,,80.68,78.46,73.53,1094.91,863.59,False,False,True
2021-11-23,1055.0,6209563,-76,71,-119,-123,,75.35,77.42,65.82,1103.98,865.42,False,False,True
2021-11-24,1040.0,4303829,-294,19,77,-198,,67.3,74.05,61.64,1109.54,869.66,False,False,True
2021-11-25,1035.0,3042360,-71,21,-59,-109,,54.59,67.56,60.26,1113.34,875.76,False,False,True
2021-11-26,1005.0,4570424,-295,-35,-288,-618,,38.81,57.98,52.68,1111.6,886.7,False,False,True
2021-11-29,1030.0,3878731,925,-25,84,984,,35.95,50.64,57.48,1111.65,897.45,False,False,True
2021-11-30,1010.0,8407302,-419,-101,48,-471,,28.88,43.39,52.86,1109.5,907.8,False,False,True
2021-12-01,1065.0,6547926,1920,13,72,2004,,38.37,41.71,61.93,1112.34,918.26,False,False,True
2021-12-02,1080.0,7194120,2204,107,-549,1762,,50.51,44.65,63.96,1114.83,930.97,False,True,True
2021-12-03,1060.0,4782312,-382,500,-20,98,,56.91,48.73,59.4,1113.41,944.39,False,False,True
2021-12-06,1085.0,4650774,-296,2,-95,-388,,69.59,55.69,62.96,1118.91,949.39,False,False,True
2021-12-07,1065.0,6286966,-1275,49,71,-1155,,71.31,60.89,58.54,1120.0,957.0,False,False,True
2021-12-08,1095.0,7553331,3146,-9,52,3190,,76.67,66.15,62.76,1121.19,969.51,False,False,True
2021-12-09,1085.0,3406357,-116,104,-38,-50,,77.44,69.92,60.55,1116.29,987.51,False,False,True
2021-12-10,1075.0,3190902,-492,-11,11,-492,,73.3,71.04,58.33,1112.8,1000.2,False,False,True
2021-12-13,1075.0,3450664,670,20,-76,614,,70.53,70.87,58.33,1113.83,1004.17,False,False,True
2021-12-14,1070.0,4197956,843,340,-146,1036,,61.31,67.68,57.12,1114.58,1006.92,False,False,True
2021-12-15,1060.0,3025297,82,14,-47,49,,50.39,61.92,54.67,1114.11,1010.39,False,False,True
2021-12-16,1090.0,3900955,853,1,172,1027,,57.41,60.42,60.18,1114.87,1010.13,False,False,True
2021-12-17,1075.0,5577386,-333,-66,32,-367,,53.66,58.16,56.49,1112.87,1010.63,False,False,True
2021-12-20,1055.0,3333615,-749,-34,-96,-878,,40.9,52.41,51.91,1110.96,1010.04,False,False,True
2021-12-21,1090.0,4476757,1078,-20,-70,987,,50.34,51.72,58.28,1114.31,1010.19,False,False,True
2021-12-22,1085.0,1375244,60,-25,1,37,,54.07,52.5,57.12,1116.4,1012.6,False,True,True
2021-12-23,1095.0,2771095,420,-72,91,439,,61.69,55.57,58.89,1119.16,1015.84,False,False,True
2021-12-24,1120.0,5416247,1260,-29,346,1577,,70.54,60.56,63.0,1121.07,1025.43,False,False,True
2021-12-27,1145.0,8596153,-95,187,526,618,,70.84,63.98,66.59,1132.27,1025.73,False,False,True
2021-12-28,1175.0,5042669,284,188,-104,368,,77.99,68.65,70.32,1146.32,1028.18,False,False,True
2021-12-29,1185.0,5160937,233,249,52,533,,81.88,73.06,71.46,1165.67,1020.83,False,False,True
2021-12-30,1190.0,3858894,605,100,-46,660,,85.62,77.25,72.04,1182.72,1014.78,False,False,True
2022-01-03,1150.0,7574367,153,12,109,274,,75.47,76.66,61.31,1188.12,1018.38,False,False,True
2022-01-04,1165.0,6761854,1984,-64,20,1940,,71.3,74.87,63.51,1195.95,1018.55,False,False,True
2022-01-05,1175.0,7170388,1325,108,-138,1294,,70.61,73.45,64.94,1204.03,1021.47,False,False,True
2022-01-06,1135.0,8411284,-1684,35,190,-1458,,58.19,68.36,55.57,1206.14,1023.36,False,False,True
2022-01-07,1100.0,8690396,786,-137,-30,620,,41.46,59.39,48.91,1206.11,1024.89,False,False,True
2022-01-10,1095.0,7452615,-2139,67,76,-1995,,33.39,50.72,48.03,1205.65,1027.35,False,False,True
2022-01-11,1080.0,4807940,-298,15,-48,-331,,25.59,42.35,45.38,1205.44,1028.06,False,False,True
2022-01-12,1085.0,3084290,-158,14,-2,-146,,21.5,35.4,46.44,1204.77,1030.23,False,False,True
2022-01-13,1100.0,5091825,428,38,-6,461,,22.11,30.97,49.6,1202.97,1036.03,False,False,True
2022-01-14,1065.0,5753681,-904,81,-230,-1054,,17.21,26.38,43.19,1204.29,1032.21,False,False,True
2022-01-17,1115.0,5568468,64,-103,199,160,,26.29,26.35,52.61,1203.88,1036.62,True,False,True
2022-01-18,1105.0,4961195,185,268,202,656,,34.19,28.97,50.8,1200.99,1044.51,False,True,True
2022-01-19,1100.0,4814508,712,33,-578,168,,39.46,32.46,49.87,1200.73,1045.77,False,False,True
2022-01-20,1090.0,5412066,-308,-119,9,-417,,39.27,34.73,47.99,1200.49,1046.51,False,False,True
2022-01-21,1070.0,6033179,-640,109,26,-505,,31.74,33.73,44.38,1201.95,1042.55,False,False,True
2022-01-24,1090.0,5104728,-647,457,-97,-287,,35.19,34.22,48.55,1201.75,1039.75,False,True,True
2022-01-25,1085.0,4536083,-1025,91,0,-934,,35.74,34.73,47.59,1199.41,1036.09,False,False,True
2022-01-26,1075.0,5220488,-1283,191,333,-759,,32.6,34.02,45.64,1191.86,1033.64,False,False,True
2022-02-07,1100.0,18948207,2338,1180,60,3578,,39.28,35.77,51.03,1180.03,1036.97,False,True,True
2022-02-08,1095.0,9138912,2800,-97,-22,2681,,41.97,37.84,49.96,1164.26,1043.24,False,False,True
2022-02-09,1130.0,8215520,3370,251,-99,3522,,59.36,45.01,56.78,1160.65,1044.85,False,False,True
2022-02-10,1160.0,8726429,2065,158,-123,2100,,71.45,53.83,61.6,1159.3,1045.7,False,False,True
2022-02-11,1150.0,5058227,573,32,-83,523,,75.41,61.02,59.23,1152.12,1050.38,False,False,True
2022-02-14,1105.0,5789679,-1096,9,-97,-1183,,65.55,62.53,49.91,1148.14,1051.36,False,False,True
2022-02-15,1100.0,3322875,-301,62,6,-234,,53.7,59.59,48.99,1148.14,1051.36,False,False,True
2022-02-16,1130.0,2940602,217,103,-27,293,,55.8,58.33,54.43,1151.67,1051.33,False,False,True
2022-02-17,1130.0,3047582,1026,-66,23,983,,56.5,57.72,54.43,1154.64,1053.36,False,False,True
2022-02-18,1120.0,2777044,442,68,27,537,,50.17,55.2,52.27,1156.04,1055.46,False,False,True
2022-02-21,1130.0,3249940,-17,11,399,393,,50.11,53.5,54.22,1158.6,1055.9,False,False,True
2022-02-22,1110.0,4981430,-1504,268,-332,-1567,,41.74,49.58,49.83,1156.84,1062.16,False,False,True
2022-02-23,1120.0,3590396,168,-29,-48,91,,40.33,46.5,51.93,1157.26,1062.24,False,False,True
2022-02-24,1060.0,8155250,-2039,200,-109,-1948,,28.97,40.65,40.89,1159.97,1055.03,False,False,False
2022-02-25,1085.0,7392515,-604,227,-73,-450,,31.81,37.71,46.04,1160.09,1053.41,False,False,False
2022-03-01,1100.0,5544370,179,75,102,356,,39.96,38.46,48.91,1160.11,1054.39,False,True,True
2022-03-02,1080.0,3703428,-1212,-92,140,-1163,,37.06,37.99,45.44,1159.3,1056.2,False,False,False
2022-03-03,1080.0,3873104,-968,-326,38,-1257,,35.12,37.03,45.44,1159.71,1054.79,False,False,False
2022-03-04,1025.0,6621209,-1716,-678,-132,-2526,,23.41,32.49,37.04,1167.77,1040.73,False,False,False
2022-03-07,972.0,11348964,-2740,410,-131,-2461,,16.05,27.01,31.08,1185.27,1012.93,False,False,False
2022-03-08,963.0,7471419,-1585,343,-11,-1253,,14.47,22.83,30.2,1197.73,986.77,True,False,False
2022-03-09,966.0,6282516,-1720,78,56,-1587,,13.98,19.88,30.9,1205.41,966.19,True,False,False
2022-03-10,995.0,5992358,13,61,31,105,,19.11,19.62,37.51,1203.3,954.8,True,False,False
2022-03-11,963.0,6396559,-2137,-223,-57,-2417,,16.51,18.58,33.68,1197.6,940.8,True,False,False
2022-03-14,944.0,8927797,-2599,-168,5,-2762,,12.95,16.71,31.62,1192.93,924.87,True,False,False
2022-03-15,904.0,10994846,-2978,-244,-67,-3289,,9.14,14.18,27.77,1197.65,900.05,True,False,False
2022-03-16,907.0,7790859,-2084,-58,-52,-2194,,7.55,11.97,28.47,1198.69,879.71,True,False,False
2022-03-17,968.0,9926344,1270,23,223,1516,,26.62,16.86,41.06,1187.6,874.6,True,True,False
2022-03-18,969.0,7194385,102,-71,-188,-157,,39.65,24.45,41.24,1174.61,871.49,False,False,False
2022-03-21,978.0,4146781,527,-231,-116,180,,51.2,33.37,42.95,1161.58,870.32,False,False,False
2022-03-22,975.0,3993632,-672,-62,66,-668,,57.94,41.56,42.51,1144.47,871.93,False,False,False
2022-03-23,977.0,4955261,-342,1,168,-173,,64.29,49.14,42.93,1129.64,873.46,False,False,False
2022-03-24,972.0,4765504,266,-84,-1,181,,68.13,55.47,42.09,1109.93,878.37,False,False,False
2022-03-25,971.0,5031201,-247,-124,-93,-463,,70.33,60.42,41.92,1101.6,877.8,False,False,False
2022-03-28,964.0,2814908,-723,31,29,-663,,69.34,63.39,40.64,1086.58,880.72,False,False,False
2022-03-29,912.0,14174826,-6849,-331,-54,-7234,,49.49,58.76,32.66,1066.19,882.31,False,False,False
2022-03-30,915.0,11786348,-3202,-745,335,-3612,,37.34,51.62,33.47,1046.94,885.06,False,False,False
2022-03-31,905.0,8830610,-2814,121,-15,-2707,,26.65,43.3,32.09,1022.65,891.85,False,False,False
2022-04-01,900.0,11812480,-4405,331,-83,-4157,,20.05,35.55,31.38,1012.94,889.06,False,False,False
2022-04-06,882.0,14330964,-2835,149,114,-2571,,19.8,30.3,28.93,1014.77,878.23,False,False,False
2022-04-07,850.0,19182221,-6178,226,-122,-6074,,13.2,24.6,25.17,1021.03,860.67,True,False,False
2022-04-08,840.0,14333839,-5494,376,132,-4986,,10.21,19.8,24.12,1025.49,843.61,True,False,False
2022-04-11,836.0,6422208,-2206,343,-101,-1964,,7.81,15.81,23.69,1022.93,830.27,True,False,False
2022-04-12,842.0,8125095,-2506,-7,150,-2362,,8.52,13.38,25.82,1022.3,818.8,True,False,False
2022-04-13,880.0,10355160,436,2,123,561,,23.6,16.78,37.66,1020.02,814.68,True,True,False
2022-04-14,861.0,6810310,-2480,18,-60,-2522,,27.34,20.3,34.68,1020.8,809.6,False,False,False
2022-04-15,832.0,7666989,-3877,175,-369,-4071,,19.13,19.91,30.69,1023.41,799.49,False,False,False
2022-04-18,833.0,4094460,-429,98,8,-324,,16.32,18.72,30.98,1018.57,790.83,True,False,False
2022-04-19,838.0,6379783,-1039,16,-12,-1035,,17.55,18.33,32.53,1011.52,784.78,True,False,False
2022-04-20,856.0,5567216,-1327,658,-22,-691,,29.28,21.98,37.92,1000.34,783.76,True,True,False
2022-04-21,868.0,5096585,-19,850,15,846,,44.37,29.44,41.29,988.09,785.31,False,False,False
2022-04-22,854.0,6109863,-2377,531,59,-1787,,45.94,34.94,38.65,973.44,787.66,False,False,False
2022-04-25,837.0,6665153,-2804,560,-104,-2347,,36.69,35.52,35.68,957.92,789.68,False,False,False
2022-04-26,833.0,7337645,-3229,462,-23,-2791,,29.9,33.65,34.99,939.26,794.54,False,False,False
2022-04-27,808.0,8869795,-2800,214,-134,-2720,,24.82,30.71,31.0,920.14,798.06,False,False,False
2022-04-28,828.0,13045549,-1722,13,125,-1584,,30.33,30.58,37.18,912.05,797.75,False,False,False
2022-04-29,830.0,6766620,-580,-342,-175,-1097,,34.88,32.01,37.78,901.25,800.05,False,True,False
2022-05-03,820.0,8551333,-1486,52,-70,-1504,,33.48,32.5,35.93,891.79,801.01,False,False,False
2022-05-04,829.0,3612614,129,-418,37,-252,,36.54,33.85,38.83,881.14,804.56,False,False,False
2022-05-05,841.0,7049410,-548,13,139,-396,,48.81,38.83,42.56,874.36,807.24,False,False,False
2022-05-06,834.0,5758127,-1199,52,-60,-1207,,54.56,44.08,40.99,873.4,806.6,False,False,False
2022-05-09,813.0,3222122,-1423,17,-90,-1496,,45.9,44.68,36.62,874.16,803.14,False,False,False
2022-05-10,820.0,6325340,-1412,-181,88,-1506,,44.29,44.55,38.96,874.32,801.38,False,False,False
2022-05-11,829.0,3922273,122,-130,67,59,,47.47,45.53,41.92,873.82,800.58,False,True,False
2022-05-12,820.0,4176731,-295,-223,-99,-617,,44.57,45.21,39.84,865.51,802.89,False,False,False
2022-05-13,843.0,4717939,544,31,298,873,,59.5,49.97,47.08,862.31,804.29,False,True,False
2022-05-16,825.0,5271200,-1135,10,58,-1067,,53.7,51.22,42.74,862.2,803.7,False,False,False
2022-05-17,841.0,4072755,253,-15,112,350,,59.19,53.88,47.38,862.82,803.88,False,False,False
2022-05-18,855.0,5519119,1092,70,-80,1083,,71.04,59.6,51.11,865.17,803.23,False,False,False
2022-05-19,845.0,5322227,-163,-64,-73,-301,,73.09,64.1,48.47,863.36,803.94,False,False,False
2022-05-20,846.0,3553014,98,-1,-80,16,,75.04,67.75,48.75,858.26,806.84,False,False,False
2022-05-23,843.0,3264401,406,-23,22,405,,72.25,69.25,47.89,856.21,807.79,False,False,False
2022-05-24,830.0,2984755,-350,9,-31,-373,,56.94,65.14,44.26,855.76,807.54,False,False,False
2022-05-25,843.0,3361816,611,53,185,849,,56.14,62.14,48.47,856.78,807.52,False,False,False
2022-05-26,833.0,3510535,-1019,-38,200,-856,,45.51,56.6,45.62,855.26,811.54,False,False,False
2022-05-27,851.0,3370246,947,50,223,1219,,57.22,56.81,51.19,857.6,811.5,False,True,False
2022-05-30,878.0,5414530,2079,36,195,2310,,71.48,61.7,58.12,866.95,806.95,False,False,False
2022-05-31,905.0,10757306,2092,787,75,2954,,80.99,68.13,63.67,882.89,799.51,False,False,False
2022-06-01,905.0,5422330,-73,23,56,6,,84.61,73.62,63.67,895.03,794.97,False,False,False
2022-06-02,898.0,3955773,45,194,32,271,,84.31,77.19,61.23,903.14,792.56,False,False,False
2022-06-06,905.0,5946507,-1316,85,695,-535,,86.83,80.4,62.77,911.82,790.98,False,False,False
2022-06-07,890.0,5947743,-2924,4,616,-2304,,82.69,81.16,57.5,915.18,795.32,False,False,False
2022-06-08,930.0,10728702,1835,94,811,2739,,87.47,83.27,65.75,926.93,794.57,False,False,False
2022-06-09,924.0,5984203,-2005,57,441,-1507,,87.87,84.8,63.75,935.6,795.4,False,False,False
2022-06-10,930.0,5318503,-1105,7,1109,11,,89.56,86.39,64.9,943.3,798.7,False,False,False
2022-06-13,887.0,9022930,-4830,12,1207,-3611,,69.51,80.76,52.15,944.58,801.82,False,False,False
2022-06-14,880.0,6584136,-2731,9,1084,-1638,,53.11,71.54,50.41,943.66,808.24,False,False,False
2022-06-15,884.0,5067404,-1861,29,860,-972,,44.1,62.4,51.4,943.84,812.36,False,False,False
2022-06-16,873.0,5021856,-704,280,-81,-505,,32.78,52.52,48.52,943.89,814.11,False,False,False
2022-06-17,831.0,13752224,-5803,1457,-137,-4483,,21.85,42.3,39.42,945.01,811.59,False,False,False
2022-06-20,840.0,7147473,-2007,1479,277,-251,,17.45,34.02,41.93,945.37,810.63,False,False,False
2022-06-21,868.0,7646638,-1787,1493,843,549,,23.5,30.51,49.02,944.79,813.71,True,False,False
2022-06-22,807.0,15085390,-6455,1276,1442,-3737,,16.18,25.73,38.11,947.95,808.25,False,False,False
2022-06-23,689.0,32333439,-972,-163,-2278,-3413,,12.24,21.24,26.04,979.48,761.32,True,False,False
2022-06-24,670.0,15415332,-3190,-217,-56,-3463,,8.3,16.92,24.68,1002.89,721.61,True,False,False
2022-06-27,678.0,13100554,-171,30,-446,-587,,6.79,13.55,26.42,1016.65,690.55,True,False,False
2022-06-28,651.0,16972052,-2079,-38,-653,-2769,,5.16,10.75,24.37,1028.15,656.35,True,False,False
2022-06-29,661.0,14778786,-203,-299,-51,-554,,6.51,9.34,26.64,1030.09,630.01,True,False,False
2022-06-30,651.0,10036830,-843,-164,-214,-1221,,5.95,8.21,25.81,1029.26,605.44,True,False,False
2022-07-01,612.0,10444271,-1195,26,-159,-1328,,4.22,6.88,22.81,1030.1,576.0,True,False,False
2022-07-04,611.0,9444092,-901,-123,279,-745,,3.49,5.75,22.74,1025.46,551.24,True,False,False
2022-07-05,615.0,9082053,-702,-291,185,-808,,6.53,6.01,23.79,1018.68,530.52,True,True,False
2022-07-06,605.0,7751766,0,-64,-16,-80,,7.04,6.35,22.95,1002.14,514.56,True,False,False
2022-07-07,636.0,8855162,1377,110,142,1630,,17.96,10.22,31.06,980.46,507.44,True,False,False
2022-07-08,651.0,9192119,2152,113,-211,2054,,34.2,18.21,34.64,952.82,507.18,True,False,False
2022-07-11,637.0,5167336,-87,49,-88,-126,,41.58,26.0,32.92,931.09,503.91,False,False,False
2022-07-12,614.0,7529559,348,-22,-156,170,,36.44,29.48,30.26,908.09,500.31,False,False,False
2022-07-13,634.0,6699944,-552,232,243,-77,,44.85,34.6,35.17,879.17,504.23,False,False,False
2022-07-14,646.0,5577460,523,143,95,761,,57.12,42.11,37.98,848.05,512.65,False,False,False
2022-07-15,648.0,7813312,-267,-43,127,-183,,66.41,50.21,38.46,823.56,518.84,False,False,False
2022-07-18,661.0,7954940,1123,-329,47,842,,71.89,57.44,41.63,792.25,532.25,False,False,False
2022-07-19,662.0,4731512,816,-316,-93,407,,75.79,63.56,41.87,738.79,565.11,False,False,False
2022-07-20,671.0,8248076,1380,-191,-589,600,,77.11,68.07,44.17,693.74,596.56,False,False,False
2022-07-21,716.0,12111113,3078,-100,138,3116,,84.74,73.63,53.95,701.32,591.68,False,False,False
2022-07-22,705.0,8431314,-1275,418,-285,-1143,,85.11,77.45,51.57,708.22,588.28,False,False,False
2022-07-25,688.0,6110219,-1279,33,56,-1190,,78.61,77.84,48.05,709.92,587.58,False,False,False
2022-07-26,681.0,5427846,-49,71,-108,-86,,71.85,75.84,46.63,713.1,587.4,False,False,False
2022-07-27,677.0,6722762,-5,-94,42,-57,,63.56,71.75,45.8,714.88,587.22,False,False,False
2022-07-28,682.0,4804152,928,45,-57,916,,57.4,66.97,47.07,717.91,587.29,False,False,False
2022-07-29,683.0,7074682,661,82,-33,709,,52.41,62.11,47.34,719.87,592.43,False,False,False
2022-08-01,694.0,6498892,929,236,186,1350,,53.52,59.25,50.29,722.43,598.17,False,False,False
2022-08-02,683.0,6232318,-2452,166,-96,-2381,,48.25,55.58,47.42,722.76,604.64,False,False,False
2022-08-03,686.0,3594609,80,90,41,211,,46.37,52.51,48.29,720.65,614.85,False,False,False
2022-08-04,684.0,3502217,-115,99,73,57,,49.96,51.66,47.73,721.31,618.99,False,False,False
2022-08-05,717.0,7340789,3471,125,107,3703,,66.64,56.66,56.7,727.82,619.08,False,True,False
2022-08-08,709.0,5124852,-410,70,-11,-350,,71.65,61.65,54.27,730.79,623.31,False,False,False
2022-08-09,694.0,5387167,-1615,-174,193,-1596,,63.04,62.12,49.94,726.27,635.83,False,False,False
2022-08-10,668.0,6662101,-3447,26,-42,-3463,,42.03,55.42,43.47,722.78,642.72,False,False,False
2022-08-11,670.0,9463374,-1900,-208,44,-2064,,32.11,47.65,44.07,720.64,647.26,False,False,False
2022-08-12,684.0,4506950,1169,-78,68,1159,,33.69,43.0,48.22,718.31,653.19,False,False,False
2022-08-15,706.0,5002381,1117,330,225,1673,,47.61,44.53,53.99,719.56,656.44,False,True,False
2022-08-16,706.0,5593958,390,733,122,1245,,56.88,48.65,53.99,720.23,660.17,False,False,False
2022-08-17,703.0,4721071,-493,46,399,-48,,61.31,52.87,53.05,720.92,662.68,False,False,False
2022-08-18,702.0,4254484,-214,-56,44,-226,,63.68,56.48,52.73,718.38,663.82,False,False,False
2022-08-19,693.0,4994714,-1890,-7,89,-1809,,60.97,57.97,49.75,717.01,663.99,False,False,False
2022-08-22,672.0,5870198,-2378,-108,63,-2423,,46.2,54.05,43.56,717.47,661.93,False,False,False
2022-08-23,676.0,3574827,-156,-20,44,-131,,38.83,48.98,44.96,717.63,661.27,False,False,False
2022-08-24,667.0,4170803,-1581,23,15,-1543,,27.17,41.71,42.41,718.39,659.51,False,False,False
2022-08-25,670.0,3040907,-566,-18,158,-426,,21.32,34.91,43.56,718.86,657.84,False,False,False
2022-08-26,678.0,3037313,392,29,32,452,,22.54,30.79,46.63,718.87,657.33,False,False,False
2022-08-29,653.0,4913425,-2161,30,-64,-2195,,16.14,25.91,39.42,720.42,651.68,False,False,False
2022-08-30,657.0,4614677,-1383,19,4,-1360,,16.02,22.61,40.99,721.49,648.01,True,False,False
2022-08-31,667.0,4275779,824,-7,65,882,,22.63,22.62,44.84,721.38,646.22,True,True,False
2022-09-01,648.0,7390933,-2904,36,-359,-3227,,18.88,21.37,39.56,722.84,641.16,False,False,False
2022-09-02,620.0,10901940,-4072,-362,66,-4367,,12.58,18.44,33.33,723.2,631.1,True,False,False
2022-09-05,631.0,5910336,1414,-24,167,1557,,15.43,17.44,37.49,721.12,625.38,True,False,False
2022-09-06,629.0,4176482,-378,210,7,-161,,16.39,17.09,37.04,720.68,619.32,True,False,False
2022-09-07,619.0,5355654,-662,30,-128,-760,,15.2,16.46,34.78,723.14,611.96,True,False,False
2022-09-08,623.0,3442261,-292,72,49,-171,,17.66,16.86,36.45,724.22,606.18,True,True,False
2022-09-12,627.0,5127405,-600,13,187,-399,,21.45,18.39,38.16,723.03,601.67,True,False,False
2022-09-13,626.0,4689244,-569,-160,18,-711,,23.44,20.07,37.88,717.44,599.26,False,False,False
2022-09-14,615.0,6259768,-777,-58,-36,-871,,22.97,21.04,34.91,711.44,596.16,False,False,False
2022-09-15,616.0,3853962,-384,132,-52,-304,,26.17,22.75,35.41,704.53,594.37,False,False,False
2022-09-16,600.0,8391808,-3427,484,0,-2943,,17.44,20.98,31.3,697.8,590.9,False,False,False
2022-09-19,604.0,4322884,169,421,14,604,,14.8,18.92,33.38,691.07,588.73,True,False,False
2022-09-20,605.0,3254305,-895,360,90,-446,,13.84,17.23,33.92,687.65,585.45,True,False,False
2022-09-21,605.0,4364075,-498,291,199,-8,,13.19,15.88,33.92,682.39,583.61,True,False,False
2022-09-22,591.0,5723804,-2221,331,50,-1840,,11.22,14.33,29.98,679.27,579.13,True,False,False
2022-09-23,580.0,4343315,-623,-70,99,-593,,7.48,12.05,27.3,675.5,573.9,True,False,False
2022-09-26,569.0,5278826,-474,2,399,-73,,7.96,10.68,24.9,669.36,569.14,True,False,False
2022-09-27,568.0,4472787,-843,42,211,-591,,8.23,9.87,24.69,667.42,562.58,True,False,False
2022-09-28,545.0,7440529,157,31,203,391,,5.49,8.41,20.38,666.64,552.16,True,False,False
2022-09-29,543.0,8115892,-90,-297,313,-74,,5.07,7.29,20.05,661.03,545.37,True,False,False
2022-09-30,551.0,5860219,1296,25,223,1544,,11.07,8.55,25.23,656.62,540.08,True,True,False
2022-10-03,548.0,3271406,-785,35,141,-609,,13.87,10.33,24.59,656.2,533.3,True,False,False
2022-10-04,573.0,4517792,1072,44,370,1486,,29.15,16.6,38.62,651.55,532.15,True,False,False
2022-10-05,599.0,9728323,2311,76,67,2454,,48.77,27.32,49.21,647.57,533.13,False,False,False
2022-10-06,587.0,7405325,-2,11,28,37,,56.51,37.05,45.33,644.37,533.13,False,False,False
2022-10-07,566.0,6707924,-694,82,3,-609,,52.34,42.15,39.45,639.95,531.85,False,False,False
2022-10-11,553.0,8122275,1721,65,68,1853,,43.78,42.69,36.32,634.51,529.89,False,False,False
2022-10-12,549.0,6851051,-929,34,177,-718,,36.3,40.56,35.38,628.37,528.33,False,False,False
2022-10-13,544.0,7943988,367,25,68,461,,29.09,36.74,34.2,623.93,525.67,False,False,False
2022-10-14,585.0,9366120,1154,71,487,1712,,41.77,38.42,49.19,618.73,527.77,False,True,False
2022-10-17,578.0,6597059,343,122,52,517,,46.9,41.24,47.21,615.94,528.36,False,False,False
2022-10-18,588.0,6538834,44,-49,318,313,,55.07,45.85,50.29,613.23,529.47,False,False,False
2022-10-19,577.0,5894955,297,-10,337,625,,56.41,49.37,47.04,608.86,531.04,False,False,False
2022-10-20,570.0,9114239,-256,-118,194,-181,,56.32,51.69,45.05,603.45,532.95,False,False,False
2022-10-21,567.0,5295651,388,45,149,582,,54.51,52.63,44.18,600.58,533.42,False,False,False
2022-10-24,588.0,6109417,2011,28,198,2237,,65.07,56.78,51.23,601.81,532.99,False,False,False
2022-10-25,563.0,6720783,-1241,70,39,-1131,,57.75,57.1,44.09,601.56,532.64,False,False,False
2022-10-26,579.0,6569981,1001,67,396,1464,,56.92,57.04,48.99,602.52,532.78,False,False,False
2022-10-27,589.0,6098740,1385,14,-373,1026,,65.14,59.74,51.83,604.25,535.45,False,True,False
2022-10-28,565.0,6162964,-1458,-37,-82,-1577,,49.57,56.35,45.31,603.06,538.84,False,False,False
2022-10-31,590.0,17458521,1871,838,796,3505,,56.23,56.31,52.08,604.65,541.15,False,False,False
2022-11-01,599.0,8454173,-831,980,88,236,,67.2,59.94,54.27,606.97,543.93,False,True,False
2022-11-02,599.0,6841497,-394,256,102,-37,,72.07,63.98,54.27,609.94,543.56,False,False,False
2022-11-03,600.0,6419381,-611,85,11,-516,,76.08,68.02,54.54,610.14,543.46,False,False,False
2022-11-04,597.0,4423954,-686,37,10,-638,,76.48,70.84,53.52,611.57,543.03,False,False,False
2022-11-07,620.0,8262942,1119,234,240,1593,,82.62,74.76,59.71,618.74,541.26,False,False,False
2022-11-08,620.0,7912180,-56,453,-36,361,,82.53,77.35,59.71,623.81,542.89,False,False,False
2022-11-09,650.0,12934955,1078,630,106,1815,,86.18,80.3,66.46,635.48,541.32,False,False,False
2022-11-10,660.0,7376979,2233,303,-411,2125,,90.79,83.79,68.36,646.53,541.87,False,False,False
2022-11-11,700.0,17001177,4191,1207,-412,4986,,93.86,87.15,74.57,670.22,529.68,False,False,False
2022-11-14,697.0,9849795,1705,64,-481,1288,,92.41,88.9,73.41,687.57,524.23,False,False,False
2022-11-15,722.0,13979872,4063,160,-392,3832,,92.03,89.95,76.68,708.79,516.41,False,False,True
2022-11-16,729.0,10399350,2413,148,-560,2001,,92.71,90.87,77.51,727.88,512.52,False,False,True
2022-11-17,725.0,6928331,216,29,-195,51,,91.55,91.09,75.84,742.51,513.39,False,False,True
2022-11-18,722.0,5558511,-149,73,-554,-631,,89.07,90.42,74.55,753.81,517.59,False,False,True
2022-11-21,720.0,4436545,-316,-208,-37,-561,,86.39,89.08,73.64,763.89,520.71,False,False,True
2022-11-22,713.0,6289730,-746,-268,-56,-1069,,81.36,86.5,70.43,769.28,530.32,False,False,True
2022-11-23,705.0,3202235,-196,-10,7,-199,,67.68,80.23,66.84,773.12,539.08,False,False,True
2022-11-24,728.0,7750672,1675,828,34,2537,,68.73,76.4,71.36,779.81,546.29,False,False,True
2022-11-25,727.0,5847844,-1167,666,-296,-797,,67.25,73.35,70.91,781.57,560.73,False,False,True
2022-11-28,703.0,5606289,-2247,760,-146,-1633,,44.83,63.84,60.92,781.13,572.47,False,False,True
2022-11-29,713.0,5160799,-266,722,26,483,,42.65,56.78,63.24,781.24,583.76,False,False,True
2022-11-30,733.0,9728516,1633,1121,-550,2204,,55.39,56.32,67.41,782.1,596.3,False,False,True
2022-12-01,741.0,6932733,592,748,-545,795,,62.06,58.23,68.93,781.75,610.75,False,True,True
2022-12-02,739.0,4119211,-274,553,-138,141,,65.42,60.63,68.08,776.9,629.8,False,False,True
2022-12-05,739.0,4535657,-206,313,-131,-23,,67.66,62.97,68.08,773.06,645.54,False,False,True
2022-12-06,725.0,5041043,-1134,-40,-75,-1248,,61.5,62.48,61.85,762.74,666.36,False,False,True
2022-12-07,716.0,5325977,-1064,-82,222,-925,,52.47,59.14,58.17,755.26,680.44,False,False,True
2022-12-08,705.0,4204451,-920,1,-176,-1095,,40.45,52.91,53.94,746.72,693.48,False,False,True
2022-12-09,729.0,4613417,952,-15,-6,931,,45.54,50.46,60.66,746.68,696.42,False,False,True
2022-12-12,712.0,5234621,-1591,-130,-239,-1960,,34.94,45.28,54.59,745.13,699.47,False,False,True
2022-12-13,709.0,6051369,-371,-66,-15,-452,,25.91,38.82,53.57,745.25,698.05,False,False,True
2022-12-14,718.0,4980611,438,-29,94,503,,25.94,34.53,56.21,744.49,697.71,False,False,True
2022-12-15,681.0,14093519,-5428,-397,-88,-5913,,17.29,28.78,44.9,748.26,689.54,False,False,True
2022-12-16,660.0,13076649,112,-1376,141,-1123,,14.75,24.11,39.98,755.17,676.43,True,False,True
2022-12-19,656.0,6975640,-83,-660,12,-731,,12.37,20.19,39.1,760.09,665.11,True,False,True
2022-12-20,646.0,6420511,-367,-541,-52,-960,,8.24,16.21,36.92,765.31,653.19,True,False,True
2022-12-21,654.0,6274754,1129,-536,-250,343,,8.71,13.71,39.82,767.97,645.43,True,False,True
2022-12-22,661.0,4093339,718,-460,-27,232,,12.22,13.21,42.31,766.99,639.71,True,False,True
2022-12-23,660.0,2430760,29,59,-105,-17,,14.13,13.52,42.04,765.43,634.57,True,True,True
2022-12-26,651.0,1515532,-472,19,-17,-470,,11.55,12.86,39.61,766.37,628.43,True,False,True
2022-12-27,656.0,1969029,399,-260,-33,106,,13.26,13.0,41.63,765.49,623.61,True,True,True
2022-12-28,638.0,9053565,-2717,-832,-492,-4041,,20.9,15.63,36.85,762.59,617.01,True,False,False
2022-12-29,629.0,3690707,-553,35,192,-327,,19.6,16.95,34.7,757.64,610.76,False,False,False
2022-12-30,625.0,2648733,-300,21,-13,-292,,15.91,16.6,33.76,751.72,605.28,True,False,False
2023-01-03,644.0,4509288,620,128,215,963,,26.92,20.04,41.83,742.65,604.85,True,True,False
2023-01-04,636.0,3081086,-489,85,-72,-477,,28.58,22.89,39.64,735.71,602.89,False,False,False
2023-01-05,631.0,5429497,-1406,24,10,-1372,,26.81,24.19,38.29,729.74,600.36,False,False,False
2023-01-06,660.0,7951964,1901,-115,159,1945,,48.1,32.16,49.11,724.71,600.89,False,False,True
2023-01-09,675.0,7084736,24,131,72,227,,65.4,43.24,53.64,714.05,606.15,False,False,True
2023-01-10,694.0,8836356,2059,38,-23,2074,,76.05,54.18,58.66,710.01,608.39,False,False,True
2023-01-11,707.0,7050840,566,95,81,742,,84.03,64.13,61.71,709.5,608.7,False,False,True
2023-01-12,715.0,6557029,993,-301,52,744,,87.67,71.98,63.5,708.63,609.27,False,False,True
2023-01-13,694.0,7897961,-91,130,-32,7,,81.62,75.19,56.1,710.81,608.39,False,False,True
2023-01-16,704.0,5310041,851,-127,172,896,,80.49,76.96,58.57,716.73,606.87,False,False,True
2023-01-17,693.0,4750714,-1071,-359,65,-1365,,76.1,76.67,54.91,720.22,607.08,False,False,True
2023-01-30,739.0,18980506,2508,206,277,2991,,84.07,79.14,64.83,733.41,603.19,False,True,True
2023-01-31,718.0,13095953,-1141,50,88,-1003,,76.35,78.21,58.5,739.86,603.14,False,False,True
2023-02-01,724.0,5815887,-278,-406,-33,-717,,71.09,75.83,59.71,746.68,602.62,False,False,True
2023-02-02,747.0,11416420,2157,165,-22,2300,,77.5,76.39,64.04,757.52,600.48,False,True,True
2023-02-03,751.0,6601968,1960,171,-44,2087,,83.92,78.9,64.75,767.59,600.41,False,False,True
2023-02-06,731.0,7693098,-1218,-18,-9,-1245,,77.46,78.42,58.53,772.76,602.74,False,False,True
2023-02-07,717.0,7367549,-2710,45,100,-2565,,64.97,73.94,54.58,774.29,609.11,False,False,True
2023-02-08,744.0,7991431,2313,8,178,2499,,71.65,73.17,60.16,777.64,617.26,False,False,True
2023-02-09,749.0,4016255,882,-60,-18,804,,78.07,74.8,61.12,779.3,628.0,False,True,True
2023-02-10,740.0,3235750,-304,73,-44,-275,,73.67,74.43,58.41,780.24,636.66,False,False,True
2023-02-13,731.0,4171947,52,28,-29,51,,62.62,70.49,55.75,776.93,649.47,False,False,True
2023-02-14,732.0,3487039,-20,1,21,2,,56.16,65.72,55.99,769.3,667.2,False,False,True
2023-02-15,710.0,6977304,-1683,-120,224,-1579,,38.92,56.79,49.61,764.1,677.4,False,False,True
2023-02-16,711.0,5178561,-673,-337,89,-921,,29.83,47.8,49.89,760.57,684.53,False,False,True
2023-02-17,723.0,3610451,779,6,-65,720,,33.06,42.89,53.24,759.56,688.44,False,False,True
2023-02-20,726.0,2619587,361,-160,-68,134,,37.55,41.11,54.07,759.61,690.29,False,False,True
2023-02-21,725.0,2746079,-623,-10,-88,-720,,39.76,40.66,53.73,759.79,691.11,False,False,False
2023-02-22,713.0,4610941,-1015,69,-30,-976,,31.93,37.75,49.68,758.02,694.78,False,False,False
2023-02-23,745.0,8227452,2769,-2,262,3030,,54.62,43.37,58.63,759.26,697.64,False,True,True
2023-02-24,723.0,8209174,-559,44,17,-497,,48.73,45.16,51.81,756.05,703.85,False,False,True
2023-03-01,791.0,16624548,2380,484,413,3277,,64.32,51.55,65.26,770.24,694.86,False,False,True
2023-03-02,775.0,9729803,-1461,679,130,-652,,68.73,57.27,60.95,776.89,693.91,False,False,True
2023-03-03,775.0,6642734,-1472,161,-37,-1348,,71.57,62.04,60.95,782.63,693.27,False,False,True
2023-03-06,784.0,7685453,1176,130,397,1703,,76.58,66.89,62.56,788.9,690.7,False,False,True
2023-03-07,788.0,5202228,-211,67,72,-71,,81.54,71.77,63.29,795.12,688.18,False,False,True
2023-03-08,768.0,8741223,-4848,452,34,-4362,,76.72,73.42,57.31,797.97,689.03,False,False,True
2023-03-09,767.0,5335712,-399,-175,34,-540,,71.69,72.84,57.02,799.94,692.06,False,False,True
2023-03-10,756.0,6008380,-1379,100,1,-1278,,63.07,69.59,53.79,800.71,692.49,False,False,True
2023-03-13,764.0,5327065,-106,387,-41,240,,59.24,66.14,55.75,802.02,692.68,False,False,True
2023-03-14,761.0,6588044,-223,279,-69,-13,,51.03,61.1,54.81,803.28,693.52,False,False,True
2023-03-15,758.0,5292738,-1158,343,-46,-861,,43.63,55.28,53.83,804.15,695.35,False,False,True
2023-03-16,756.0,6000004,-174,52,62,-59,,37.42,49.33,53.15,804.76,697.14,False,False,True
2023-03-17,773.0,6841068,568,236,-79,724,,46.23,48.29,58.01,805.12,703.08,False,False,True
2023-03-20,770.0,5321040,-540,382,9,-150,,52.77,49.78,56.89,804.26,709.84,False,True,True
2023-03-21,771.0,5445430,-1369,100,26,-1243,,60.4,53.32,57.19,804.18,714.72,False,False,True
2023-03-22,781.0,5659553,1372,-1,75,1446,,70.43,59.03,60.14,804.99,719.41,False,False,True
2023-03-23,793.0,4865131,1282,0,-32,1249,,79.63,65.89,63.41,806.72,724.48,False,False,True
2023-03-24,790.0,4406461,192,143,-90,245,,83.52,71.77,62.04,803.68,735.22,False,False,True
2023-03-27,780.0,3071593,-209,211,-68,-66,,78.87,74.14,57.58,803.7,738.7,False,False,True
2023-03-28,766.0,4137411,-1195,-10,-95,-1301,,65.62,71.3,51.95,796.87,749.83,False,False,True
2023-03-29,773.0,2981780,-12,79,-44,22,,54.5,65.7,54.35,794.46,750.44,False,False,True
2023-03-30,778.0,3614487,792,-112,51,731,,52.46,61.29,56.04,794.72,750.48,False,False,True
2023-03-31,787.0,4496209,1191,27,70,1288,,60.78,61.12,58.99,796.23,750.17,False,False,True
2023-04-06,753.0,9301246,-5402,-68,-82,-5552,,42.07,54.77,46.35,795.77,747.53,False,False,True
2023-04-07,749.0,4618526,-1312,-363,83,-1592,,31.97,47.17,45.12,794.55,744.85,False,False,True
2023-04-10,742.0,5956250,-1948,-260,-44,-2252,,23.13,39.16,42.98,796.17,740.63,False,False,True
2023-04-11,756.0,4665168,-116,-119,40,-195,,26.53,34.95,48.27,796.17,739.53,False,False,True
2023-04-12,758.0,4555491,-28,-145,-90,-263,,30.35,33.42,49.0,796.1,739.8,False,False,True
2023-04-13,750.0,5815842,27,-158,-367,-498,,27.57,31.47,46.2,796.49,738.01,False,False,True
2023-04-14,748.0,5990292,-72,-299,-129,-500,,24.38,29.11,45.5,796.98,736.22,False,False,True
2023-04-17,709.0,14840026,-5998,-247,94,-6151,,21.52,26.58,34.52,803.91,724.39,False,False,False
2023-04-18,688.0,15093599,-6250,-790,114,-6925,,15.43,22.86,30.28,813.08,708.42,False,False,False
2023-04-19,675.0,11632986,-3407,-365,277,-3495,,10.29,18.67,27.99,820.3,691.4,True,False,False
2023-04-20,673.0,10238247,-2493,-92,542,-2043,,10.9,16.08,27.64,824.88,677.12,True,False,False
2023-04-21,665.0,5480008,-2192,-10,-52,-2254,,8.61,13.59,26.24,828.24,663.16,True,False,False
2023-04-24,676.0,4802301,164,-63,91,192,,10.79,12.66,31.39,826.8,654.1,True,False,False
2023-04-25,650.0,9007698,-3231,-25,97,-3159,,7.19,10.84,26.66,824.86,641.74,True,False,False
2023-04-26,649.0,7417677,-2459,244,598,-1617,,7.85,9.84,26.49,821.08,631.42,True,False,False
2023-04-27,662.0,4770671,203,-2,101,301,,16.35,12.01,32.37,815.78,624.92,True,True,False
2023-04-28,665.0,6790242,-1444,667,-42,-819,,24.74,16.25,33.68,811.25,619.35,True,False,False
2023-05-02,671.0,6448130,-567,-32,596,-2,,39.9,24.14,36.35,804.05,616.35,False,False,False
2023-05-03,680.0,6817126,586,7,506,1099,,57.03,35.1,40.24,794.36,616.24,False,False,False
2023-05-04,668.0,5752312,-3175,54,750,-2371,,61.28,43.83,37.0,781.02,617.68,False,False,False
2023-05-05,675.0,3271540,-551,-136,425,-262,,69.53,52.4,40.03,773.71,617.19,False,False,False
2023-05-08,675.0,3131678,-252,-71,367,43,,73.17,59.32,40.03,766.26,617.24,False,False,False
2023-05-09,677.0,2224247,85,-11,181,254,,77.04,65.23,40.98,759.36,617.64,False,False,False
2023-05-10,668.0,3945608,-1832,39,636,-1157,,67.49,65.98,38.08,747.89,620.31,False,False,False
2023-05-11,668.0,3193160,-451,45,566,160,,60.55,64.17,38.08,733.35,625.85,False,False,False
2023-05-12,673.0,5310815,-1813,-59,771,-1101,,61.48,63.27,40.78,718.09,633.41,False,False,False
2023-05-15,680.0,3670003,-132,116,308,292,,68.52,65.02,44.43,697.82,646.88,False,True,False
2023-05-16,680.0,3837504,-417,-286,213,-490,,69.14,66.39,44.43,690.12,651.68,False,False,False
2023-05-17,685.0,8035289,-2644,19,3120,495,,74.66,69.15,47.13,689.44,652.06,False,False,False
2023-05-18,689.0,4642695,-967,22,620,-325,,78.06,72.12,49.26,691.79,651.11,False,False,False
2023-05-19,698.0,5282896,781,3,317,1101,,85.37,76.54,53.77,696.26,649.14,False,False,False
2023-05-22,705.0,4735362,592,101,63,756,,87.47,80.18,56.97,702.0,647.4,False,False,False
2023-05-23,716.0,5482158,678,479,309,1466,,88.37,82.91,61.48,709.67,643.73,False,False,False
2023-05-24,711.0,5846655,-1697,505,84,-1108,,86.23,84.02,58.48,713.6,645.9,False,False,False
2023-05-25,708.0,4795371,-1324,548,169,-607,,81.3,83.11,56.69,715.53,649.87,False,False,False
2023-05-26,730.0,11322817,392,359,690,1441,,83.64,83.29,65.11,723.65,648.55,False,True,False
2023-05-29,738.0,10781343,100,424,48,571,,80.87,82.48,67.58,732.5,647.0,False,False,True
2023-05-30,763.0,18933732,3013,376,244,3632,,83.46,82.81,73.82,747.21,641.49,False,True,False
2023-05-31,759.0,12616197,-672,597,331,256,,83.35,82.99,71.45,758.0,638.6,False,False,False
2023-06-01,748.0,6475068,-1242,123,5,-1114,,77.32,81.1,65.25,764.14,640.46,False,False,False
2023-06-02,751.0,6602831,23,326,185,535,,74.7,78.97,66.12,770.18,642.02,False,False,False
2023-06-05,759.0,5479487,1195,39,309,1544,,76.65,78.19,68.37,776.76,643.84,False,False,False
2023-06-06,757.0,4539092,-1184,13,221,-950,,76.47,77.62,67.17,781.94,646.66,False,False,False
2023-06-07,768.0,5460461,1479,-17,323,1785,,81.75,79.0,70.27,787.31,651.29,False,True,True
2023-06-08,768.0,7438271,608,26,634,1267,,81.53,79.84,70.27,791.13,657.47,False,False,True
2023-06-09,764.0,4669885,-2063,65,597,-1401,,74.11,77.93,67.58,793.32,664.38,False,False,False
2023-06-12,767.0,3946889,-922,-40,470,-492,,72.86,76.24,68.55,795.5,670.9,False,False,True
2023-06-13,779.0,7414411,1635,-34,988,2589,,78.97,77.15,72.15,798.34,677.96,False,True,True
2023-06-14,780.0,5431002,516,7,824,1347,,83.89,79.4,72.44,800.37,685.43,False,False,True
2023-06-15,766.0,8544438,-3074,-2,1415,-1662,,71.48,76.76,62.8,799.1,694.4,False,False,False
2023-06-16,751.0,10727794,-5208,430,971,-3807,,47.66,67.06,54.45,796.46,702.34,False,False,False
2023-06-19,785.0,20318537,1957,1760,2730,6447,,58.76,64.29,65.61,798.11,708.69,False,False,True
2023-06-20,691.0,28362644,-2522,-334,-6412,-9268,,39.17,55.92,37.93,802.33,701.97,False,False,False
2023-06-21,693.0,17552774,5558,331,-7464,-1575,,29.14,46.99,38.52,805.05,697.45,False,False,False
2023-06-26,685.0,4807895,-1782,321,-80,-1541,,20.04,38.01,37.0,808.57,691.63,False,False,False
2023-06-27,681.0,4722955,-938,-31,224,-745,,13.65,29.89,36.23,813.33,681.97,False,False,False
2023-06-28,695.0,6520526,1551,-78,144,1617,,13.53,24.43,40.88,815.2,675.8,True,False,False
2023-06-29,696.0,5304709,470,-22,-21,427,,13.74,20.87,41.21,814.69,669.61,True,False,False
2023-06-30,688.0,5442323,-1563,-64,-91,-1717,,11.52,17.75,39.32,814.54,662.66,True,False,False
2023-07-03,691.0,3088086,72,-145,98,25,,10.92,15.48,40.42,814.43,657.07,True,False,False
2023-07-04,700.0,3880537,508,-83,94,520,,22.1,17.68,43.73,813.1,653.3,True,True,False
2023-07-05,697.0,3803541,-773,-66,-163,-1002,,37.4,24.25,42.88,810.59,649.61,False,False,False
2023-07-06,690.0,4539581,-1266,-68,-15,-1349,,38.27,28.92,40.87,808.1,645.4,False,False,False
2023-07-07,682.0,4819527,-1914,-27,-112,-2053,,28.18,28.68,38.64,803.71,641.19,False,False,False
2023-07-10,673.0,6111018,-2053,20,-148,-2180,,18.78,25.38,36.25,798.86,636.54,False,False,False
2023-07-11,686.0,3472971,165,-49,92,209,,26.06,25.61,41.85,793.06,634.54,True,True,False
2023-07-12,685.0,4353464,-407,-30,-145,-583,,30.71,27.31,41.55,785.8,633.6,False,False,False
2023-07-13,680.0,5685109,-831,-191,-43,-1065,,28.25,27.62,39.99,774.48,635.02,False,False,False
2023-07-14,692.0,6182648,1190,-66,-107,1016,,39.95,31.73,45.29,760.54,640.16,False,False,False
2023-07-17,683.0,4524171,-1894,-48,-348,-2289,,37.74,33.73,42.27,748.22,644.18,False,False,False
2023-07-18,683.0,4934643,-1288,-82,109,-1261,,37.98,35.15,42.27,738.21,647.39,False,False,False
2023-07-19,696.0,6475653,3260,-60,-897,2303,,54.81,41.7,48.06,702.18,674.52,False,False,False
2023-07-20,692.0,2629394,-1243,46,-127,-1324,,60.9,48.1,46.52,702.28,674.52,False,False,False
2023-07-21,682.0,11982886,-4205,66,-153,-4292,,61.88,52.69,42.81,701.83,673.87,False,False,False
2023-07-24,675.0,7662267,-890,-143,-153,-1186,,57.56,54.32,40.38,702.43,672.27,False,False,False
2023-07-25,665.0,7473142,-2885,-97,-166,-3147,,47.59,52.08,37.15,704.48,668.62,False,False,False
2023-07-26,655.0,7778681,-2061,-23,-50,-2134,,33.86,46.0,34.19,706.89,662.21,False,False,False
2023-07-27,658.0,4857149,-193,-12,33,-172,,26.83,39.61,35.84,707.24,658.06,False,False,False
2023-07-28,658.0,4310361,-994,49,-138,-1083,,22.14,33.79,35.84,707.93,654.37,False,False,False
2023-07-31,690.0,17202994,7970,212,76,8257,,41.71,36.43,51.01,707.81,654.39,False,True,False
2023-08-01,713.0,14701465,5006,705,152,5863,,60.08,44.31,58.59,710.91,652.59,False,False,True
2023-08-02,709.0,9248789,1679,338,-461,1555,,68.0,52.21,56.94,713.27,651.43,False,False,True
2023-08-04,706.0,7295888,303,58,-394,-33,,71.59,58.67,55.68,715.69,650.61,False,False,False
2023-08-07,706.0,5595685,51,167,-79,139,,73.99,63.78,55.68,718.45,650.25,False,False,False
2023-08-08,690.0,5805650,-1639,237,-199,-1601,,67.51,65.02,48.94,718.95,651.45,False,False,False
2023-08-09,701.0,3247603,590,214,35,839,,68.74,66.26,53.14,720.44,651.46,False,False,False
2023-08-10,693.0,4544788,-467,293,-58,-232,,65.32,65.95,49.93,720.97,651.73,False,False,False
2023-08-11,679.0,5202231,-1955,151,-141,-1945,,46.51,59.47,44.82,720.97,651.63,False,False,False
2023-08-14,672.0,3774054,-996,410,-57,-643,,34.71,51.21,42.48,720.42,650.18,False,False,False
2023-08-15,678.0,2827119,297,69,1,367,,30.55,44.32,45.12,720.31,649.79,False,False,False
2023-08-16,689.0,6070735,990,349,-217,1123,,37.03,41.89,49.69,720.64,650.06,False,False,False
2023-08-17,674.0,4930026,-2644,134,21,-2488,,30.48,38.09,44.28,719.52,648.98,False,False,False
2023-08-18,674.0,3292501,-357,60,93,-203,,27.16,34.45,44.28,718.7,648.0,False,False,False
2023-08-21,669.0,2756277,-662,114,-78,-625,,20.81,29.9,42.49,718.63,646.77,False,False,False
2023-08-22,672.0,3767273,-307,73,-198,-431,,19.28,26.36,43.95,718.64,646.46,False,False,False
2023-08-23,671.0,2124750,-235,33,-37,-239,,18.06,23.59,43.55,718.42,647.28,True,False,False
2023-08-24,691.0,6428618,2826,32,32,2890,,38.08,28.42,52.76,717.85,651.45,True,True,False
2023-08-25,694.0,5811245,1930,-79,-86,1765,,54.42,37.09,53.98,717.4,655.5,False,False,False
2023-08-28,701.0,6133086,2375,-88,94,2381,,63.26,45.81,56.76,717.1,660.1,False,False,False
2023-08-29,710.0,5358981,2557,-223,-13,2321,,71.43,54.35,60.11,719.67,659.53,False,False,False
2023-08-30,709.0,4407859,-313,5,0,-308,,76.19,61.63,59.56,718.86,659.94,False,False,False
2023-08-31,705.0,6359299,442,88,18,548,,76.64,66.64,57.29,718.15,660.25,False,False,False
2023-09-01,710.0,3098361,1334,105,57,1496,,80.26,71.18,59.37,718.89,659.91,False,False,False
2023-09-04,711.0,2522028,-6,243,-42,194,,83.22,75.19,59.8,719.81,659.49,False,False,False
2023-09-05,718.0,5279205,1856,141,170,2167,,88.81,79.73,62.71,723.77,658.33,False,False,False
2023-09-06,712.0,3242836,-161,37,-100,-223,,83.02,80.83,58.78,725.38,657.82,False,False,False
2023-09-07,717.0,3316214,652,329,21,1002,,81.73,81.13,60.98,728.44,657.16,False,False,False
2023-09-08,709.0,4521206,-2028,598,-7,-1436,,67.19,76.48,55.84,730.02,658.58,False,False,False
2023-09-11,714.0,2183539,-68,425,-49,308,,65.43,72.8,58.21,731.53,661.27,False,False,False
2023-09-12,728.0,7009423,2542,728,284,3554,,75.76,73.78,64.03,735.6,662.2,False,True,False
2023-09-13,732.0,9660616,474,1355,-17,1811,,74.54,74.04,65.5,740.26,661.84,False,False,False
2023-09-14,733.0,5768123,568,340,68,976,,74.5,74.19,65.88,743.52,664.48,False,False,False
2023-09-15,763.0,17615207,8125,495,326,8946,,83.0,77.13,74.79,753.41,663.49,False,False,True
2023-09-18,782.0,12668690,2184,546,-38,2692,,85.0,79.75,78.6,766.05,662.15,False,False,True
2023-09-19,773.0,6470728,-41,576,-233,302,,83.04,80.85,72.97,773.45,664.85,False,False,True
2023-09-20,759.0,5579484,-176,254,-159,-81,,76.61,79.43,65.16,775.64,671.46,False,False,True
2023-09-21,746.0,5238125,-936,181,82,-673,,66.15,75.01,58.86,776.94,675.66,False,False,True
2023-09-22,746.0,7898746,-2035,444,162,-1429,,58.96,69.66,58.86,777.87,679.93,False,False,True
2023-09-25,755.0,4731685,500,-5,-2,493,,54.23,64.52,61.82,780.04,683.16,False,False,True
2023-09-26,737.0,3992725,-1540,247,-65,-1357,,42.12,57.05,53.52,780.35,685.55,False,False,True
2023-09-27,737.0,3938690,-58,-233,30,-260,,32.77,48.96,53.52,780.41,688.29,False,False,True
2023-09-28,735.0,4663792,-131,398,-65,203,,25.49,41.14,52.6,779.79,691.91,False,False,True
2023-10-02,745.0,3984135,-448,434,91,76,,27.49,36.59,56.58,779.96,695.24,False,False,True
2023-10-03,772.0,10858690,2390,895,389,3674,,44.52,39.23,65.1,783.73,697.57,False,True,True
2023-10-04,780.0,8115420,-17,475,-126,332,,60.63,46.36,67.16,788.84,698.66,False,False,True
2023-10-05,786.0,6094736,937,256,51,1244,,73.75,55.49,68.65,793.7,701.2,False,False,True
2023-10-06,786.0,3120332,524,129,-99,554,,80.35,63.78,68.65,797.88,703.92,False,False,True
2023-10-11,814.0,14131456,3246,192,506,3945,,86.14,71.23,74.84,806.74,705.56,False,False,True
2023-10-12,815.0,7541921,277,191,-205,264,,89.3,77.26,75.03,814.18,708.22,False,False,True
2023-10-13,842.0,10447476,3184,649,191,4024,,92.86,82.46,79.51,828.65,705.15,False,False,True
2023-10-16,840.0,5985812,-292,589,6,303,,92.49,85.8,78.39,839.82,704.78,False,False,True
2023-10-17,825.0,8686799,207,-268,299,238,,84.25,85.29,70.36,845.67,708.13,False,False,True
2023-10-18,813.0,7906890,-1289,520,517,-251,,74.32,81.63,64.65,849.66,709.14,False,False,True
2023-10-19,830.0,7862713,1298,1085,136,2519,,72.62,78.63,68.55,855.62,707.98,False,False,True
2023-10-20,828.0,8706294,285,579,-13,851,,69.88,75.71,67.6,861.04,708.06,False,False,True
2023-10-23,821.0,5392858,968,128,88,1184,,62.73,71.38,64.27,864.8,710.5,False,False,True
2023-10-24,816.0,5162297,-375,67,5,-304,,51.7,64.82,61.92,866.68,715.62,False,False,True
2023-10-25,822.0,6590507,240,588,562,1390,,48.04,59.23,63.64,868.54,721.36,False,False,True
2023-10-26,817.0,5768583,239,448,-158,529,,42.52,53.66,61.16,869.75,726.35,False,False,True
2023-10-27,801.0,7422025,-2810,-332,417,-2725,,28.97,45.43,53.93,866.94,735.56,False,False,True
2023-10-30,857.0,16750720,4715,1207,166,6089,,49.0,46.62,68.13,870.09,744.41,False,True,True
2023-10-31,842.0,12015011,-1205,1486,153,434,,54.54,49.26,62.57,867.22,757.98,False,False,True
2023-11-01,846.0,6970553,14,733,223,970,,60.32,52.95,63.43,864.01,771.29,False,False,True
2023-11-02,868.0,10079016,-813,499,316,1,,69.65,58.51,67.8,868.79,776.11,False,False,True
2023-11-03,870.0,5808935,312,60,-321,51,,76.74,64.59,68.17,873.41,780.49,False,False,True
2023-11-06,882.0,7492650,128,406,-39,494,,81.53,70.23,70.38,880.19,783.31,False,False,True
2023-11-07,888.0,7289254,386,150,-127,408,,83.98,74.82,71.45,886.47,787.23,False,False,True
2023-11-08,914.0,9834316,1960,177,65,2202,,88.75,79.46,75.56,901.01,782.69,False,False,True
2023-11-09,905.0,6965311,-1189,-121,40,-1270,,88.76,82.56,71.71,910.4,782.3,False,False,True
2023-11-10,884.0,7983550,-1716,-61,0,-1777,,79.81,81.64,63.57,914.62,782.28,False,False,True
2023-11-13,906.0,9776090,1964,291,-38,2217,,79.73,81.0,67.71,922.57,780.93,False,False,True
2023-11-14,905.0,4874889,-654,20,40,-594,,76.96,79.66,67.33,929.19,782.31,False,False,True
2023-11-15,908.0,8644081,1154,-448,-257,449,,75.35,78.22,67.9,934.59,786.41,False,False,True
2023-11-16,893.0,8055932,614,-153,-110,351,,63.05,73.17,62.04,937.64,789.66,False,False,True
2023-11-17,904.0,4982028,1035,-215,-181,638,,60.15,68.83,64.46,941.53,793.37,False,False,True
2023-11-20,912.0,7092656,1238,-24,-11,1202,,62.87,66.84,66.16,945.24,798.76,False,False,True
2023-11-21,926.0,9993957,2607,172,-94,2684,,69.91,67.86,68.94,949.55,805.45,False,True,True
2023-11-22,942.0,6698496,963,410,-68,1306,,79.94,71.89,71.8,956.07,810.93,False,False,True
2023-11-23,930.0,5460045,-601,-208,-250,-1059,,74.96,72.91,66.83,957.39,820.91,False,False,True
2023-11-24,945.0,4669666,209,295,95,599,,79.97,75.27,69.66,955.16,837.54,False,False,True
2023-11-27,931.0,6360969,-410,77,-100,-433,,75.54,75.36,64.17,957.74,842.36,False,False,True
2023-11-28,942.0,5755130,801,-203,198,796,,78.69,76.47,66.41,958.75,851.35,False,False,True
2023-11-29,948.0,5410850,1844,-327,-98,1418,,84.07,79.0,67.6,959.43,860.87,False,False,True
2023-11-30,945.0,7863209,190,-348,-96,-255,,83.94,80.65,66.33,961.41,866.59,False,False,True
2023-12-01,947.0,3529034,935,-391,-62,482,,84.03,81.77,66.78,962.65,873.05,False,False,True
2023-12-04,933.0,5265906,-107,-455,73,-489,,65.54,76.36,60.71,962.32,878.48,False,False,True
2023-12-05,929.0,5372126,-117,60,41,-16,,52.03,68.25,59.05,961.62,883.28,False,False,True
2023-12-06,927.0,3170413,-125,216,41,132,,40.94,59.15,58.2,962.11,884.09,False,False,True
2023-12-07,931.0,3086422,213,194,-5,401,,37.71,52.0,59.46,962.6,886.2,False,False,True
2023-12-08,943.0,5198667,982,124,-155,951,,48.05,50.69,63.06,961.29,893.41,False,False,True
2023-12-11,941.0,5744574,-547,-265,-12,-824,,52.87,51.41,62.07,961.99,896.21,False,True,True
2023-12-12,939.0,4720019,-227,136,12,-80,,54.0,52.27,61.04,961.92,899.68,False,False,True
2023-12-13,955.0,6227011,1964,578,46,2587,,69.33,57.96,65.92,964.12,902.18,False,False,True
2023-12-14,966.0,6861135,-408,131,-18,-294,,77.47,64.46,68.81,964.92,908.68,False,False,True
2023-12-15,996.0,12593164,1791,-428,45,1409,,84.11,71.01,75.03,976.23,906.57,False,False,True
2023-12-18,989.0,4945844,-488,-198,-242,-928,,85.3,75.78,71.45,983.27,907.23,False,False,True
2023-12-19,992.0,5132438,810,-180,-308,322,,87.38,79.65,72.07,990.76,906.34,False,False,True
2023-12-20,983.0,6529930,-393,-368,-336,-1097,,84.01,81.1,67.38,995.37,905.83,False,False,True
2023-12-21,976.0,4676270,-170,-236,140,-266,,78.23,80.14,63.89,997.94,907.86,False,False,True
2023-12-22,990.0,3389702,642,318,55,1015,,81.25,80.51,67.51,1002.94,907.36,False,True,True
2023-12-25,995.0,3423982,-548,228,127,-193,,85.81,82.28,68.72,1007.88,908.82,False,False,True
2023-12-26,1000.0,3482709,796,243,-76,962,,87.33,83.96,69.92,1013.46,909.04,False,False,True
2023-12-27,1040.0,8968047,3050,124,-413,2760,,87.34,85.09,77.4,1028.35,903.35,False,False,True
2023-12-28,1025.0,5646158,109,-190,-393,-474,,79.51,83.23,70.34,1036.81,902.89,False,False,True
2023-12-29,1015.0,5190939,-1776,676,126,-974,,70.28,78.91,66.01,1042.2,904.3,False,False,True
2024-01-02,981.0,10668557,-3523,-691,602,-3612,,50.46,69.43,53.87,1041.99,909.31,False,False,True
2024-01-03,953.0,13403900,-1776,435,33,-1308,,33.64,57.5,46.32,1040.45,913.25,False,False,True
2024-01-04,928.0,9628243,226,-270,-874,-918,,23.93,46.31,40.82,1040.34,913.46,False,False,True
2024-01-05,921.0,5851876,-1235,23,-131,-1343,,15.95,36.19,39.41,1041.5,911.3,False,False,True
2024-01-08,920.0,6035931,602,-376,41,267,,11.12,27.84,39.2,1043.56,906.94,True,False,True
2024-01-09,928.0,5893697,1593,-109,-15,1470,,9.85,21.84,41.85,1044.52,904.68,True,False,True
2024-01-10,924.0,4380442,418,33,300,751,,8.03,17.24,40.89,1045.67,902.03,True,False,True
2024-01-11,920.0,7008030,-2974,6,232,-2736,,5.95,13.47,39.91,1047.47,896.73,True,False,False
2024-01-12,926.0,4936513,75,-266,-242,-433,,7.33,11.42,42.16,1048.23,891.97,True,False,True
2024-01-15,922.0,4413758,-664,267,-14,-412,,8.17,10.34,41.05,1046.35,886.45,True,False,False
2024-01-16,895.0,11367477,-2786,-1009,98,-3697,,5.44,8.71,34.48,1046.93,876.47,True,False,False
2024-01-17,879.0,12081845,-981,-219,-189,-1390,,3.63,7.01,31.29,1047.57,864.53,True,False,False
2024-01-18,897.0,6915744,1747,-76,17,1688,,12.26,8.76,38.22,1045.98,857.52,True,True,False
2024-01-19,920.0,9409813,418,-19,-285,114,,30.57,16.03,45.76,1043.48,854.42,True,False,False
2024-01-22,922.0,9745086,1043,-797,-8,238,,42.78,24.95,46.37,1038.74,852.36,False,False,False
2024-01-23,911.0,6388646,-1313,-372,185,-1500,,45.19,31.69,43.46,1032.71,849.99,False,False,False
2024-01-24,936.0,8378719,3262,-151,369,3479,,59.81,41.07,50.98,1025.25,851.05,False,False,True
2024-01-25,943.0,9340986,-22,-30,363,312,,69.92,50.68,52.87,1006.15,860.45,False,False,True
2024-01-26,936.0,5458694,-626,-152,136,-643,,73.37,58.25,50.77,987.64,870.06,False,False,False
2024-01-29,938.0,7208528,-1459,-113,206,-1366,,76.62,64.37,51.36,967.99,882.01,False,False,False
2024-01-30,963.0,9996375,1200,238,667,2106,,80.67,69.8,58.18,962.68,885.52,False,False,True
2024-01-31,966.0,9456227,15,-140,235,110,,81.87,73.83,58.93,965.75,883.75,False,False,True
2024-02-01,930.0,17458860,-1743,-920,-1430,-4093,,64.88,70.84,47.91,965.89,883.81,False,False,False
2024-02-02,936.0,8662912,37,-455,-209,-626,,56.49,66.06,49.6,966.89,884.31,False,False,False
2024-02-05,937.0,5880641,763,-315,-289,159,,49.49,60.53,49.89,967.96,884.94,False,False,False
2024-02-15,972.0,12555654,5734,-64,-604,5066,,60.31,60.46,58.88,974.9,882.4,False,False,True
2024-02-16,970.0,4761127,207,-153,9,62,,66.44,62.45,58.23,980.67,881.23,False,True,True
2024-02-19,963.0,4384732,-540,-166,50,-656,,66.7,63.87,55.93,984.51,881.69,False,False,True
2024-02-20,982.0,8929345,2390,-388,217,2219,,76.21,67.98,60.49,991.61,880.19,False,False,True
2024-02-21,981.0,5894546,-696,-8,-6,-710,,81.54,72.5,60.14,997.62,880.08,False,False,True
2024-02-22,1015.0,11143348,5929,-97,282,6114,,85.99,77.0,67.16,1009.03,880.67,False,False,True
2024-02-23,1100.0,24851080,10483,279,-16,10745,,90.66,81.55,77.72,1043.99,867.81,False,False,True
2024-02-26,1115.0,12802833,935,722,562,2218,,92.91,85.34,79.0,1075.69,857.91,False,False,True
2024-02-27,1115.0,17764235,736,908,-25,1619,,88.09,86.25,79.0,1101.53,851.57,False,False,True
2024-02-29,1140.0,9629679,722,383,-45,1059,,88.87,87.13,81.1,1129.29,845.61,False,False,True
2024-03-01,1105.0,12340648,2973,102,-229,2845,,83.24,85.83,70.46,1143.44,850.86,False,False,True
2024-03-04,1150.0,12662274,4593,319,206,5119,,86.38,86.02,75.0,1166.12,849.58,False,True,True
2024-03-05,1155.0,8791366,574,250,143,968,,89.2,87.08,75.46,1186.53,850.37,False,False,True
2024-03-06,1190.0,10101276,1740,238,159,2138,,91.23,88.46,78.4,1210.97,851.33,False,False,True
2024-03-07,1230.0,15486926,1927,1389,16,3333,,90.15,89.02,81.17,1240.52,850.98,False,False,True
2024-03-08,1230.0,16879880,3494,496,-505,3485,,86.46,88.17,81.17,1266.2,852.0,False,False,True
2024-03-11,1225.0,5890017,964,45,-93,916,,81.71,86.02,79.69,1286.88,857.22,False,False,True
2024-03-12,1215.0,5763673,-30,134,205,309,,76.7,82.91,76.67,1299.26,873.34,False,False,True
2024-03-13,1215.0,7058092,459,551,-171,838,,73.35,79.72,76.67,1308.25,892.25,False,False,True
2024-03-14,1150.0,13127561,-1510,325,15,-1170,,57.73,72.39,59.63,1305.06,916.74,False,False,True
2024-03-15,1135.0,8765752,248,-394,-57,-203,,41.71,62.16,56.51,1302.02,936.08,False,False,True
2024-03-18,1170.0,6022543,-396,666,491,761,,38.56,54.3,61.56,1299.13,958.97,False,False,True
2024-03-19,1150.0,8911458,-3498,2780,-88,-806,,32.16,46.92,57.45,1289.55,987.25,False,False,True
2024-03-20,1130.0,6413758,-1093,484,-233,-843,,23.59,39.14,53.6,1278.01,1013.59,False,False,True
2024-03-21,1140.0,6662414,-679,322,140,-216,,20.49,32.92,55.22,1261.01,1046.49,False,False,True
2024-03-22,1125.0,6420828,-327,17,-112,-421,,16.99,27.61,52.27,1245.84,1072.66,False,False,True
2024-03-25,1120.0,3339686,82,180,56,317,,13.55,22.93,51.29,1244.38,1076.12,True,False,True
2024-03-26,1130.0,6780815,-1039,292,84,-663,,14.59,20.15,53.18,1243.69,1078.31,True,False,True
2024-03-27,1165.0,6243784,-229,481,-35,216,,35.92,25.4,59.17,1243.31,1083.69,True,True,True
2024-03-28,1160.0,7545389,-2341,1020,313,-1008,,47.75,32.85,58.03,1243.57,1085.43,False,False,True
2024-03-29,1195.0,8549357,-808,3351,-166,2378,,63.32,43.01,63.35,1243.95,1094.05,False,False,True
2024-04-01,1160.0,5481587,-320,-57,156,-221,,60.73,48.92,55.74,1244.04,1094.96,False,False,True
2024-04-02,1165.0,4324010,-307,309,49,51,,60.86,52.9,56.54,1244.27,1095.73,False,False,True
2024-04-03,1160.0,4204622,-265,140,57,-68,,59.09,54.96,55.46,1242.28,1094.72,False,False,True
2024-04-08,1150.0,4137606,-1015,198,51,-766,,53.12,54.35,53.25,1232.7,1096.3,False,False,True
2024-04-09,1160.0,3400861,-288,-7,119,-176,,52.08,53.59,55.17,1221.84,1100.16,False,False,True
2024-04-10,1195.0,6687109,786,8,208,1002,,60.65,55.94,61.17,1214.93,1104.07,False,True,True
2024-04-11,1200.0,6406311,-666,354,104,-208,,63.24,58.37,61.95,1211.35,1106.15,False,False,True
2024-04-12,1180.0,5339872,-802,19,-153,-936,,56.97,57.91,57.0,1203.72,1110.28,False,False,True
2024-04-15,1110.0,9660747,-3034,-96,65,-3064,,37.98,51.27,43.8,1206.2,1103.8,False,False,True
2024-04-16,1055.0,13458990,-1665,-75,6,-1735,,25.32,42.62,36.63,1218.64,1083.36,False,False,False
2024-04-17,1050.0,8144332,-2218,-626,28,-2816,,17.78,34.34,36.05,1225.59,1064.41,False,False,False
2024-04-18,1050.0,7339262,378,-580,126,-75,,16.62,28.43,36.05,1231.02,1048.98,True,False,False
2024-04-19,993.0,16604482,-1696,-777,-267,-2740,,14.03,23.63,29.82,1245.47,1020.83,True,False,False
2024-04-22,966.0,9681250,-1085,-66,221,-930,,9.35,18.87,27.41,1259.24,989.66,True,False,False
2024-04-23,972.0,6158115,-865,-193,205,-853,,6.99,14.91,28.79,1267.84,965.76,True,False,False
2024-04-24,1010.0,6424187,240,-25,197,413,,10.93,13.58,36.96,1269.69,952.91,True,False,False
2024-04-25,981.0,6733096,-950,-142,60,-1031,,9.86,12.34,33.78,1272.23,935.47,True,False,False
2024-04-26,1005.0,5856365,2298,-473,222,2047,,17.06,13.92,38.5,1267.18,924.52,True,True,False
2024-04-29,1015.0,8251393,-1086,-26,-174,-1286,,26.36,18.06,40.41,1260.77,916.43,True,False,False
2024-04-30,992.0,6311140,-1558,87,101,-1370,,26.79,20.97,37.52,1248.13,908.77,False,False,False
2024-05-02,1000.0,5508680,232,352,-12,573,,30.6,24.18,39.15,1239.02,901.88,False,False,False
2024-05-03,1040.0,6978404,1713,100,2,1815,,48.11,32.16,46.63,1227.19,901.21,False,False,False
2024-05-06,1035.0,4644236,-316,-18,-94,-428,,56.15,40.15,45.87,1214.94,900.96,False,False,False
2024-05-07,1045.0,3238845,-185,371,-10,176,,64.81,48.37,47.7,1203.64,901.76,False,False,False
2024-05-08,1095.0,10343764,1252,683,29,1965,,75.2,57.32,55.77,1193.29,905.61,False,False,True
2024-05-09,1095.0,7989043,761,423,-60,1125,,76.47,63.7,55.77,1173.15,915.75,False,False,True
2024-05-10,1095.0,4664901,75,618,3,696,,77.32,68.24,55.77,1148.24,930.16,False,False,True
2024-05-13,1115.0,4261629,437,554,-68,923,,82.55,73.01,58.94,1130.2,941.7,False,False,True
2024-05-14,1155.0,7954993,1271,1069,89,2429,,87.43,77.82,64.42,1141.59,934.81,False,False,True
2024-05-15,1155.0,5734377,1046,78,-97,1027,,87.02,80.89,64.42,1158.95,927.45,False,False,True
2024-05-16,1190.0,10452836,4547,53,179,4778,,87.54,83.1,68.66,1183.31,917.09,False,False,True
2024-05-17,1165.0,6555819,-948,192,310,-445,,83.12,83.11,62.89,1198.62,913.28,False,False,True
2024-05-20,1190.0,6368808,1313,895,179,2387,,84.3,83.51,65.97,1217.11,914.49,False,False,True
2024-05-21,1175.0,3544126,-3,140,-38,99,,80.56,82.53,62.61,1227.41,925.09,False,False,True
2024-05-22,1185.0,4592310,85,108,30,223,,80.63,81.89,63.93,1237.14,936.66,False,False,True
2024-05-23,1205.0,6526951,2192,482,150,2824,,85.57,83.12,66.48,1251.13,942.17,False,True,True
2024-05-24,1195.0,4139304,163,86,-15,233,,85.38,83.87,64.04,1257.69,957.01,False,False,True
2024-05-27,1285.0,16451271,3871,483,7,4360,,85.2,84.32,73.46,1283.26,959.44,False,False,True
2024-05-28,1310.0,10732534,96,829,40,965,,88.05,85.56,75.39,1310.49,961.71,False,False,True
2024-05-29,1290.0,8661046,218,60,-47,231,,85.78,85.64,70.95,1324.47,977.53,False,False,True
2024-05-30,1290.0,8581664,-600,241,-93,-451,,84.27,85.18,70.95,1334.24,996.76,False,False,True
2024-05-31,1235.0,15194460,681,-1920,-209,-1448,,71.81,80.72,59.73,1335.79,1014.71,False,False,True
2024-06-03,1270.0,6400731,673,175,-72,776,,70.79,77.41,63.66,1338.46,1035.54,False,False,True
2024-06-04,1240.0,7219004,-554,709,-101,54,,60.77,71.87,58.39,1334.18,1059.32,False,False,True
2024-06-05,1230.0,6012669,53,398,47,499,,50.77,64.83,56.71,1332.92,1074.08,False,False,False
2024-06-06,1290.0,10328177,2425,579,-225,2779,,57.18,62.28,63.51,1337.53,1088.97,False,False,True
2024-06-07,1275.0,5092253,-688,-5,-86,-780,,56.45,60.34,60.93,1336.1,1108.4,False,False,True
2024-06-11,1270.0,5846697,-137,119,20,2,,55.18,58.62,60.06,1333.77,1126.23,False,False,True
2024-06-12,1300.0,8015243,1432,-75,43,1400,,64.86,60.7,63.45,1339.2,1135.3,False,True,True
2024-06-13,1385.0,13667003,2393,560,130,3083,,73.79,65.06,70.97,1362.81,1134.69,False,False,True
2024-06-14,1395.0,6250845,1429,-54,-90,1285,,81.6,70.58,71.71,1386.84,1131.16,False,False,True
2024-06-17,1380.0,4762970,-457,172,47,-238,,84.03,75.06,68.88,1400.44,1139.06,False,False,True
2024-06-18,1405.0,7868192,232,407,104,743,,89.35,79.83,70.94,1418.72,1142.28,False,False,True
2024-06-19,1485.0,12145736,1130,981,46,2157,,92.9,84.18,76.33,1452.7,1139.3,False,False,True
2024-06-20,1500.0,7215413,-61,-266,176,-151,,95.27,87.88,77.19,1484.02,1139.48,False,False,True
2024-06-21,1490.0,12105025,-36,-273,19,-290,,95.51,90.42,75.24,1507.97,1144.03,False,False,True
2024-06-24,1410.0,9608976,-2627,639,-158,-2145,,84.24,88.36,61.78,1511.39,1162.11,False,False,True
2024-06-25,1385.0,9815912,-440,-273,16,-697,,67.59,81.44,58.28,1515.87,1167.63,False,False,True
2024-06-26,1405.0,5222459,20,-69,46,-3,,54.94,72.6,60.22,1522.15,1170.85,False,False,True
2024-06-27,1395.0,5022470,-259,-104,-24,-387,,44.03,63.08,58.75,1526.57,1176.93,False,False,True
2024-06-28,1400.0,7091837,-88,-487,170,-406,,38.0,54.72,59.29,1530.8,1183.7,False,False,True
2024-07-01,1415.0,5231972,60,-232,203,31,,37.68,49.04,60.93,1531.58,1200.92,False,False,True
2024-07-02,1410.0,5192639,-50,149,20,119,,36.23,44.77,60.06,1533.19,1213.31,False,False,True
2024-07-03,1405.0,6507165,-284,387,-7,97,,34.41,41.32,59.15,1529.04,1233.96,False,False,True
2024-07-04,1375.0,7932727,627,-3317,-478,-3167,,26.27,36.3,53.88,1518.08,1259.42,False,False,True
2024-07-05,1350.0,7046623,-1316,-1788,-16,-3119,,22.28,31.63,49.89,1514.02,1269.48,False,False,True
2024-07-08,1420.0,8013255,1375,76,-30,1421,,41.84,35.03,59.04,1508.67,1289.33,False,True,True
2024-07-09,1460.0,9919314,1269,1573,-164,2678,,61.22,43.76,63.17,1502.98,1314.02,False,False,True
2024-07-10,1435.0,5691397,-1088,89,-84,-1083,,67.48,51.67,59.15,1495.28,1335.22,False,False,True
2024-07-11,1420.0,5549812,44,15,11,70,,67.65,57.0,56.81,1495.77,1338.23,False,False,True
2024-07-12,1360.0,7528115,-2214,808,-166,-1572,,51.77,55.25,48.55,1497.55,1332.95,False,False,True
2024-07-15,1355.0,3700301,242,179,22,443,,39.85,50.12,47.93,1499.26,1328.74,False,False,True
2024-07-16,1345.0,5267624,-745,166,63,-516,,31.5,43.91,46.63,1501.65,1320.35,False,False,True
2024-07-17,1325.0,6370105,-1302,333,37,-932,,25.3,37.71,44.07,1494.39,1311.61,False,False,True
2024-07-18,1280.0,10515746,-1934,575,69,-1290,,21.63,32.35,38.89,1487.11,1296.89,False,False,True
2024-07-19,1260.0,6157494,-645,312,-4,-338,,16.01,26.9,36.82,1481.18,1279.82,False,False,False
2024-07-22,1225.0,7568809,-516,309,147,-60,,14.45,22.75,33.46,1492.42,1250.08,True,False,False
2024-07-23,1275.0,6609048,-289,151,135,-2,,19.69,21.73,41.65,1494.07,1237.43,True,False,False
2024-07-26,1245.0,10546400,-2578,257,7,-2314,,23.13,22.2,38.58,1495.38,1220.12,True,True,False
2024-07-29,1240.0,5212301,-671,391,-109,-389,,24.82,23.07,38.08,1496.0,1204.0,False,False,False
2024-07-30,1255.0,4562729,-559,585,121,148,,29.51,25.22,40.58,1492.64,1192.86,False,False,False
2024-07-31,1220.0,7646628,-1822,159,40,-1622,,26.97,25.8,36.84,1488.37,1177.63,False,False,False
2024-08-01,1180.0,12859885,-4727,-590,-241,-5558,,17.98,23.19,33.08,1486.62,1156.38,False,False,False
2024-08-02,1090.0,14592681,-1591,316,-84,-1359,,11.98,19.46,26.53,1495.58,1115.92,True,False,False
2024-08-05,991.0,23157567,-3121,1162,-657,-2616,,9.1,16.01,21.49,1519.64,1053.46,True,False,False
2024-08-06,1075.0,16842716,1359,495,42,1897,,16.55,16.19,33.1,1522.01,1023.59,True,True,False
2024-08-07,1150.0,10786767,-121,253,-37,95,,29.87,20.75,41.44,1504.15,1014.45,True,False,False
2024-08-08,1115.0,8260831,-1975,535,-82,-1521,,34.85,25.45,39.0,1475.72,1008.38,False,False,False
2024-08-09,1125.0,7138660,-475,100,-146,-521,,40.75,30.55,40.08,1447.09,1006.01,False,False,False
2024-08-12,1175.0,4732084,375,166,-86,454,,52.63,37.91,45.32,1416.01,1012.59,False,False,False
2024-08-13,1160.0,3893560,-491,127,-119,-483,,58.58,44.8,44.08,1395.14,1013.46,False,False,False
2024-08-14,1185.0,4566599,249,254,-112,391,,71.59,53.73,46.71,1373.03,1018.57,False,False,False
2024-08-15,1155.0,3208717,-903,-204,-68,-1175,,75.48,60.98,44.03,1349.69,1022.91,False,False,False
2024-08-16,1230.0,7309904,2114,225,31,2369,,82.02,67.99,51.51,1333.05,1030.05,False,False,False
2024-08-19,1255.0,6237209,-406,29,-333,-711,,86.21,74.07,53.73,1328.76,1031.84,False,False,False
2024-08-20,1250.0,4411805,-645,170,-110,-585,,86.89,78.34,53.21,1327.2,1032.4,False,False,False
2024-08-21,1220.0,4669809,-138,147,-636,-627,,80.15,78.94,50.05,1326.64,1032.46,False,False,False
2024-08-22,1230.0,3087965,-351,32,-29,-347,,76.51,78.13,51.09,1319.54,1035.06,False,False,False
2024-08-23,1225.0,4319266,-743,302,28,-413,,71.84,76.03,50.52,1316.8,1035.8,False,False,False
2024-08-26,1215.0,3784179,-983,99,-27,-911,,65.28,72.45,49.34,1313.6,1036.5,False,False,False
2024-08-27,1210.0,3963303,-635,266,-40,-408,,59.46,68.12,48.73,1307.28,1038.32,False,False,False
2024-08-28,1200.0,4883821,-998,-10,66,-941,,45.53,60.59,47.46,1305.1,1038.5,False,False,False
2024-08-29,1250.0,5628485,887,159,-41,1005,,56.67,59.28,53.92,1313.11,1037.49,False,False,False
2024-08-30,1240.0,6035560,-523,187,-49,-384,,60.58,59.72,52.53,1317.35,1048.25,False,True,False
2024-09-02,1225.0,3294144,227,128,20,375,,60.0,59.81,50.43,1295.28,1093.72,False,False,False
2024-09-03,1220.0,3534979,-161,497,-15,320,,57.65,59.09,49.72,1285.81,1117.69,False,False,False
2024-09-04,1135.0,10457652,-2423,556,-131,-1998,,39.71,52.63,39.48,1287.24,1114.76,False,False,False
2024-09-05,1110.0,9432513,-3059,331,-145,-2874,,27.55,44.27,37.06,1288.07,1113.43,False,False,False
2024-09-06,1145.0,5340953,-26,210,-21,163,,26.97,38.5,42.38,1285.81,1117.69,False,False,False
2024-09-09,1105.0,7455495,-2475,696,-57,-1836,,20.92,32.64,38.38,1292.24,1104.26,False,False,False
2024-09-10,1130.0,5893397,982,136,26,1143,,21.79,29.02,42.06,1294.21,1099.29,False,False,False
2024-09-11,1110.0,4096499,-397,242,-8,-163,,18.45,25.5,40.0,1297.85,1088.15,False,False,False
2024-09-12,1155.0,4719178,173,224,72,469,,25.84,25.61,46.36,1297.85,1088.15,True,True,False
2024-09-13,1125.0,3546828,-1266,175,-27,-1118,,25.87,25.7,43.08,1295.28,1080.22,False,False,False
2024-09-16,1130.0,3821456,-580,38,10,-532,,33.91,28.44,43.79,1287.09,1075.91,False,False,False
2024-09-18,1105.0,7611728,-2971,911,-379,-2438,,29.28,28.72,41.03,1279.94,1068.56,False,False,False
2024-09-19,1120.0,7911002,-2315,990,127,-1199,,35.2,30.88,43.34,1275.29,1063.21,False,False,False
2024-09-20,1125.0,9138981,-868,1191,15,338,,41.12,34.29,44.13,1267.75,1060.25,False,False,False
2024-09-23,1145.0,4562996,-1125,1433,21,329,,52.9,40.49,47.28,1259.95,1060.05,False,False,False
2024-09-24,1195.0,7297056,311,1278,122,1712,,68.6,49.86,54.23,1257.01,1060.99,False,False,False
2024-09-25,1225.0,11480089,-1194,1178,244,228,,77.96,59.23,57.83,1259.62,1059.88,False,False,False
2024-09-26,1270.0,9967330,574,1300,305,2180,,83.64,67.36,62.57,1273.43,1053.07,False,False,False
2024-09-27,1260.0,9319433,-647,846,76,275,,82.42,72.38,60.93,1275.67,1051.83,False,False,False
2024-09-30,1175.0,8944466,-2480,-177,-70,-2728,,69.02,71.26,49.13,1266.72,1054.28,False,False,False
2024-10-01,1210.0,6670719,-887,572,88,-226,,65.28,69.27,53.16,1264.25,1055.25,False,False,False
2024-10-04,1230.0,7601314,126,350,-39,437,,63.34,67.29,55.33,1266.05,1054.45,False,False,False
2024-10-07,1250.0,9261022,-1394,617,560,-216,,65.65,66.74,57.46,1278.32,1053.68,False,False,False
2024-10-08,1225.0,4746298,-959,205,85,-670,,61.41,64.97,54.0,1283.78,1059.72,False,False,False
2024-10-09,1245.0,5671636,882,74,-186,771,,58.89,62.94,56.26,1292.61,1060.89,False,False,False
2024-10-11,1300.0,10811730,3663,187,220,4070,,70.12,65.34,61.84,1309.54,1063.46,False,True,False
2024-10-14,1290.0,4125156,-280,330,-61,-11,,75.14,68.61,60.33,1322.76,1066.24,False,False,False
2024-10-15,1300.0,6492009,4,215,64,283,,80.96,72.72,61.35,1334.04,1073.96,False,False,False
2024-10-16,1275.0,7425191,-540,92,167,-281,,77.58,74.34,57.4,1341.59,1078.41,False,False,False
2024-10-17,1275.0,4514915,-1039,72,227,-741,,74.45,74.38,57.4,1345.75,1089.25,False,False,False
2024-10-18,1305.0,8916104,2402,63,179,2644,,75.03,74.6,60.9,1353.23,1099.27,False,False,True
2024-10-21,1330.0,6706607,-356,152,192,-11,,79.19,76.13,63.59,1359.0,1116.0,False,False,True
2024-10-22,1310.0,5500454,-825,119,-102,-808,,75.01,75.76,60.03,1359.17,1134.83,False,False,True
2024-10-23,1300.0,5639751,590,-140,-57,393,,65.7,72.4,58.28,1354.33,1157.17,False,False,True
2024-10-24,1270.0,4698981,234,-52,-112,70,,47.72,64.17,53.25,1345.75,1178.25,False,False,True
2024-10-25,1315.0,7326983,2003,-120,34,1917,,53.38,60.58,58.97,1348.68,1187.32,False,False,True
2024-10-28,1335.0,5720182,1341,117,37,1495,,65.0,62.05,61.24,1356.79,1190.21,False,True,True
2024-10-29,1300.0,5519603,-1369,697,46,-626,,57.92,60.67,55.46,1359.11,1190.89,False,False,True
2024-10-30,1290.0,5528055,265,185,-17,433,,47.5,56.28,53.89,1360.55,1192.45,False,False,True
2024-11-01,1290.0,9461786,-1225,609,-55,-671,,50.33,54.3,53.89,1351.49,1213.01,False,False,True
2024-11-04,1295.0,3513519,-1003,242,-111,-873,,54.39,54.33,54.64,1346.95,1226.05,False,True,True
2024-11-05,1290.0,3688814,-1180,504,-137,-813,,55.7,54.79,53.71,1343.78,1235.22,False,False,True
2024-11-06,1305.0,3881189,151,324,-3,472,,60.75,56.77,56.12,1343.6,1240.9,False,False,True
2024-11-07,1305.0,4517086,-156,24,11,-120,,64.11,59.22,56.12,1336.89,1255.61,False,False,True
2024-11-08,1280.0,4299470,-1399,1,-23,-1421,,59.41,59.28,50.98,1331.78,1264.22,False,False,True
2024-11-11,1295.0,2878555,-457,149,-25,-333,,62.33,60.3,53.72,1331.54,1263.96,False,False,True
2024-11-12,1265.0,4326905,-1081,209,8,-864,,55.19,58.6,47.95,1333.22,1259.78,False,False,True
2024-11-13,1255.0,4182334,-1017,294,-18,-741,,47.4,54.86,46.17,1335.32,1253.18,False,False,True
2024-11-14,1235.0,4605044,-206,285,-49,29,,33.27,47.66,42.75,1340.53,1243.97,False,False,True
2024-11-15,1270.0,4349007,931,-202,16,745,,35.51,43.61,49.76,1340.71,1243.29,False,False,True
2024-11-18,1240.0,3985278,-265,10,-43,-298,,27.01,38.08,44.7,1342.25,1235.25,False,False,False
2024-11-19,1285.0,4531599,979,18,54,1052,,36.34,37.5,52.5,1336.35,1236.65,False,False,True
2024-11-20,1275.0,4926471,-415,-77,105,-386,,40.89,38.63,50.79,1333.58,1235.92,False,True,True
2024-11-21,1265.0,2634995,-89,-116,-38,-243,,41.84,39.7,49.06,1332.03,1233.97,False,False,True
2024-11-22,1310.0,6437379,2975,-226,151,2900,,61.23,46.88,56.26,1335.05,1234.95,False,False,True
2024-11-25,1280.0,7734600,-310,-59,53,-316,,57.49,50.41,51.08,1331.29,1235.21,False,False,True
2024-11-26,1280.0,3272636,-597,62,-65,-600,,54.99,51.94,51.08,1321.91,1239.09,False,False,True
2024-11-27,1250.0,3069870,-834,111,84,-640,,43.33,49.07,46.15,1320.48,1235.52,False,False,True
2024-11-28,1255.0,4374911,-935,486,5,-443,,37.22,45.12,47.07,1319.52,1232.98,False,False,True
2024-11-29,1255.0,4324490,-524,83,72,-369,,34.34,41.52,47.07,1318.26,1230.74,False,False,True
2024-12-02,1310.0,4705833,2251,151,16,2417,,49.87,44.31,56.51,1320.96,1229.54,False,True,True
2024-12-03,1315.0,6211010,389,-125,-76,189,,61.82,50.15,57.26,1325.18,1227.82,False,False,True
2024-12-04,1320.0,4844752,601,-447,-33,121,,71.37,57.22,58.03,1328.19,1226.31,False,False,True
2024-12-05,1325.0,5559581,1585,-374,138,1349,,77.88,64.11,58.84,1332.18,1224.32,False,False,True
2024-12-06,1305.0,4364288,-41,-397,38,-399,,75.11,67.78,54.35,1334.74,1224.26,False,False,True
2024-12-09,1325.0,4592126,762,146,45,952,,79.06,71.54,57.82,1339.54,1222.46,False,False,True
2024-12-10,1350.0,8230114,1635,-241,92,1486,,83.57,75.55,61.73,1350.82,1219.68,False,False,True
2024-12-11,1350.0,7633823,-1076,421,-3,-658,,86.58,79.23,61.73,1359.96,1220.04,False,False,True
2024-12-12,1380.0,8447774,1559,129,288,1976,,85.92,81.46,66.1,1373.02,1221.48,False,False,True
2024-12-13,1410.0,6733740,1212,-50,135,1298,,90.62,84.51,69.82,1394.0,1214.5,False,False,True
2024-12-16,1385.0,7521031,-1040,29,30,-980,,80.65,83.22,63.57,1402.81,1220.19,False,False,True
2024-12-17,1425.0,9362088,2261,-439,58,1881,,82.5,82.98,68.44,1421.92,1215.08,False,False,True
2024-12-18,1420.0,6198374,-693,-236,28,-901,,82.59,82.85,67.23,1436.41,1215.09,False,False,True
2024-12-19,1420.0,6719997,326,-671,60,-285,,82.64,82.78,67.23,1447.89,1219.11,False,False,True
2024-12-20,1390.0,5731484,-254,-788,-76,-1118,,75.33,80.3,59.86,1454.01,1220.99,False,False,True
2024-12-23,1410.0,4417200,694,-771,152,75,,75.22,78.61,62.79,1461.5,1226.5,False,False,True
2024-12-24,1405.0,3278608,774,-834,82,23,,66.82,74.68,61.58,1466.71,1233.79,False,False,True
2024-12-25,1410.0,2449652,557,-680,175,52,,63.29,70.88,62.36,1467.47,1249.03,False,False,True
2024-12-26,1420.0,2448448,944,-589,53,409,,61.64,67.8,63.94,1467.5,1265.5,False,False,True
2024-12-27,1430.0,2406377,651,-13,52,690,,65.34,66.98,65.5,1465.31,1285.19,False,False,True
2024-12-30,1420.0,2890276,-685,213,-18,-491,,63.56,65.84,62.58,1467.4,1294.1,False,False,True
2024-12-31,1415.0,3371199,-934,263,146,-525,,59.04,63.57,61.12,1467.85,1303.65,False,False,True
2025-01-02,1350.0,7374055,-1951,-431,-371,-2754,,44.12,57.09,46.05,1465.28,1309.22,False,False,True
2025-01-03,1365.0,6413343,480,-139,-106,235,,38.94,51.04,49.17,1462.47,1316.03,False,False,True
2025-01-06,1425.0,7760498,3641,102,93,3835,,54.53,52.2,59.29,1458.37,1332.13,False,True,True
2025-01-07,1490.0,13043149,3998,-219,515,4293,,67.67,57.36,66.97,1470.94,1336.06,False,False,True
2025-01-08,1470.0,11341648,291,41,-164,169,,72.38,62.37,63.03,1478.24,1340.76,False,False,True
2025-01-09,1440.0,7283127,559,-58,32,533,,69.47,64.73,57.56,1477.96,1350.04,False,False,True
2025-01-10,1465.0,7456378,1126,594,-76,1644,,72.57,67.35,60.63,1483.97,1352.53,False,False,True
2025-01-13,1390.0,10467556,-2974,78,-22,-2919,,59.49,64.73,49.16,1484.09,1350.41,False,False,True
2025-01-14,1400.0,5672581,-1042,253,28,-761,,52.79,60.75,50.5,1483.65,1352.35,False,False,True
2025-01-15,1420.0,6608704,1548,179,-470,1256,,52.37,57.96,53.17,1483.32,1352.18,False,False,True
2025-01-16,1460.0,7526306,638,13,209,860,,57.13,57.68,58.04,1488.0,1351.5,False,False,True
2025-01-17,1430.0,5593733,-1046,111,17,-918,,51.98,55.78,53.54,1488.65,1351.85,False,False,True
2025-01-20,1445.0,4054089,98,52,40,190,,52.71,54.76,55.4,1490.7,1355.3,False,False,True
2025-01-21,1465.0,4729517,1114,75,-30,1159,,59.78,56.43,57.83,1495.66,1355.84,False,True,True
2025-01-22,1465.0,6939769,241,180,93,515,,64.49,59.12,57.83,1500.04,1357.46,False,False,True
2025-02-03,1500.0,19472385,2389,1613,257,4259,,70.58,62.94,62.02,1510.66,1355.84,False,False,True
2025-02-04,1490.0,8418410,-485,484,100,100,,71.5,65.79,60.18,1517.88,1355.62,False,False,True
2025-02-05,1525.0,9272623,2107,801,112,3020,,79.81,70.46,64.19,1531.59,1351.41,False,False,True
2025-02-06,1525.0,9633472,-518,223,115,-180,,76.86,72.6,64.19,1543.56,1349.94,False,False,True
2025-02-07,1525.0,7062069,-821,-109,424,-507,,74.9,73.36,64.19,1553.84,1350.66,False,False,True
2025-02-10,1480.0,9291243,-3414,185,59,-3170,,63.91,70.21,55.26,1548.77,1368.73,False,False,True
2025-02-11,1510.0,8734703,770,58,-42,787,,63.04,67.82,59.32,1547.15,1384.85,False,False,True
2025-02-12,1485.0,8078186,1001,-2130,104,-1025,,57.08,64.24,54.85,1548.18,1389.82,False,False,True
2025-02-13,1520.0,4801436,1081,492,4,1578,,60.63,63.04,59.46,1552.44,1388.56,False,False,True
2025-02-14,1505.0,4867021,351,-776,-54,-479,,50.95,59.01,56.78,1555.63,1388.87,False,False,True
2025-02-17,1545.0,8095856,192,1880,-65,2006,,58.53,58.85,61.73,1565.43,1389.57,False,False,True
2025-02-18,1535.0,5461888,-132,299,-27,141,,60.07,59.25,59.88,1572.34,1389.66,False,True,True
2025-02-19,1540.0,4710329,1284,-362,-247,675,,68.94,62.48,60.52,1572.74,1404.26,False,False,True
2025-02-20,1500.0,7150167,-778,-1671,87,-2362,,57.07,60.68,53.25,1566.78,1420.22,False,False,True
2025-02-21,1510.0,5756665,1355,-1621,125,-141,,52.33,57.9,54.72,1562.84,1433.16,False,False,True
2025-02-24,1545.0,6497488,331,1820,-24,2127,,65.84,60.54,59.5,1567.74,1436.76,False,True,True
2025-02-25,1550.0,8502805,-322,931,-96,514,,72.78,64.62,60.14,1567.57,1448.93,False,False,True
2025-02-26,1560.0,8063842,1862,-673,-22,1168,,75.97,68.41,61.47,1569.69,1458.31,False,False,True
2025-02-27,1515.0,12022234,-362,-2118,38,-2442,,60.45,65.75,52.94,1567.19,1465.81,False,False,True
2025-03-03,1470.0,11544405,-4121,889,186,-3046,,41.82,57.78,46.05,1566.41,1467.09,False,False,True
2025-03-04,1505.0,8330012,-522,914,73,464,,44.54,53.37,51.35,1566.35,1467.65,False,False,True
2025-03-05,1505.0,6674087,-875,556,12,-307,,46.36,51.03,51.35,1565.82,1469.68,False,False,True
2025-03-06,1495.0,3240661,-824,178,-28,-674,,45.19,49.09,49.73,1565.23,1467.27,False,False,True
2025-03-07,1465.0,5873135,-2127,439,3,-1685,,37.27,45.15,45.13,1567.08,1459.42,False,False,True
2025-03-10,1395.0,10835218,-3386,322,30,-3033,,24.85,38.38,36.63,1581.81,1431.69,False,False,False
2025-03-11,1385.0,10487926,-1745,730,-104,-1119,,25.06,33.94,35.59,1594.25,1409.75,False,False,False
2025-03-12,1410.0,8365942,-1330,628,36,-666,,28.47,32.12,40.14,1597.86,1396.14,False,False,False
2025-03-13,1390.0,7308998,-1022,133,-45,-934,,30.09,31.44,37.84,1603.86,1380.64,False,False,False
2025-03-14,1400.0,7265400,248,472,-4,716,,32.76,31.88,39.7,1604.3,1368.2,False,True,False
2025-03-17,1425.0,5027826,436,219,-62,593,,38.51,34.09,44.19,1603.01,1361.49,False,False,False
2025-03-18,1475.0,10558598,1103,1188,-98,2193,,52.86,40.35,51.91,1595.86,1361.64,False,False,True
2025-03-19,1465.0,8043123,581,-152,-255,174,,60.03,46.91,50.41,1589.43,1361.07,False,False,True
2025-03-20,1485.0,6559527,-194,-276,353,-117,,68.22,54.01,53.32,1582.69,1362.31,False,False,True
2025-03-21,1480.0,4914917,165,-430,52,-213,,72.83,60.29,52.49,1581.0,1362.0,False,False,True
2025-03-24,1480.0,4129520,797,-195,-38,564,,73.56,64.71,52.49,1578.09,1361.91,False,False,True
2025-03-25,1525.0,8622310,2892,7,77,2975,,79.04,69.49,59.13,1574.51,1363.49,False,False,True
2025-03-26,1515.0,4039361,49,-269,24,-196,,80.47,73.15,57.21,1568.17,1366.33,False,False,True
2025-03-27,1485.0,4922392,-829,-25,110,-744,,72.31,72.87,51.8,1555.04,1371.96,False,False,True
2025-03-28,1465.0,4752661,-1601,493,192,-916,,55.23,66.99,48.51,1549.29,1372.71,False,False,False
2025-03-31,1390.0,8456107,-2340,915,166,-1259,,36.82,56.93,38.6,1550.66,1363.34,False,False,False
2025-04-01,1460.0,6663880,-227,512,-66,220,,40.1,51.32,49.06,1545.68,1363.82,False,False,False
2025-04-02,1435.0,4680070,-955,269,29,-657,,36.73,46.46,46.04,1539.38,1363.12,False,False,False
2025-04-07,1295.0,2148387,459,0,-39,420,,24.49,39.14,33.58,1551.17,1331.33,False,False,False
2025-04-08,1260.0,19252718,-2307,644,368,-1295,,20.03,32.77,31.3,1566.79,1295.21,False,False,False
2025-04-09,1185.0,20017897,-1907,220,42,-1645,,17.1,27.55,27.06,1594.97,1246.03,False,False,False
2025-04-10,1300.0,2039439,-207,-26,33,-200,,25.82,26.97,40.4,1598.34,1234.16,True,False,False
2025-04-11,1385.0,17343947,1119,817,173,2110,,40.22,31.38,47.97,1597.61,1232.39,False,True,False
2025-04-14,1400.0,12977957,2455,57,-854,1657,,53.89,38.89,49.19,1597.88,1233.12,False,False,False
2025-04-15,1385.0,6829960,232,-97,-679,-544,,61.45,46.41,47.98,1597.52,1231.98,False,False,False
2025-04-16,1365.0,5794610,105,192,-536,-240,,64.4,52.41,46.33,1595.78,1227.72,False,False,False
2025-04-17,1340.0,6954102,-1570,344,-26,-1251,,66.33,57.05,44.28,1589.16,1220.84,False,False,False
2025-04-18,1365.0,3602072,167,-48,28,147,,70.53,61.54,46.81,1582.73,1217.27,False,False,False
2025-04-21,1345.0,3123347,-463,-42,-35,-540,,71.0,64.7,45.05,1572.72,1213.28,False,False,False
2025-04-22,1300.0,5199584,-1030,-188,130,-1089,,56.86,62.08,41.28,1563.4,1204.6,False,False,False
2025-04-23,1370.0,6303810,966,253,-140,1079,,60.76,61.64,48.5,1552.16,1204.84,False,False,False
2025-04-24,1330.0,6331633,-2068,-7,27,-2047,,48.51,57.26,45.09,1529.17,1208.33,False,False,False
2025-04-25,1380.0,7381768,1591,-315,-69,1207,,55.53,56.69,49.83,1507.15,1216.85,False,False,False
2025-04-28,1350.0,5546486,-2540,-76,96,-2521,,55.54,56.3,47.2,1488.37,1222.13,False,False,False
2025-04-29,1370.0,5933337,-432,-436,47,-821,,62.95,58.52,49.13,1473.53,1227.47,False,True,False
2025-04-30,1350.0,5687722,-946,-363,-69,-1378,,60.49,59.17,47.27,1470.12,1226.88,False,False,False
2025-05-02,1300.0,17916167,-6248,-1359,-136,-7743,,43.66,54.0,42.89,1451.85,1229.15,False,False,False
2025-05-05,1295.0,7473805,1364,-457,-75,832,,30.77,46.26,42.47,1437.17,1229.83,False,False,False
2025-05-06,1280.0,7890120,-180,-941,-405,-1526,,21.96,38.16,41.15,1437.81,1227.69,False,False,False
2025-05-07,1275.0,6119782,692,-458,-190,44,,17.31,31.21,40.7,1436.56,1230.44,False,False,False
2025-05-08,1290.0,6304556,-208,-173,-101,-482,,18.21,26.88,42.73,1417.88,1259.62,True,False,False
2025-05-09,1325.0,6740443,272,-32,-33,206,,28.14,27.3,47.27,1417.32,1262.68,True,True,False
2025-05-12,1315.0,5353789,-1127,-252,-60,-1438,,34.63,29.74,46.15,1411.55,1261.45,False,False,False
2025-05-13,1355.0,10308570,1189,-272,94,1011,,51.66,37.05,51.15,1403.78,1264.72,False,False,False
2025-05-14,1360.0,6786896,-272,-829,32,-1069,,63.23,45.77,51.76,1399.52,1266.48,False,False,False
2025-05-15,1370.0,5860573,1369,4,-144,1229,,72.59,54.71,53.01,1400.31,1266.19,False,False,False
2025-05-16,1365.0,3651046,-49,-689,-40,-777,,77.38,62.27,52.28,1403.01,1265.99,False,False,False
2025-05-19,1310.0,7591783,-2687,-912,-18,-3618,,64.63,63.05,44.95,1399.52,1263.98,False,False,False
2025-05-20,1315.0,5952630,747,-563,-59,126,,55.78,60.63,45.69,1398.11,1262.39,False,False,False
2025-05-21,1340.0,4523644,1090,-570,-122,397,,57.19,59.48,49.38,1398.7,1265.8,False,False,False
2025-05-22,1325.0,3388750,-120,-353,-167,-640,,47.01,55.33,47.31,1394.07,1265.93,False,False,False
2025-05-23,1315.0,4462357,-1163,-289,-191,-1642,,33.72,48.13,45.92,1393.67,1264.83,False,False,False
2025-05-26,1280.0,7955667,-2772,-541,-246,-3558,,24.07,40.11,41.35,1387.6,1260.9,False,False,False
2025-05-27,1280.0,6608314,-1802,195,-313,-1920,,19.08,33.1,41.35,1385.82,1255.68,False,False,False
2025-05-28,1280.0,8817184,-1167,-535,-52,-1755,,15.89,27.36,41.35,1379.4,1253.1,True,False,False
2025-05-29,1260.0,20205556,-4018,-396,112,-4302,,10.6,21.77,38.6,1377.55,1245.95,True,False,False
2025-06-02,1260.0,11219790,-1410,-1266,-84,-2760,,15.4,19.65,38.6,1379.37,1240.13,True,False,False
2025-06-03,1275.0,5807284,-643,334,38,-271,,23.31,20.87,41.95,1379.82,1237.68,True,True,False
2025-06-04,1275.0,10763483,2620,-4760,78,-2063,,29.18,23.64,41.95,1380.03,1236.97,False,False,False
2025-06-05,1245.0,16144910,1178,-5987,135,-4674,,24.0,23.76,37.24,1382.63,1231.37,False,False,False
2025-06-06,1280.0,10993646,5167,-3863,10,1314,,38.22,28.58,45.0,1382.73,1230.27,False,False,False
2025-06-09,1285.0,8132095,3174,-3878,60,-645,,49.92,35.69,46.03,1380.79,1228.21,False,False,False
2025-06-10,1335.0,11936093,5543,-3268,171,2446,,66.62,46.0,55.06,1382.88,1228.12,False,False,False
2025-06-11,1315.0,12029172,1822,-3880,30,-2027,,69.05,53.68,51.36,1377.49,1229.51,False,False,False
2025-06-12,1285.0,11678446,1272,-4247,-52,-3027,,61.97,56.45,46.33,1369.14,1230.36,False,False,False
2025-06-13,1250.0,9534606,-3407,5,-75,-3477,,45.86,52.92,41.25,1358.14,1229.36,False,False,False
2025-06-16,1255.0,4284348,-393,-150,-125,-668,,36.64,47.49,42.22,1345.4,1231.1,False,False,False
2025-06-17,1275.0,5831116,-231,-379,227,-383,,36.54,43.84,46.08,1342.98,1230.02,False,False,False
2025-06-18,1285.0,5972295,768,-320,-83,365,,37.7,41.79,47.94,1339.87,1230.13,False,False,False
2025-06-19,1265.0,4944842,-632,-513,275,-870,,30.39,37.99,44.61,1330.23,1232.27,False,False,False
2025-06-20,1250.0,5606034,-730,-713,115,-1328,,21.93,32.64,42.24,1323.78,1231.22,False,False,False
2025-06-23,1255.0,4528761,-488,-196,161,-522,,22.95,29.41,43.32,1318.26,1230.74,False,False,False
2025-06-24,1270.0,4576079,-339,-35,251,-122,,34.05,30.96,46.56,1317.72,1230.28,False,True,False
2025-06-25,1295.0,6418795,1551,36,142,1729,,53.81,38.58,51.52,1319.41,1230.09,False,False,False
2025-06-26,1290.0,5312078,-985,-16,207,-794,,64.76,47.31,50.51,1320.38,1230.12,False,False,False
2025-06-27,1285.0,5979958,1053,-1292,42,-197,,69.84,54.82,49.46,1321.23,1231.77,False,False,False
2025-06-30,1250.0,7970814,-1819,-1403,359,-2863,,57.67,55.77,42.79,1321.72,1230.28,False,False,False
2025-07-01,1275.0,8803695,2098,-668,239,1670,,59.28,56.94,48.17,1321.72,1230.28,False,False,False
2025-07-02,1295.0,7261051,318,-336,282,264,,68.69,60.86,52.05,1323.5,1230.5,False,False,False
2025-07-03,1270.0,11872297,3293,-5584,-579,-2870,,64.54,62.08,47.28,1322.41,1234.09,False,False,False
2025-07-04,1290.0,7363385,3732,-1356,28,2403,,67.27,63.81,51.14,1323.22,1234.28,False,False,False
2025-07-07,1280.0,4549857,-466,-978,-37,-1480,,63.03,63.55,49.2,1322.88,1234.12,False,False,False
2025-07-08,1270.0,3658204,-584,172,24,-388,,54.14,60.41,47.27,1310.86,1239.64,False,False,False
2025-07-09,1355.0,14460572,5284,727,63,6074,,67.91,62.91,61.2,1324.76,1229.74,False,True,False
2025-07-10,1400.0,12339983,1545,785,-185,2144,,78.61,68.15,66.28,1355.65,1210.35,False,False,True
2025-07-11,1420.0,10428598,639,104,-233,510,,85.74,74.01,68.26,1384.75,1198.25,False,False,True
2025-07-14,1385.0,6067428,-469,117,-155,-507,,82.97,76.99,61.44,1398.39,1197.61,False,False,True
2025-07-15,1395.0,4659162,-509,-74,45,-538,,83.27,79.09,62.59,1412.61,1195.39,False,False,True
2025-07-16,1410.0,6099561,343,-108,-76,159,,86.69,81.62,64.31,1428.24,1192.26,False,False,True
2025-07-17,1390.0,5516070,-1171,-443,97,-1517,,84.68,82.64,60.33,1437.6,1195.4,False,False,True
2025-07-18,1410.0,5064123,1774,-74,21,1721,,87.63,84.31,62.81,1448.21,1200.79,False,False,True
2025-07-21,1425.0,6030920,-69,-145,86,-128,,87.72,85.44,64.6,1459.92,1206.08,False,False,True
2025-07-22,1430.0,8242534,2588,-194,-63,2331,,83.04,84.64,65.2,1471.33,1210.67,False,False,True
2025-07-23,1430.0,5013381,-249,-40,123,-166,,77.58,82.29,65.2,1481.97,1213.53,False,False,True
2025-07-24,1430.0,5122916,365,-395,54,25,,73.94,79.51,65.2,1490.88,1218.62,False,False,True
2025-07-25,1430.0,5942860,1787,-86,-15,1686,,71.52,76.84,65.2,1497.93,1226.07,False,False,True
2025-07-28,1400.0,7334211,-610,-394,239,-766,,54.82,69.5,57.34,1495.61,1243.39,False,False,True
2025-07-29,1360.0,10316682,-1421,-267,424,-1264,0.29,39.72,59.58,48.89,1491.93,1255.57,False,False,True
2025-07-30,1380.0,5754600,266,-265,205,206,-0.06,36.01,51.72,52.65,1490.22,1265.78,False,False,True
2025-07-31,1370.0,9291286,-1124,-644,88,-1681,0.1,32.7,45.38,50.64,1483.23,1282.77,False,False,True
2025-08-01,1350.0,6495615,-2055,-61,65,-2050,0.21,24.7,38.49,46.8,1477.74,1294.26,False,False,True
2025-08-04,1330.0,5214085,-967,-204,-558,-1728,0.06,16.47,31.15,43.27,1470.26,1306.74,False,False,True
2025-08-05,1340.0,3858955,-1225,-113,-134,-1472,0.02,13.75,25.35,45.48,1456.6,1327.4,True,False,True
2025-08-06,1320.0,5970701,-204,-93,-610,-907,0.11,9.17,19.96,41.95,1460.7,1319.8,True,False,False
2025-08-07,1355.0,5689384,1006,14,-420,600,-0.26,15.84,18.58,49.36,1459.99,1316.01,True,False,False
2025-08-08,1350.0,5865744,-1211,-117,-30,-1359,0.02,23.89,20.35,48.41,1456.75,1312.25,True,True,False
2025-08-11,1355.0,3971509,-24,-126,28,-123,-0.01,33.88,24.86,49.46,1456.44,1309.56,False,False,False
2025-08-12,1360.0,3496091,-211,-90,-4,-305,-0.03,43.1,30.94,50.54,1455.15,1307.35,False,False,True
2025-08-13,1370.0,8333913,-131,-1,-4,-136,-0.05,54.37,38.75,52.72,1452.03,1306.47,False,False,True
2025-08-14,1390.0,4747498,616,-11,60,664,-0.11,67.36,48.29,56.82,1452.03,1306.47,False,False,True
2025-08-15,1370.0,4475553,-747,-135,69,-813,0.06,65.74,54.1,51.97,1448.66,1305.84,False,False,True
2025-08-18,1410.0,7238014,2436,326,74,2836,-0.47,77.16,61.79,59.43,1446.09,1306.91,False,False,True
2025-08-19,1390.0,6589846,-100,115,-35,-20,0.13,70.74,64.77,54.84,1439.78,1309.22,False,False,True
2025-08-20,1355.0,7113575,-1099,179,159,-761,0.08,54.18,61.24,47.88,1431.04,1310.46,False,False,True
2025-08-21,1365.0,4554398,46,-46,36,35,-0.04,45.38,55.95,49.84,1420.96,1314.04,False,False,True
2025-08-22,1365.0,2800266,124,-75,-6,43,-0.02,38.09,50.0,49.84,1408.89,1319.61,False,False,True
2025-08-25,1410.0,5280140,2016,30,170,2215,-0.2,50.89,50.3,58.07,1411.26,1318.24,False,True,True
2025-08-26,1400.0,5465231,-1044,-139,12,-1172,0.09,55.49,52.03,55.87,1415.77,1317.73,False,False,True
2025-08-27,1400.0,3506996,383,-227,97,253,-0.05,58.56,54.21,55.87,1418.69,1316.81,False,False,True
2025-08-28,1385.0,3889428,126,-300,49,-125,-0.0,54.73,54.38,52.43,1420.01,1316.99,False,False,True
2025-08-29,1370.0,4055886,-1056,-418,28,-1445,0.06,46.29,51.68,49.16,1420.27,1318.73,False,False,True
2025-09-01,1360.0,3937354,-234,-70,-38,-341,-0.01,38.55,47.31,47.06,1418.53,1323.47,False,False,True
2025-09-02,1360.0,3365146,455,31,7,494,-0.03,33.39,42.67,47.06,1417.58,1326.42,False,False,True
2025-09-03,1395.0,4795588,1371,197,7,1576,-0.19,47.26,44.2,54.89,1415.26,1336.24,False,True,True
2025-09-04,1385.0,3501155,526,42,12,580,0.01,50.95,46.45,52.5,1415.7,1338.8,False,False,True
2025-09-05,1435.0,9434638,4434,-70,61,4425,-0.21,67.3,53.4,61.53,1425.64,1337.36,False,False,True
2025-09-08,1430.0,6680707,737,-56,-194,487,0.0,69.11,58.64,60.29,1432.54,1337.96,False,False,True
2025-09-09,1510.0,11956440,4794,-414,480,4861,-0.18,78.4,65.22,70.49,1464.46,1321.04,False,False,True
2025-09-10,1490.0,6863070,-156,-308,-65,-530,0.09,79.72,70.05,65.93,1481.65,1315.85,False,False,True
2025-09-11,1480.0,4767141,636,-184,-85,367,-0.04,78.63,72.91,63.71,1493.59,1312.91,False,False,True
2025-09-12,1485.0,4412355,114,-209,197,103,0.05,78.46,74.76,64.36,1504.89,1313.11,False,False,True
2025-09-15,1485.0,2858166,332,53,23,407,-0.08,77.87,75.8,64.36,1514.5,1311.0,False,False,True
2025-09-16,1535.0,8933496,1960,470,174,2603,-0.02,83.22,78.27,70.46,1534.75,1305.25,False,False,True
2025-09-17,1510.0,4850205,-343,-63,-246,-651,0.0,81.04,79.19,64.51,1544.93,1310.57,False,False,True
2025-09-18,1510.0,3898960,-131,56,22,-52,-0.03,77.64,78.68,64.51,1553.77,1316.23,False,False,True
2025-09-19,1440.0,14627316,-4323,-439,-78,-4840,0.41,53.27,70.21,50.64,1552.85,1324.65,False,False,True
2025-09-22,1405.0,9812784,-1302,-374,157,-1518,0.26,36.66,59.03,45.39,1552.89,1324.11,False,False,True
2025-09-23,1375.0,12576021,-6612,-266,168,-6709,0.4,24.44,47.5,41.42,1553.94,1320.56,False,False,False
2025-09-24,1330.0,12755552,-5020,-467,326,-5161,0.14,16.3,37.1,36.3,1559.02,1308.48,False,False,False
2025-09-25,1345.0,8286782,-3065,-60,77,-3049,0.03,13.19,29.13,39.0,1561.5,1302.0,True,False,False
2025-09-26,1310.0,7611319,-3362,-98,52,-3407,0.0,8.79,22.35,35.24,1567.01,1290.49,True,False,False
2025-09-30,1315.0,8306274,-2068,-198,114,-2153,0.26,9.13,17.94,36.19,1570.8,1282.2,True,False,False
2025-10-01,1285.0,7751607,-3577,-518,110,-3985,0.19,6.09,13.99,33.06,1577.82,1267.68,True,False,False
2025-10-02,1280.0,10088897,-3111,-322,172,-3261,0.1,4.06,10.68,32.56,1584.44,1249.56,True,False,False
2025-10-03,1320.0,7236351,-608,-122,383,-347,0.04,11.59,10.98,40.4,1586.25,1241.25,True,True,False
2025-10-07,1325.0,7486053,-1145,-166,127,-1184,-0.01,19.73,13.9,41.32,1584.86,1231.64,True,False,False
2025-10-08,1335.0,5299148,27,11,94,132,-0.16,34.72,20.84,43.2,1582.74,1224.26,True,False,False
2025-10-09,1345.0,5265459,-502,-88,115,-475,0.31,47.22,29.63,45.1,1568.95,1221.55,False,False,False
2025-10-13,1315.0,8122847,-2905,52,180,-2672,0.22,44.44,34.57,40.7,1557.72,1215.28,False,False,False
2025-10-14,1305.0,5948388,-380,-545,49,-876,-0.33,38.89,36.01,39.33,1546.72,1208.78,False,False,False
2025-10-15,1315.0,4631857,-555,-107,124,-538,-0.03,38.89,36.97,41.46,1532.52,1205.98,False,False,False
2025-10-16,1330.0,4051576,851,-662,138,326,-0.01,44.44,39.46,44.6,1516.12,1206.88,False,False,False
2025-10-17,1330.0,8663045,688,-368,26,346,0.02,47.28,42.07,44.6,1482.91,1219.59,False,False,False
2025-10-20,1340.0,3725225,-185,-292,61,-417,-0.14,50.57,44.9,46.81,1451.16,1234.34,False,False,False
2025-10-21,1340.0,4220554,-637,-241,91,-787,0.06,52.76,47.52,46.81,1408.82,1259.68,False,False,False
2025-10-22,1330.0,3868924,-847,-205,190,-862,0.27,49.46,48.17,44.74,1384.27,1273.23,False,False,False
2025-10-23,1295.0,8788088,-3500,-274,84,-3690,0.07,35.35,43.89,38.35,1367.65,1278.85,False,False,False
2025-10-27,1335.0,5937221,772,542,205,1519,-0.13,45.0,44.26,47.57,1358.93,1283.57,False,True,False
2025-10-28,1315.0,5361231,-1246,-140,98,-1288,0.07,41.9,43.48,44.02,1358.04,1282.96,False,False,False
2025-10-29,1300.0,8508525,-2396,-212,68,-2539,0.46,32.7,39.88,41.53,1355.0,1281.5,False,False,False
2025-10-30,1310.0,5817287,939,-98,78,919,-0.0,31.32,37.03,43.82,1355.0,1281.5,False,False,False
2025-10-31,1310.0,7731098,-1040,-104,412,-733,0.21,31.14,35.07,43.82,1354.91,1281.09,False,False,False
2025-11-03,1300.0,11818214,-2324,-223,9,-2538,-0.43,29.65,33.26,41.91,1353.37,1284.13,False,False,False
2025-11-04,1315.0,6554186,2866,-15,20,2871,-0.1,37.71,34.74,45.72,1350.04,1290.96,False,True,False
2025-11-05,1330.0,7083306,933,68,97,1098,-0.17,52.92,40.8,49.3,1350.84,1291.16,False,False,False
2025-11-06,1290.0,8025111,-3216,36,116,-3064,0.28,40.84,40.81,41.45,1352.06,1286.44,False,False,False
2025-11-07,1260.0,8573403,-3632,62,95,-3475,0.15,27.22,36.28,36.73,1356.78,1274.22,False,False,False
2025-11-10,1250.0,5623223,-1498,-82,-89,-1670,0.14,18.15,30.24,35.28,1359.01,1262.49,False,False,False
2025-11-11,1240.0,6110008,-1628,-65,1,-1692,-0.01,12.1,24.19,33.85,1364.62,1249.38,True,False,False
2025-11-12,1245.0,4410578,-402,-112,107,-407,0.02,9.92,19.43,35.27,1367.96,1240.04,True,False,False
2025-11-13,1245.0,3456429,-206,-24,5,-225,-0.02,10.12,16.33,35.27,1369.39,1231.61,True,False,False
2025-11-14,1230.0,4560804,-906,51,-185,-1041,-0.03,8.33,13.66,32.82,1369.69,1221.31,True,False,False
2025-11-17,1230.0,4963056,-135,-73,-61,-270,0.05,7.14,11.49,32.82,1368.29,1212.71,True,False,False
2025-11-18,1170.0,10222030,-3522,302,154,-3066,-0.0,4.76,9.25,24.84,1373.04,1190.96,True,False,False
2025-11-19,1160.0,7084197,-526,53,-200,-674,0.04,5.47,7.99,23.8,1374.85,1171.15,True,False,False
2025-11-20,1185.0,7617511,-291,213,55,-22,0.04,13.37,9.78,31.51,1371.1,1160.4,True,True,False
2025-11-21,1145.0,7912862,-2030,376,286,-1368,-0.03,12.49,10.68,26.83,1375.51,1140.99,True,False,False
2025-11-24,1150.0,10115078,-1096,342,128,-625,0.06,13.45,11.61,28.27,1369.9,1128.1,True,False,False
2025-11-25,1185.0,7621993,-702,480,53,-169,0.03,23.63,15.62,37.5,1362.43,1122.57,True,False,False
2025-11-26,1300.0,12757928,503,442,228,1173,0.53,49.09,26.77,57.06,1362.43,1122.57,False,False,False
2025-11-27,1340.0,20617533,-355,1654,25,1324,-0.15,61.89,38.48,61.57,1368.16,1119.84,False,False,False
2025-11-28,1395.0,20747611,7180,539,384,8104,-0.41,72.81,49.92,66.74,1386.9,1109.6,False,False,True
2025-12-01,1445.0,20715349,3201,1930,377,5508,0.24,81.35,60.4,70.61,1418.56,1092.44,False,False,True
2025-12-02,1415.0,11909886,1315,612,40,1966,-0.17,83.02,67.94,65.67,1436.83,1084.17,False,False,True
2025-12-03,1400.0,10101740,1691,17,139,1847,0.05,82.62,72.83,63.29,1448.72,1079.28,False,False,True
2025-12-04,1405.0,6588595,1457,-11,49,1494,0.1,82.59,76.09,63.76,1464.75,1074.75,False,False,False
2025-12-05,1425.0,7989290,1897,-46,32,1883,-0.03,84.3,78.83,65.66,1484.87,1071.13,False,False,False
2025-12-08,1440.0,6112182,1909,30,129,2067,-0.14,86.81,81.49,67.06,1506.07,1068.93,False,False,False
2025-12-09,1420.0,5330190,-140,23,115,-2,-0.0,81.33,81.44,63.36,1521.56,1071.44,False,False,False
2025-12-10,1460.0,9199887,3320,-14,474,3780,0.14,87.56,83.48,67.25,1542.27,1072.23,False,True,False
2025-12-11,1395.0,10005124,-3383,-97,-20,-3501,0.02,62.81,76.59,56.71,1550.98,1078.52,False,False,False
2025-12-12,1405.0,5427610,-164,-165,593,264,0.33,52.29,68.49,57.8,1559.48,1087.52,False,False,False
2025-12-15,1420.0,10012197,1317,106,209,1632,0.16,51.53,62.84,59.46,1568.43,1097.57,False,False,False
2025-12-16,1420.0,9341946,108,6,-96,18,0.46,51.02,58.9,59.46,1570.82,1120.18,False,False,False
2025-12-17,1425.0,9223276,-216,483,535,802,0.15,52.76,56.85,60.07,1568.78,1148.72,False,False,False
2025-12-18,1420.0,5601522,-1411,399,518,-494,0.34,51.84,55.18,59.12,1565.35,1175.65,False,False,False
2025-12-19,1410.0,8310030,-1843,217,366,-1259,-0.17,47.06,52.48,57.16,1547.61,1219.89,False,False,True
2025-12-22,1400.0,6073797,-1186,305,166,-715,-0.66,39.71,48.22,55.2,1517.68,1274.82,False,False,True
2025-12-23,1390.0,5671118,-1597,261,-1,-1338,-0.14,30.92,42.45,53.23,1476.62,1336.38,False,False,True
2025-12-24,1380.0,3385989,-1078,-141,61,-1157,0.08,20.61,35.17,51.26,1461.58,1359.42,False,False,True
2025-12-26,1385.0,3219060,-1286,442,114,-731,0.09,15.96,28.77,52.22,1453.72,1371.78,False,False,True
2025-12-29,1420.0,6672115,-770,850,218,299,0.08,28.42,28.65,58.35,1454.21,1373.79,True,False,True
2025-12-30,1420.0,4492497,-1040,548,189,-303,0.12,36.72,31.34,58.35,1450.37,1375.13,False,True,True
2025-12-31,1430.0,6748078,455,577,102,1134,0.04,48.29,36.99,60.05,1451.9,1375.1,False,False,True
2026-01-02,1470.0,12570809,-371,984,723,1336,-0.33,58.28,44.09,66.02,1462.35,1371.65,False,False,True
2026-01-05,1525.0,14470072,213,1342,886,2441,-0.19,71.08,53.08,72.17,1488.81,1357.19,False,False,True
2026-01-06,1485.0,8513790,-2309,302,-111,-2118,0.12,70.72,58.96,63.2,1497.42,1354.58,False,False,True
2026-01-07,1490.0,7517221,-473,740,117,384,-0.17,71.59,63.17,63.81,1505.28,1351.72,False,False,True
2026-01-08,1445.0,9055715,-1172,18,-526,-1680,-0.06,62.17,62.84,55.03,1506.77,1352.73,False,False,True
2026-01-09,1420.0,8606613,-909,-234,-27,-1170,-0.02,50.34,58.67,50.85,1503.52,1351.98,False,False,True
2026-01-12,1445.0,4496882,112,-347,-41,-276,-0.01,45.1,54.15,54.57,1504.76,1355.74,False,False,True
2026-01-13,1485.0,10707392,3786,-635,29,3181,-0.35,50.35,52.88,59.81,1511.59,1356.91,False,False,True
2026-01-14,1500.0,6438448,760,40,-77,723,-0.23,58.21,54.66,61.6,1520.6,1355.9,False,True,True
2026-01-15,1490.0,8207614,1513,-598,-119,797,0.04,60.54,56.62,59.69,1526.74,1356.76,False,False,True
2026-01-16,1505.0,11159846,2626,-256,-95,2275,-0.14,67.64,60.29,61.61,1534.86,1356.64,False,False,True
2026-01-19,1485.0,5943945,-1182,-187,-105,-1474,-0.0,66.3,62.29,57.67,1538.89,1359.11,False,False,True
2026-01-20,1485.0,6508709,327,120,-24,423,-0.08,65.41,63.33,57.67,1542.04,1363.46,False,False,True
2026-01-21,1465.0,8818222,36,-863,29,-797,0.0,58.76,61.81,53.68,1541.88,1370.12,False,False,True
2026-01-22,1485.0,8378753,1160,-81,21,1100,-0.06,59.17,60.93,56.89,1541.62,1379.88,False,False,True
2026-01-23,1630.0,24256744,9517,-1392,769,8895,1.23,72.78,64.88,72.02,1575.91,1370.59,False,True,True
2026-01-26,1770.0,24725299,1200,982,-40,2142,0.08,79.89,69.89,79.5,1653.37,1331.63,False,False,True
2026-01-27,1775.0,12659900,1402,381,-53,1729,-0.21,82.54,74.1,79.71,1710.87,1309.63,False,False,True
2026-01-28,1780.0,10480567,-1016,585,31,-399,-0.1,84.76,77.66,79.93,1757.35,1299.15,False,False,True
2026-01-29,1780.0,10329367,1842,-86,-31,1725,-0.06,86.23,80.52,79.93,1795.77,1295.73,False,False,True
2026-01-30,1760.0,11234997,-542,404,-174,-313,-0.33,85.42,82.15,76.1,1824.97,1295.53,False,False,True
2026-02-02,1705.0,10073770,-2088,259,-269,-2098,0.09,79.92,81.41,66.65,1841.07,1297.43,False,False,True
2026-02-03,1795.0,11841933,1085,857,308,2250,0.5,84.26,82.36,72.64,1871.3,1298.2,False,True,True
2026-02-04,1800.0,11777248,-532,222,296,-15,0.36,87.25,83.99,72.93,1898.52,1301.98,False,False,True
2026-02-05,1770.0,16289216,688,761,60,1509,-0.8,79.15,82.38,68.24,1914.57,1318.43,False,False,True
2026-02-06,1710.0,11897828,-3750,260,-357,-3847,-0.67,58.94,74.57,59.94,1916.78,1345.22,False,False,True
2026-02-09,1830.0,12809280,4159,318,229,4705,0.13,65.42,71.52,68.26,1935.14,1365.36,False,False,True
2026-02-10,1845.0,11214078,-654,548,-87,-192,0.06,72.44,71.83,69.12,1954.67,1381.83,False,True,True
2026-02-11,1855.0,8732306,369,6,-179,196,-0.15,78.93,74.19,69.71,1972.51,1399.49,False,False,True
2026-02-23,1795.0,17358721,-4503,88,-131,-4546,0.04,71.42,73.27,62.04,1976.07,1426.43,False,False,True
2026-02-24,1825.0,7063638,1607,-114,55,1548,0.11,71.3,72.61,64.16,1981.0,1453.5,False,False,True
2026-02-25,1870.0,8467982,3068,-42,-185,2840,-0.13,79.11,74.78,67.13,1984.61,1488.39,False,True,True
2026-02-26,1945.0,14552360,758,310,107,1174,0.1,82.57,77.37,71.39,1994.38,1524.62,False,False,True
2026-03-02,1900.0,9622026,-813,195,-145,-763,-0.06,79.6,78.12,65.88,1978.92,1583.58,False,False,True
2026-03-03,1815.0,11048054,-3590,-8,-161,-3760,0.09,61.6,72.61,56.93,1938.07,1657.43,False,False,True
2026-03-04,1720.0,12334830,-3064,334,-131,-2861,0.07,41.71,62.31,48.94,1924.53,1679.97,False,False,True
2026-03-05,1775.0,8337045,-1556,-9,-217,-1782,-0.02,35.5,53.37,53.05,1924.52,1680.48,False,False,True
2026-03-06,1765.0,4669229,-955,-65,55,-966,0.04,30.07,45.61,52.23,1924.58,1679.42,False,False,True
2026-03-09,1665.0,12529102,-2272,495,106,-1672,-0.2,25.07,38.76,44.75,1933.13,1659.37,False,False,True
2026-03-10,1705.0,5620606,-593,-109,-86,-788,0.08,25.39,34.3,47.96,1935.24,1649.76,False,False,True
2026-03-11,1765.0,6109945,-948,-97,328,-717,0.07,31.08,33.23,52.42,1935.26,1650.24,False,False,True
2026-03-12,1785.0,6611202,-730,-283,52,-961,0.07,38.13,34.87,53.84,1933.26,1660.24,False,True,True
2026-03-13,1720.0,7254798,-3479,-194,-86,-3759,0.14,37.65,35.79,48.75,1933.76,1652.24,False,False,True
2026-03-16,1710.0,4716006,-685,-262,70,-877,0.02,41.36,37.65,47.99,1934.0,1643.0,False,False,True
2026-03-17,1730.0,4685106,-544,-113,46,-611,-0.02,47.08,40.79,49.67,1934.15,1638.85,False,False,True
2026-03-18,1730.0,6292375,-921,-156,60,-1017,-0.03,50.9,44.16,49.67,1933.23,1641.77,False,False,True
2026-03-19,1680.0,8011625,-3005,-222,-80,-3307,0.09,45.32,44.55,45.43,1931.83,1628.17,False,False,True
2026-03-20,1700.0,8267553,1100,-223,17,895,-0.03,39.59,42.89,47.36,1925.36,1620.14,False,False,True
2026-03-23,1625.0,7225878,-1675,14,-12,-1673,0.16,30.27,38.68,41.43,1922.2,1600.3,False,False,False
2026-03-24,1620.0,5766587,145,-129,-106,-90,-0.03,23.28,33.55,41.06,1924.38,1580.62,False,False,False
2026-03-25,1620.0,6144537,-843,-168,73,-939,0.19,20.12,29.07,41.06,1920.26,1564.24,False,False,False
2026-03-26,1590.0,7833984,-2166,-339,8,-2497,-0.05,13.41,23.85,38.66,1907.99,1548.51,False,False,False
2026-03-27,1585.0,7673536,545,-785,231,-9,-0.11,15.61,21.1,38.26,1869.54,1550.96,True,False,False
2026-03-30,1510.0,8234525,-1259,96,-2,-1165,0.14,11.1,17.77,32.77,1847.7,1533.8,True,False,False
2026-03-31,1490.0,11429002,313,-856,365,-177,-0.15,7.4,14.31,31.47,1844.08,1504.92,True,False,False
2026-04-01,1465.0,11745526,-3537,-63,136,-3464,0.28,5.59,11.4,29.88,1853.78,1469.72,True,False,False
2026-04-02,1465.0,9301597,-824,-27,11,-840,0.02,6.75,9.85,29.88,1849.51,1442.99,True,False,False
2026-04-07,1470.0,7645561,-829,-686,126,-1390,0.06,10.18,9.96,30.69,1841.19,1421.81,True,True,False
2026-04-08,1580.0,14575742,-81,-55,199,62,0.07,28.06,15.99,45.63,1837.52,1416.98,True,False,False
2026-04-09,1575.0,8422977,-728,-178,-79,-985,0.01,41.72,24.57,45.16,1828.93,1412.57,False,False,False
2026-04-10,1575.0,5738781,-1441,-276,2,-1716,-0.1,55.43,34.86,45.16,1808.78,1413.72,False,False,False
2026-04-13,1620.0,9234745,439,-525,11,-75,0.3,63.91,44.54,50.55,1782.98,1423.02,False,False,False
2026-04-14,1720.0,12902742,121,143,142,406,0.64,73.29,54.13,59.97,1782.98,1423.02,False,False,True
2026-04-15,1790.0,22780413,4491,264,334,5089,-0.08,77.78,62.01,64.99,1800.07,1413.93,False,False,True
2026-04-16,1895.0,17931934,1180,1386,681,3247,0.97,82.85,68.96,70.89,1841.67,1388.83,False,False,True
2026-04-17,1925.0,16759982,5340,1284,148,6772,-0.24,86.66,74.86,72.33,1886.33,1363.67,False,False,True
2026-04-20,1900.0,11656022,-45,170,-29,95,-0.19,86.4,78.71,69.26,1924.22,1347.78,False,False,True
2026-04-21,2090.0,19459855,4321,1052,269,5643,1.02,90.93,82.78,77.18,2007.63,1303.37,False,False,True
2026-04-22,2295.0,24343038,-568,2528,227,2188,0.64,93.95,86.51,82.44,2141.96,1236.04,False,False,True
2026-04-23,2215.0,29760982,747,595,232,1574,-0.71,90.38,87.8,75.16,2227.37,1210.13,False,False,True
2026-04-24,2435.0,22985015,829,1769,119,2717,0.39,93.58,89.72,80.31,2357.54,1161.46,False,False,True
2026-04-27,2435.0,25538897,144,566,162,872,0.07,89.93,89.79,80.31,2465.19,1138.31,False,False,True
2026-04-28,2615.0,24314216,1191,1215,-44,2362,0.61,90.97,90.18,83.54,2600.46,1106.04,False,False,True
2026-04-29,2575.0,13156720,-2003,1374,-66,-695,-0.07,89.76,90.04,80.38,2701.01,1111.99,False,False,True
2026-04-30,2610.0,17532158,1447,75,-101,1421,-0.43,90.01,90.03,81.06,2790.58,1134.42,False,False,True
2026-05-04,2870.0,4019865,-823,-121,41,-903,0.9,93.34,91.13,85.15,2919.44,1146.06,False,True,True
2026-05-05,3155.0,10091886,2021,47,13,2081,-0.68,95.56,92.61,88.17,3093.69,1140.81,False,False,True
2026-05-06,3430.0,39638460,4225,594,-375,4444,-1.33,96.01,93.74,90.23,3305.02,1125.48,False,False,True
2026-05-07,3420.0,8465341,-879,-62,92,-850,-0.12,95.88,94.46,89.62,3478.82,1135.68,False,False,True
2026-05-08,3630.0,9525653,-501,185,213,-102,0.41,96.2,95.04,91.0,3668.41,1151.59,False,False,True
2026-05-11,3880.0,8690923,-372,18,-175,-528,0.31,95.13,95.07,92.31,3880.17,1170.33,False,False,True
2026-05-12,3700.0,11090404,-1730,-99,28,-1801,0.07,90.36,93.5,82.94,4010.65,1247.85,False,False,True
2026-05-13,3495.0,9694046,-692,-129,109,-711,0.22,82.07,89.69,73.76,4081.4,1354.6,False,False,True
2026-05-14,3405.0,7103890,-263,-159,-53,-475,-0.09,70.71,83.36,70.1,4121.42,1476.08,False,False,True
2026-05-15,3260.0,7341025,335,-348,-268,-281,-0.04,51.35,72.69,64.53,4132.97,1601.03,False,False,True
2026-05-18,3400.0,7040537,-482,-124,36,-570,0.55,44.22,63.2,67.24,4146.06,1735.44,False,False,True
2026-05-19,3155.0,10055471,-1084,-490,-312,-1885,0.44,31.55,52.65,58.79,4107.05,1899.95,False,False,True
2026-05-20,3230.0,9296108,-1688,-26,156,-1558,0.91,25.93,43.74,60.43,4079.95,2041.05,False,False,True
2026-05-21,3550.0,5983092,-431,-400,282,-549,0.14,34.24,40.57,66.54,4097.81,2148.69,False,False,True
2026-05-22,3860.0,20839466,-1570,1537,452,418,0.5,54.1,45.08,71.19,4133.88,2277.12,False,True,True
2026-05-25,4245.0,4616291,-1175,-961,169,-1966,0.6,69.4,53.19,75.7,4260.32,2331.68,False,False,True
2026-05-26,4265.0,19540872,1367,-598,207,976,0.01,75.25,60.54,75.91,4355.11,2419.89,False,False,True
2026-05-27,4640.0,18260840,2998,-1280,127,1846,-0.36,82.45,67.84,79.51,4536.48,2441.02,False,False,True
2026-05-28,4410.0,16433052,-856,-624,-72,-1552,-0.54,82.43,72.71,72.37,4612.58,2548.42,False,False,True
2026-05-29,4310.0,23109791,-2325,-1021,-130,-3476,0.73,80.32,75.24,69.45,4639.42,2691.58,False,False,True
2026-06-01,4555.0,20083897,3787,-461,-177,3149,-0.01,83.56,78.01,72.39,4725.44,2774.06,False,False,True
2026-06-02,4525.0,15626708,-661,-746,-392,-1799,0.03,79.56,78.53,71.49,4810.36,2826.14,False,False,True
2026-06-03,4545.0,10480184,707,-908,63,-138,0.12,75.43,77.5,71.74,4899.01,2848.99,False,False,True
2026-06-04,4430.0,11204169,317,-331,-67,-80,0.05,60.84,71.94,67.99,4954.84,2894.16,False,False,True
2026-06-05,4300.0,11919031,415,-108,-357,-51,-0.12,47.3,63.73,63.92,4991.59,2924.41,False,False,True
2026-06-08,4070.0,16219464,-2498,536,-271,-2233,0.21,35.88,54.45,57.38,5001.56,2933.44,False,False,True
2026-06-09,4475.0,16487210,-1209,827,-162,-545,0.61,41.31,50.07,64.31,5056.07,2956.43,False,False,True
2026-06-10,4155.0,17412956,-2149,418,132,-1598,-0.56,34.63,44.92,56.49,5062.56,3015.94,False,False,True
2026-06-11,4085.0,17556610,-1438,216,133,-1089,-0.19,29.35,39.73,54.92,5052.05,3094.45,False,False,True
2026-06-12,4180.0,8765007,-232,249,7,24,-0.2,28.74,36.07,56.68,5020.53,3217.97,False,False,True
2026-06-15,4470.0,12014769,1045,536,384,1965,-0.1,43.59,38.58,61.61,5019.65,3325.85,False,True,True
2026-06-16,4560.0,11309893,1461,65,-31,1495,-0.45,57.22,44.79,63.02,4957.12,3528.88,False,False,True
2026-06-17,4460.0,9197868,-1052,-366,-19,-1437,0.09,66.37,51.98,60.37,4841.08,3767.92,False,False,True
2026-06-18,4390.0,12997743,1656,-2388,18,-714,-0.49,68.19,57.39,58.52,4749.22,3943.78,False,False,True
2026-06-22,4465.0,11596124,3651,-1913,203,1941,-0.28,72.93,62.57,59.94,4710.6,4042.9,False,False,True
2026-06-23,4535.0,18449972,1375,-1129,78,324,0.31,72.74,65.96,61.27,4726.2,4056.3,False,False,True
2026-06-24,4285.0,16421271,-2641,-1471,-39,-4151,0.19,63.41,65.11,54.32,4725.72,4058.78,False,False,True
2026-06-25,4310.0,10274439,1363,-1689,-17,-343,-0.13,50.07,60.1,54.88,4689.69,4061.81,False,False,True
2026-06-26,3880.0,24916481,-5239,-942,-1327,-7508,-0.13,33.38,51.19,44.85,4732.78,3965.72,False,False,True
2026-06-29,3910.0,11358316,1126,-616,242,752,0.1,25.2,42.53,45.6,4760.19,3898.31,False,False,True
2026-06-30,4245.0,16095233,814,-679,130,266,0.42,31.39,38.81,53.22,4732.63,3894.87,False,False,True
2026-07-01,4335.0,10163517,494,-153,30,371,-0.08,38.63,38.75,55.04,4711.41,3897.09,False,False,True
2026-07-02,4345.0,8544133,-1113,87,100,-926,0.41,43.81,40.44,55.25,4686.05,3902.45,False,True,True
2026-07-03,4195.0,12778372,-3366,-70,164,-3272,0.16,42.05,40.98,51.4,4671.24,3893.76,False,False,True
2026-07-06,4125.0,6897420,1009,-613,-59,337,-0.24,42.53,41.49,49.66,4668.66,3878.84,False,False,True
2026-07-07,4030.0,9083409,212,-164,-539,-491,-0.49,39.37,40.79,47.32,4671.39,3872.11,False,False,True
2026-07-08,3995.0,6728233,-1069,591,44,-434,0.07,36.46,39.35,46.45,4653.6,3841.9,False,False,True
2026-07-09,3925.0,7370647,-689,-215,115,-789,0.05,30.31,36.33,44.68,4665.52,3806.98,False,False,True
2026-07-13,3825.0,7033208,-773,-131,12,-893,0.06,20.21,30.96,42.21,4686.23,3760.27,False,False,True
2026-07-14,3660.0,12479607,225,161,-528,-143,-0.34,19.06,26.99,38.44,4724.41,3670.09,False,False,False
2026-07-15,3740.0,7313796,-1311,-239,1079,-471,0.07,21.38,25.12,41.19,4709.06,3612.44,True,False,False
2026-07-16,3700.0,6009689,-626,-70,75,-622,-0.03,21.86,24.04,40.22,4669.11,3566.39,False,False,False
2026-07-17,3370.0,10967157,-294,-125,-346,-766,-0.35,14.58,20.88,33.28,4683.36,3443.14,False,False,False
2026-07-20,3340.0,9227986,663,2,354,1019,-0.09,13.02,18.26,32.73,4689.41,3332.09,True,False,False
2026-07-21,3670.0,7741511,-529,44,141,-344,0.18,25.44,20.65,43.79,4630.49,3311.51,True,True,False
2026-07-22,3850.0,13766807,555,161,-294,422,0.27,40.74,27.35,48.74,4541.82,3331.68,False,False,False
2026-07-23,3875.0,8514494,564,260,188,1012,-0.15,51.92,35.54,49.4,4499.01,3333.49,False,False,False
2026-07-24,3750.0,8980102,-748,-259,302,-705,0.05,55.6,42.23,46.17,4444.57,3331.93,False,False,False
2026-07-27,3680.0,9134283,-443,-378,-100,-920,0.2,55.17,46.54,44.42,4442.33,3314.17,False,False,False
2026-07-28,3315.0,11958794,-2055,-283,-1,-2339,-0.13,39.87,44.32,36.62,4465.78,3231.22,False,False,False
2026-07-29,3150.0,16174122,-170,-1,235,65,-0.65,31.61,40.08,33.73,4455.59,3131.91,False,False,False
2026-07-30,3235.0,14125689,-2586,431,349,-1806,0.42,28.78,36.31,36.51,4394.0,3083.5,False,False,False
2026-07-31,3555.0,4033014,-1340,118,23,-1199,0.57,36.95,36.53,45.72,4292.97,3105.53,False,True,False
2026-08-03,3910.0,7516212,1146,175,129,1450,-0.13,53.57,42.21,53.74,4241.11,3128.89,False,False,False
2026-08-04,3865.0,17318591,-601,1294,-135,558,0.05,62.11,48.84,52.68,4196.04,3147.96,False,False,False
2026-08-05,4000.0,12935125,1847,-11,-192,1644,-0.0,71.07,56.25,55.52,4190.38,3150.62,False,False,True
2026-08-06,3920.0,7213332,-993,-97,-88,-1178,0.07,74.69,62.4,53.47,4177.78,3155.72,False,False,False
2026-08-07,3900.0,6607003,72,-128,-16,-73,0.14,76.52,67.1,52.95,4173.98,3157.02,False,False,False
