date,close,volume,外資,投信,自營商,三大法人合計(張),融資增減(張),K,D,KD落入20以下,出現黃金交叉,趨勢向上非鈍化,新手投資建議
2021-08-09,69.1,31514623,1764,0,0,1764,,,,False,False,False,❌ 空頭或無訊號
2021-08-10,68.4,14482232,-1629,0,0,-1629,,,,False,False,False,❌ 空頭或無訊號
2021-08-11,66.6,30722281,-3580,0,0,-3580,,,,False,False,False,❌ 空頭或無訊號
2021-08-12,67.1,8182313,-1003,0,0,-1003,,,,False,False,False,❌ 空頭或無訊號
2021-08-13,64.9,17149221,-2405,0,0,-2405,,,,False,False,False,❌ 空頭或無訊號
2021-08-16,63.8,16505608,-1842,0,0,-1842,,,,False,False,False,❌ 空頭或無訊號
2021-08-17,63.8,12126085,-954,0,0,-954,,,,False,False,False,❌ 空頭或無訊號
2021-08-18,66.7,12246057,1023,0,0,1023,,,,False,False,False,❌ 空頭或無訊號
2021-08-19,63.3,13912277,983,0,0,983,,8.08,8.08,False,False,False,❌ 空頭或無訊號
2021-08-20,63.8,10979442,310,0,0,310,,11.16,9.11,True,False,False,⭐ 弱勢反彈
2021-08-23,65.5,10754567,502,0,0,502,,23.84,14.02,True,False,False,⭐ 弱勢反彈
2021-08-24,64.5,10565221,-2497,0,0,-2497,,29.22,19.09,False,False,False,❌ 空頭或無訊號
2021-08-25,65.4,16219972,-2083,0,0,-2083,,39.21,25.79,False,False,False,❌ 空頭或無訊號
2021-08-26,66.3,11679443,-239,0,0,-239,,49.17,33.59,False,False,False,❌ 空頭或無訊號
2021-08-27,66.0,7878591,170,0,0,170,,53.99,40.39,False,False,False,❌ 空頭或無訊號
2021-08-30,67.0,7956918,317,0,0,317,,63.27,48.02,False,False,False,❌ 空頭或無訊號
2021-08-31,67.2,6218226,293,0,0,293,,69.84,55.29,False,False,False,❌ 空頭或無訊號
2021-09-01,68.1,9796932,-237,0,0,-237,,79.89,63.49,False,False,False,❌ 空頭或無訊號
2021-09-02,67.9,19828261,-1024,0,0,-1024,,76.25,67.74,False,False,False,❌ 空頭或無訊號
2021-09-03,70.0,33907332,2699,0,0,2699,,82.6,72.7,False,False,False,❌ 空頭或無訊號
2021-09-06,68.5,20849779,590,0,0,590,,76.96,74.12,False,False,False,❌ 空頭或無訊號
2021-09-07,66.5,22061012,-2363,0,0,-2363,,58.58,68.94,False,False,False,❌ 空頭或無訊號
2021-09-08,65.3,14927997,-2538,0,0,-2538,,41.83,59.9,False,False,False,❌ 空頭或無訊號
2021-09-09,67.0,7136137,-72,0,0,-72,,42.03,53.94,False,False,False,❌ 空頭或無訊號
2021-09-10,67.1,6931511,183,0,0,183,,42.67,50.18,False,False,False,❌ 空頭或無訊號
2021-09-13,67.5,7299606,-273,0,0,-273,,45.11,48.49,False,False,False,❌ 空頭或無訊號
2021-09-14,66.9,5469830,34,0,0,34,,43.71,46.9,False,False,False,❌ 空頭或無訊號
2021-09-15,67.3,11326457,-162,0,0,-162,,44.8,46.2,False,False,False,❌ 空頭或無訊號
2021-09-16,67.0,10434370,-782,0,0,-782,,44.01,45.47,False,False,False,❌ 空頭或無訊號
2021-09-17,67.4,12621050,-844,0,0,-844,,48.05,46.33,False,True,False,⭐ 弱勢反彈
2021-09-22,65.7,9540886,-99,0,0,-99,,43.4,45.35,False,False,False,❌ 空頭或無訊號
2021-09-23,66.1,5674916,263,0,0,263,,43.33,44.68,False,False,False,❌ 空頭或無訊號
2021-09-24,66.7,4887853,-143,0,0,-143,,46.38,45.25,False,True,False,⭐ 弱勢反彈
2021-09-27,66.1,4981878,120,0,0,120,,43.42,44.64,False,False,False,❌ 空頭或無訊號
2021-09-28,65.3,8316136,-2066,0,0,-2066,,35.43,41.57,False,False,False,❌ 空頭或無訊號
2021-09-29,64.7,16035774,-2279,0,0,-2279,,29.82,37.65,False,False,False,❌ 空頭或無訊號
2021-09-30,64.9,10355249,-2175,0,0,-2175,,27.63,34.31,False,False,False,❌ 空頭或無訊號
2021-10-01,64.2,14668190,228,0,0,228,,20.92,29.85,False,False,False,❌ 空頭或無訊號
2021-10-04,63.3,10772261,203,0,0,203,,13.95,24.55,False,False,False,❌ 空頭或無訊號
2021-10-05,63.3,11642969,-1662,0,0,-1662,,21.47,23.52,True,False,False,⭐ 弱勢反彈
2021-10-06,62.5,8883900,-1633,0,0,-1633,,22.25,23.1,False,False,False,❌ 空頭或無訊號
2021-10-07,62.8,13015891,-3231,0,0,-3231,,24.36,23.52,False,True,False,⭐ 弱勢反彈
2021-10-08,63.0,5089928,-626,0,0,-626,,28.58,25.21,False,False,False,❌ 空頭或無訊號
2021-10-12,62.6,9519848,-1979,0,0,-1979,,30.91,27.11,False,False,False,❌ 空頭或無訊號
2021-10-13,61.8,12129660,-1612,0,0,-1612,,26.53,26.91,False,False,False,❌ 空頭或無訊號
2021-10-14,62.1,4765459,-284,0,0,-284,,25.84,26.55,False,False,False,❌ 空頭或無訊號
2021-10-15,63.3,10230740,-2643,0,0,-2643,,35.48,29.53,False,True,False,⭐ 弱勢反彈
2021-10-18,62.5,5989232,415,0,0,415,,40.32,33.13,False,False,False,❌ 空頭或無訊號
2021-10-19,62.6,6320111,-765,0,0,-765,,44.12,36.79,False,False,False,❌ 空頭或無訊號
2021-10-20,61.9,12072245,-1557,0,0,-1557,,39.29,37.62,False,False,False,❌ 空頭或無訊號
2021-10-21,62.9,8898784,-219,0,0,-219,,48.42,41.22,False,False,False,❌ 空頭或無訊號
2021-10-22,62.6,3539517,-81,0,0,-81,,50.8,44.41,False,False,False,❌ 空頭或無訊號
2021-10-25,62.5,8714426,-1743,0,0,-1743,,51.15,46.66,False,False,False,❌ 空頭或無訊號
2021-10-26,67.0,25056902,999,0,0,999,,66.28,53.2,False,False,False,❌ 空頭或無訊號
2021-10-27,68.3,18523860,1539,0,0,1539,,76.58,60.99,False,False,False,❌ 空頭或無訊號
2021-10-28,66.7,17222034,522,0,0,522,,75.94,65.97,False,False,False,❌ 空頭或無訊號
2021-10-29,66.3,7630437,233,0,0,233,,73.63,68.53,False,False,False,❌ 空頭或無訊號
2021-11-01,67.2,7480920,378,0,0,378,,76.32,71.12,False,False,False,❌ 空頭或無訊號
2021-11-02,68.0,20415960,3366,0,0,3366,,81.01,74.42,False,False,False,❌ 空頭或無訊號
2021-11-03,68.0,9998051,1820,0,0,1820,,83.86,77.57,False,False,False,❌ 空頭或無訊號
2021-11-04,68.1,11134687,1974,0,0,1974,,85.81,80.31,False,False,False,❌ 空頭或無訊號
2021-11-05,68.9,17151540,814,0,0,814,,88.19,82.94,False,False,True,⭐ 弱勢反彈
2021-11-08,70.9,38325678,2622,0,0,2622,,92.13,86.0,False,False,True,⭐ 弱勢反彈
2021-11-09,75.3,74719573,560,0,0,560,,94.75,88.92,False,False,True,⭐ 弱勢反彈
2021-11-10,75.2,37984276,1393,0,0,1393,,92.22,90.02,False,False,True,⭐ 弱勢反彈
2021-11-11,74.2,24631729,19,0,0,19,,87.34,89.13,False,False,True,⭐ 弱勢反彈
2021-11-12,74.0,24071949,156,0,0,156,,82.62,86.96,False,False,True,⭐ 弱勢反彈
2021-11-15,74.7,18424836,716,0,0,716,,81.75,85.22,False,False,True,⭐ 弱勢反彈
2021-11-16,72.8,28423695,-986,0,0,-986,,74.5,81.65,False,False,True,⭐ 弱勢反彈
2021-11-17,71.5,24970818,-103,0,0,-103,,63.46,75.58,False,False,True,⭐ 弱勢反彈
2021-11-18,73.0,15115642,1410,0,0,1410,,61.18,70.78,False,False,True,⭐ 弱勢反彈
2021-11-19,73.7,12153263,31,0,0,31,,59.25,66.94,False,False,True,⭐ 弱勢反彈
2021-11-22,73.9,26749565,807,0,0,807,,58.99,64.29,False,False,True,⭐ 弱勢反彈
2021-11-23,74.4,14897342,-120,0,0,-120,,64.04,64.2,False,False,True,⭐ 弱勢反彈
2021-11-24,74.5,12452638,167,0,0,167,,68.88,65.76,False,True,True,⭐⭐ 偏多觀察
2021-11-25,75.6,20652313,3184,0,0,3184,,79.25,70.26,False,False,True,⭐ 弱勢反彈
2021-11-26,74.4,18964316,236,0,0,236,,77.55,72.69,False,False,True,⭐ 弱勢反彈
2021-11-29,74.5,14620133,993,0,0,993,,76.99,74.12,False,False,True,⭐ 弱勢反彈
2021-11-30,75.9,30178756,4565,0,0,4565,,81.63,76.62,False,False,True,⭐ 弱勢反彈
2021-12-01,77.0,26951975,1955,0,0,1955,,86.99,80.08,False,False,True,⭐ 弱勢反彈
2021-12-02,78.9,42056470,46,0,0,46,,88.84,83.0,False,False,True,⭐ 弱勢反彈
2021-12-03,79.9,52980809,-3199,0,0,-3199,,90.81,85.6,False,False,True,⭐ 弱勢反彈
2021-12-06,75.9,79437560,266,0,-471,-206,,75.99,82.4,False,False,True,⭐ 弱勢反彈
2021-12-07,73.6,45956415,183,0,230,413,,56.75,73.85,False,False,True,⭐ 弱勢反彈
2021-12-08,72.7,31867803,1842,0,0,1842,,40.28,62.66,False,False,True,⭐ 弱勢反彈
2021-12-09,71.0,37150136,310,0,-230,80,,27.2,50.84,False,False,True,⭐ 弱勢反彈
2021-12-10,72.7,31323383,-294,0,70,-224,,28.01,43.23,False,False,True,⭐ 弱勢反彈
2021-12-13,71.0,18881294,1013,280,-29,1264,,23.3,36.59,False,False,True,⭐ 弱勢反彈
2021-12-14,69.8,20207571,741,40,60,841,,16.46,29.88,False,False,True,⭐ 弱勢反彈
2021-12-15,70.2,11281692,-729,40,0,-689,,13.14,24.3,True,False,True,⭐⭐ 偏多觀察
2021-12-16,70.6,14453462,-303,0,191,-112,,12.66,20.42,True,False,True,⭐⭐ 偏多觀察
2021-12-17,69.9,14418197,-915,0,-19,-934,,10.19,17.01,True,False,True,⭐⭐ 偏多觀察
2021-12-20,69.3,12721642,847,0,10,857,,8.46,14.16,True,False,True,⭐⭐ 偏多觀察
2021-12-21,70.8,11394862,3932,0,-25,3907,,17.18,15.17,True,True,True,⭐⭐⭐ 黃金買點
2021-12-22,70.8,12342990,2683,0,5,2688,,22.99,17.78,True,False,True,⭐⭐ 偏多觀察
2021-12-23,70.3,9519766,494,50,88,632,,27.36,20.97,False,False,True,⭐ 弱勢反彈
2021-12-24,70.4,8174498,1332,0,100,1432,,35.53,25.82,False,False,True,⭐ 弱勢反彈
2021-12-27,70.9,9779103,1277,0,-14,1263,,47.14,32.93,False,False,True,⭐ 弱勢反彈
2021-12-28,71.4,12345078,4214,178,178,4570,,61.06,42.31,False,False,True,⭐ 弱勢反彈
2021-12-29,71.6,9131312,163,0,175,338,,70.59,51.73,False,False,True,⭐ 弱勢反彈
2021-12-30,71.2,12217366,-4740,0,109,-4631,,72.35,58.6,False,False,True,⭐ 弱勢反彈
2022-01-03,70.0,16553430,-2071,351,696,-1024,,57.21,58.14,False,False,False,❌ 空頭或無訊號
2022-01-04,69.2,17214838,-350,410,19,79,,38.14,51.47,False,False,False,❌ 空頭或無訊號
2022-01-05,69.3,11031875,527,20,-335,212,,28.87,43.94,False,False,False,❌ 空頭或無訊號
2022-01-06,68.5,14632720,-359,20,-116,-455,,23.52,37.13,False,False,False,❌ 空頭或無訊號
2022-01-07,67.5,19045075,1477,0,18,1495,,21.85,32.04,False,False,False,❌ 空頭或無訊號
2022-01-10,67.0,12010804,908,0,92,1000,,20.22,28.1,False,False,False,❌ 空頭或無訊號
2022-01-11,67.0,9369418,-578,140,229,-209,,19.13,25.11,False,False,False,❌ 空頭或無訊號
2022-01-12,66.9,7253732,1547,0,-242,1305,,18.02,22.75,True,False,False,⭐ 弱勢反彈
2022-01-13,68.2,11279436,1257,0,248,1505,,26.11,23.87,True,True,False,⭐⭐ 偏多觀察
2022-01-14,67.3,8246918,-389,0,-67,-456,,27.73,25.15,False,False,False,❌ 空頭或無訊號
2022-01-17,68.1,9174011,723,0,280,1003,,35.15,28.49,False,False,False,❌ 空頭或無訊號
2022-01-18,68.0,6387489,228,0,-114,114,,45.66,34.21,False,False,False,❌ 空頭或無訊號
2022-01-19,67.8,6262858,1256,0,-333,923,,51.13,39.85,False,False,False,❌ 空頭或無訊號
2022-01-20,67.9,4590963,512,375,-30,857,,59.42,46.37,False,False,False,❌ 空頭或無訊號
2022-01-21,67.2,8819495,-675,0,-10,-685,,51.28,48.01,False,False,False,❌ 空頭或無訊號
2022-01-24,66.2,9926392,-268,0,427,159,,45.61,47.21,False,False,False,❌ 空頭或無訊號
2022-01-25,65.6,9939641,388,0,-20,368,,36.12,43.51,False,False,False,❌ 空頭或無訊號
2022-01-26,65.2,24060235,4109,1047,-698,4458,,34.01,40.35,False,False,False,❌ 空頭或無訊號
2022-02-07,64.5,21456987,5384,0,95,5479,,33.59,38.1,False,False,False,❌ 空頭或無訊號
2022-02-08,66.1,11840873,3461,0,-449,3012,,42.51,39.57,False,True,False,⭐ 弱勢反彈
2022-02-09,66.2,11155090,1660,0,492,2152,,50.56,43.23,False,False,False,❌ 空頭或無訊號
2022-02-10,65.0,13010854,-3104,-150,-6,-3260,,48.52,45.0,False,False,False,❌ 空頭或無訊號
2022-02-11,63.9,12525853,-1765,0,38,-1727,,40.85,43.61,False,False,False,❌ 空頭或無訊號
2022-02-14,61.5,19219584,-1462,0,27,-1435,,27.23,38.15,False,False,False,❌ 空頭或無訊號
2022-02-15,60.4,19423306,-6927,0,-1122,-8049,,18.15,31.49,False,False,False,❌ 空頭或無訊號
2022-02-16,59.2,42572698,-4408,0,-678,-5087,,12.99,25.32,True,False,False,⭐ 弱勢反彈
2022-02-17,59.6,29360984,-998,0,-31,-1029,,14.61,21.75,True,False,False,⭐ 弱勢反彈
2022-02-18,59.2,11121877,-2409,0,20,-2389,,14.11,19.2,True,False,False,⭐ 弱勢反彈
2022-02-21,58.6,10295508,-2227,0,0,-2227,,11.39,16.6,True,False,False,⭐ 弱勢反彈
2022-02-22,56.6,21768907,-3843,-679,-83,-4605,,7.95,13.71,True,False,False,⭐ 弱勢反彈
2022-02-23,57.1,15310562,-280,0,0,-280,,9.66,12.36,True,False,False,⭐ 弱勢反彈
2022-02-24,53.3,25821040,786,-247,0,539,,7.14,10.62,True,False,False,⭐ 弱勢反彈
2022-02-25,53.3,20905992,1316,0,0,1316,,8.2,9.82,True,False,False,⭐ 弱勢反彈
2022-03-01,55.9,20627726,-208,-73,27,-254,,18.65,12.76,True,True,False,⭐⭐ 偏多觀察
2022-03-02,56.0,10403738,-2363,0,-27,-2390,,28.66,18.06,True,False,False,⭐ 弱勢反彈
2022-03-03,55.4,9923382,-1405,0,0,-1405,,33.87,23.33,False,False,False,❌ 空頭或無訊號
2022-03-04,54.0,10137438,-2148,0,64,-2084,,31.04,25.9,False,False,False,❌ 空頭或無訊號
2022-03-07,52.2,18611700,1368,0,-12,1356,,24.92,25.57,False,False,False,❌ 空頭或無訊號
2022-03-08,49.7,23076287,-2150,-811,0,-2961,,16.61,22.59,False,False,False,❌ 空頭或無訊號
2022-03-09,50.2,12945598,-767,-813,200,-1380,,13.6,19.59,True,False,False,⭐ 弱勢反彈
2022-03-10,51.5,10879903,1231,0,0,1231,,18.16,19.11,True,False,False,⭐ 弱勢反彈
2022-03-11,50.9,6266901,1212,0,-43,1169,,18.17,18.8,True,False,False,⭐ 弱勢反彈
2022-03-14,51.4,7309700,2170,0,0,2170,,20.96,19.52,True,True,False,⭐⭐ 偏多觀察
2022-03-15,50.4,11952964,1128,0,-9,1119,,17.62,18.89,False,False,False,❌ 空頭或無訊號
2022-03-16,51.4,12482184,2766,929,-314,3381,,22.65,20.14,True,True,False,⭐⭐ 偏多觀察
2022-03-17,52.9,14876093,2091,0,0,2091,,43.93,28.07,False,False,False,❌ 空頭或無訊號
2022-03-18,54.2,16790745,22,1067,-1,1088,,62.62,39.58,False,False,False,❌ 空頭或無訊號
2022-03-21,54.5,14841802,-2537,0,0,-2537,,70.23,49.8,False,False,False,❌ 空頭或無訊號
2022-03-22,54.2,8223010,959,0,0,959,,73.23,57.61,False,False,False,❌ 空頭或無訊號
2022-03-23,54.2,10236838,-131,0,-120,-251,,75.24,63.49,False,False,False,❌ 空頭或無訊號
2022-03-24,54.2,7520064,2718,0,-12,2706,,76.57,67.85,False,False,False,❌ 空頭或無訊號
2022-03-25,54.1,9333117,845,0,-335,510,,76.84,70.84,False,False,False,❌ 空頭或無訊號
2022-03-28,53.9,8889748,1177,0,0,1177,,75.41,72.37,False,False,False,❌ 空頭或無訊號
2022-03-29,53.8,9992716,2337,0,0,2337,,65.75,70.16,False,False,False,❌ 空頭或無訊號
2022-03-30,53.7,12059719,-833,0,1,-832,,58.12,66.15,False,False,False,❌ 空頭或無訊號
2022-03-31,53.0,9703660,159,54,0,213,,42.59,58.29,False,False,False,❌ 空頭或無訊號
2022-04-01,52.0,11350157,54,7,-1,60,,31.73,49.44,False,False,False,❌ 空頭或無訊號
2022-04-06,54.3,28295591,9300,19,-403,8916,,50.44,49.77,False,True,False,⭐ 弱勢反彈
2022-04-07,54.5,21811665,5505,6,60,5571,,63.15,54.23,False,False,False,❌ 空頭或無訊號
2022-04-08,54.3,12965516,-2105,-70,218,-1957,,67.54,58.67,False,False,False,❌ 空頭或無訊號
2022-04-11,52.3,11465209,642,10,211,863,,52.92,56.75,False,False,False,❌ 空頭或無訊號
2022-04-12,51.8,11523050,917,-117,91,891,,38.79,50.77,False,False,False,❌ 空頭或無訊號
2022-04-13,53.0,18420961,-1955,46,103,-1806,,39.9,47.14,False,False,False,❌ 空頭或無訊號
2022-04-14,52.0,13786334,-139,12,219,92,,31.86,42.05,False,False,False,❌ 空頭或無訊號
2022-04-15,51.6,9374730,3268,53,-107,3213,,25.3,36.47,False,False,False,❌ 空頭或無訊號
2022-04-18,51.0,7274878,520,48,24,592,,17.65,30.19,False,False,False,❌ 空頭或無訊號
2022-04-19,51.8,9283397,564,-25,15,554,,18.74,26.38,True,False,False,⭐ 弱勢反彈
2022-04-20,54.5,30789299,-5921,12747,200,7026,,36.02,29.59,True,True,False,⭐⭐ 偏多觀察
2022-04-21,54.4,21753102,-1071,5,462,-604,,46.89,35.36,False,False,False,❌ 空頭或無訊號
2022-04-22,54.4,23647246,-7198,9721,-68,2455,,54.14,41.62,False,False,False,❌ 空頭或無訊號
2022-04-25,51.9,15332430,-798,476,120,-202,,42.63,41.95,False,False,False,❌ 空頭或無訊號
2022-04-26,51.9,11953247,1342,127,-81,1388,,34.95,39.62,False,False,False,❌ 空頭或無訊號
2022-04-27,51.1,16233565,2536,201,93,2830,,27.98,35.74,False,False,False,❌ 空頭或無訊號
2022-04-28,52.8,26810436,3569,78,783,4430,,33.27,34.92,False,False,False,❌ 空頭或無訊號
2022-04-29,53.6,21273370,2979,48,-326,2701,,41.48,37.11,False,True,False,⭐ 弱勢反彈
2022-05-03,53.0,12247481,508,53,11,572,,43.44,39.22,False,False,False,❌ 空頭或無訊號
2022-05-04,53.2,11117779,-9,17,406,414,,49.98,42.8,False,False,False,❌ 空頭或無訊號
2022-05-05,55.0,26832914,6085,61,1299,7445,,66.65,50.75,False,False,False,❌ 空頭或無訊號
2022-05-06,53.8,21339616,-3666,25,-461,-4102,,69.26,56.92,False,False,False,❌ 空頭或無訊號
2022-05-09,54.0,18232724,1533,0,-567,966,,72.41,62.08,False,False,False,❌ 空頭或無訊號
2022-05-10,53.2,21141402,-3585,25,884,-2676,,68.84,64.34,False,False,False,❌ 空頭或無訊號
2022-05-11,54.4,26863607,-2416,218,675,-1523,,73.35,67.34,False,False,False,❌ 空頭或無訊號
2022-05-12,54.0,32250037,1791,37,-341,1487,,64.37,66.35,False,False,False,❌ 空頭或無訊號
2022-05-13,56.5,69397240,1967,86,526,2580,,68.25,66.98,False,True,False,⭐ 弱勢反彈
2022-05-16,57.5,42811403,9652,25,448,10125,,73.57,69.18,False,False,False,❌ 空頭或無訊號
2022-05-17,57.8,27327144,6715,19,-1046,5688,,78.87,72.41,False,False,False,❌ 空頭或無訊號
2022-05-18,58.4,26421117,7489,0,6,7495,,81.81,75.54,False,False,False,❌ 空頭或無訊號
2022-05-19,59.0,31188331,7096,0,194,7290,,86.85,79.31,False,False,False,❌ 空頭或無訊號
2022-05-20,58.8,21064622,5743,0,-665,5078,,88.25,82.29,False,False,True,⭐ 弱勢反彈
2022-05-23,57.2,29095479,1577,0,-262,1315,,79.94,81.51,False,False,True,⭐ 弱勢反彈
2022-05-24,56.6,20913532,3419,0,-301,3118,,69.66,77.56,False,False,False,❌ 空頭或無訊號
2022-05-25,56.6,19303353,-1832,0,66,-1766,,59.91,71.68,False,False,True,⭐ 弱勢反彈
2022-05-26,55.7,25818658,-2072,0,82,-1989,,43.91,62.42,False,False,True,⭐ 弱勢反彈
2022-05-27,56.5,21071711,654,99,441,1193,,39.59,54.81,False,False,True,⭐ 弱勢反彈
2022-05-30,58.1,32330374,4267,89,590,4946,,49.41,53.01,False,False,True,⭐ 弱勢反彈
2022-05-31,57.8,260805462,14136,60,-1994,12202,,53.58,53.2,False,True,True,⭐⭐ 偏多觀察
2022-06-01,57.8,19198219,-463,-13,-393,-869,,56.35,54.25,False,False,True,⭐ 弱勢反彈
2022-06-02,57.2,9839480,2080,0,-10,2070,,54.23,54.24,False,False,True,⭐ 弱勢反彈
2022-06-06,56.4,20794969,-1312,-3,-67,-1383,,47.27,51.92,False,False,True,⭐ 弱勢反彈
2022-06-07,55.7,24659276,-566,-2,-44,-613,,40.24,48.03,False,False,True,⭐ 弱勢反彈
2022-06-08,55.3,15280511,547,5,348,900,,32.38,42.81,False,False,True,⭐ 弱勢反彈
2022-06-09,56.1,10421045,204,59,134,397,,33.49,39.71,False,False,True,⭐ 弱勢反彈
2022-06-10,55.8,7407154,1510,0,-309,1201,,31.85,37.09,False,False,True,⭐ 弱勢反彈
2022-06-13,53.5,16493268,432,-12,-328,92,,21.85,32.01,False,False,False,❌ 空頭或無訊號
2022-06-14,52.1,21510959,-3422,3,-73,-3492,,16.59,26.87,False,False,False,❌ 空頭或無訊號
2022-06-15,51.4,19214684,-4761,52,-16,-4724,,11.56,21.77,True,False,False,⭐ 弱勢反彈
2022-06-16,50.1,25439388,-2144,-163,89,-2218,,8.13,17.22,True,False,False,⭐ 弱勢反彈
2022-06-17,50.4,51454447,-22223,25175,-773,2179,,12.53,15.66,True,False,False,⭐ 弱勢反彈
2022-06-20,47.85,32524336,-6725,40,-131,-6815,,8.35,13.22,True,False,False,⭐ 弱勢反彈
2022-06-21,48.45,18240803,415,183,211,809,,9.76,12.07,True,False,False,⭐ 弱勢反彈
2022-06-22,46.35,18250867,1092,134,-114,1112,,6.51,10.22,True,False,False,⭐ 弱勢反彈
2022-06-23,43.5,39572568,307,142,-70,379,,6.25,8.89,True,False,False,⭐ 弱勢反彈
2022-06-24,43.0,22439581,-383,54,250,-79,,5.33,7.71,True,False,False,⭐ 弱勢反彈
2022-06-27,44.25,17668918,458,72,377,907,,8.91,8.11,True,True,False,⭐⭐ 偏多觀察
2022-06-28,42.8,18259685,-4967,-208,-76,-5250,,6.64,7.62,True,False,False,⭐ 弱勢反彈
2022-06-29,41.7,22171437,1413,0,-81,1332,,5.98,7.07,True,False,False,⭐ 弱勢反彈
2022-06-30,40.1,21318508,302,0,-217,85,,4.15,6.1,True,False,False,⭐ 弱勢反彈
2022-07-01,37.85,28045598,441,148,238,827,,2.92,5.04,True,False,False,⭐ 弱勢反彈
2022-07-04,38.3,15285005,-845,113,226,-506,,3.89,4.65,True,False,False,⭐ 弱勢反彈
2022-07-05,39.0,13767223,196,116,284,596,,7.65,5.65,True,True,False,⭐⭐ 偏多觀察
2022-07-06,38.95,17101657,2387,31,-61,2357,,11.16,7.49,True,False,False,⭐ 弱勢反彈
2022-07-07,40.4,23882044,2900,235,425,3560,,20.26,11.75,True,False,False,⭐ 弱勢反彈
2022-07-08,40.55,15472378,-875,214,-121,-782,,28.04,17.18,False,False,False,❌ 空頭或無訊號
2022-07-11,40.1,10676553,1036,34,-45,1024,,36.84,23.73,False,False,False,❌ 空頭或無訊號
2022-07-12,38.35,14580138,877,0,-173,704,,30.4,25.95,False,False,False,❌ 空頭或無訊號
2022-07-13,39.25,16522201,1143,23,293,1458,,34.68,28.86,False,False,False,❌ 空頭或無訊號
2022-07-14,39.0,17264702,-2009,1,123,-1885,,35.28,31.0,False,False,False,❌ 空頭或無訊號
2022-07-15,40.05,24638376,4264,-201,177,4240,,43.72,35.24,False,False,False,❌ 空頭或無訊號
2022-07-18,39.25,38499705,-7716,81,-44,-7679,,41.27,37.25,False,False,False,❌ 空頭或無訊號
2022-07-19,38.75,26528077,4660,39,-183,4516,,36.43,36.98,False,False,False,❌ 空頭或無訊號
2022-07-20,39.7,22468972,4530,5,153,4688,,42.13,38.7,False,True,False,⭐ 弱勢反彈
2022-07-21,41.8,33762437,4620,20,861,5502,,59.83,45.74,False,False,False,❌ 空頭或無訊號
2022-07-22,41.75,27555015,-462,109,-360,-713,,65.21,52.23,False,False,False,❌ 空頭或無訊號
2022-07-25,40.25,16389062,-2860,45,-633,-3448,,59.18,54.55,False,False,False,❌ 空頭或無訊號
2022-07-26,38.85,23434722,1349,58,-377,1030,,46.18,51.76,False,False,False,❌ 空頭或無訊號
2022-07-27,39.45,12477184,3432,13,225,3670,,41.37,48.29,False,False,False,❌ 空頭或無訊號
2022-07-28,38.25,26933815,-7636,77,-73,-7631,,30.46,42.35,False,False,False,❌ 空頭或無訊號
2022-07-29,35.25,112147375,-56736,174,413,-56149,,20.94,35.21,False,False,False,❌ 空頭或無訊號
2022-08-01,35.65,37976239,-2725,244,69,-2412,,16.28,28.9,False,False,False,❌ 空頭或無訊號
2022-08-02,34.2,43632632,-10663,110,56,-10497,,11.59,23.13,True,False,False,⭐ 弱勢反彈
2022-08-03,34.0,27980681,122,54,78,255,,9.48,18.58,True,False,False,⭐ 弱勢反彈
2022-08-04,33.8,26758046,-8529,-14,691,-7853,,8.3,15.15,True,False,False,⭐ 弱勢反彈
2022-08-05,34.2,35472355,-6444,36,151,-6257,,9.67,13.33,True,False,False,⭐ 弱勢反彈
2022-08-08,33.6,20807457,-3281,33,-12,-3260,,7.66,11.44,True,False,False,⭐ 弱勢反彈
2022-08-09,33.9,20279228,-3575,24,298,-3253,,7.78,10.22,True,False,False,⭐ 弱勢反彈
2022-08-10,33.25,24966075,-6962,41,-108,-7029,,6.23,8.89,True,False,False,⭐ 弱勢反彈
2022-08-11,33.85,60069832,-2565,24,215,-2326,,12.34,10.04,True,True,False,⭐⭐ 偏多觀察
2022-08-12,35.35,61992382,-12180,20,3289,-8871,,39.43,19.84,True,False,False,⭐ 弱勢反彈
2022-08-15,35.65,43066594,-13865,115,189,-13561,,56.59,32.09,False,False,False,❌ 空頭或無訊號
2022-08-16,35.5,60083837,-17369,72,198,-17099,,60.77,41.65,False,False,False,❌ 空頭或無訊號
2022-08-17,36.3,49615554,15378,59,404,15841,,71.39,51.56,False,False,False,❌ 空頭或無訊號
2022-08-18,35.8,44005100,-8651,-4,7,-8648,,73.58,58.9,False,False,False,❌ 空頭或無訊號
2022-08-19,35.7,26891062,-4106,8,-1479,-5577,,74.05,63.95,False,False,False,❌ 空頭或無訊號
2022-08-22,35.05,27332114,-4519,70,-518,-4968,,67.99,65.3,False,False,False,❌ 空頭或無訊號
2022-08-23,33.95,29749578,-6971,21,-433,-7382,,48.25,59.62,False,False,False,❌ 空頭或無訊號
2022-08-24,33.4,25811348,-6226,17,-614,-6822,,32.17,50.47,False,False,False,❌ 空頭或無訊號
2022-08-25,34.25,29107054,5873,2,638,6513,,30.44,43.79,False,False,False,❌ 空頭或無訊號
2022-08-26,34.85,24227515,2771,40,-44,2767,,35.64,41.07,False,False,False,❌ 空頭或無訊號
2022-08-29,33.9,21921284,-4040,23,-602,-4619,,29.22,37.12,False,False,False,❌ 空頭或無訊號
2022-08-30,34.0,14804888,-2450,66,-254,-2638,,26.15,33.47,False,False,False,❌ 空頭或無訊號
2022-08-31,34.45,48111737,-187,18,245,76,,30.4,32.44,False,False,False,❌ 空頭或無訊號
2022-09-01,33.65,36653208,-13548,43,-1101,-14606,,25.45,30.11,False,False,False,❌ 空頭或無訊號
2022-09-02,33.55,22233283,4626,41,-114,4553,,21.13,27.12,False,False,False,❌ 空頭或無訊號
2022-09-05,30.55,76310527,-7633,38,-1485,-9079,,14.44,22.89,False,False,False,❌ 空頭或無訊號
2022-09-06,30.8,34927583,4038,21,-104,3955,,11.71,19.16,True,False,False,⭐ 弱勢反彈
2022-09-07,30.1,28173453,-1132,20,-311,-1423,,9.91,16.08,True,False,False,⭐ 弱勢反彈
2022-09-08,30.7,19749221,3201,115,334,3650,,13.34,15.17,True,False,False,⭐ 弱勢反彈
2022-09-12,31.75,22605414,6224,-2,227,6449,,23.08,17.8,True,True,False,⭐⭐ 偏多觀察
2022-09-13,32.0,29789830,975,14,334,1323,,31.34,22.32,False,False,False,❌ 空頭或無訊號
2022-09-14,31.6,23914587,3004,64,-316,2753,,35.24,26.62,False,False,False,❌ 空頭或無訊號
2022-09-15,32.75,32404972,3202,19,638,3859,,46.75,33.33,False,False,False,❌ 空頭或無訊號
2022-09-16,32.15,154077253,15838,-28291,-1274,-13727,,51.42,39.36,False,False,False,❌ 空頭或無訊號
2022-09-19,31.75,28816302,-6999,112,80,-6807,,55.44,44.72,False,False,False,❌ 空頭或無訊號
2022-09-20,31.55,19627459,-3862,58,112,-3692,,56.01,48.48,False,False,False,❌ 空頭或無訊號
2022-09-21,31.3,20642692,1591,7,212,1810,,50.92,49.3,False,False,False,❌ 空頭或無訊號
2022-09-22,30.55,20150340,-6212,143,-492,-6561,,35.95,44.85,False,False,False,❌ 空頭或無訊號
2022-09-23,31.0,18512339,8078,81,-142,8017,,31.96,40.55,False,False,False,❌ 空頭或無訊號
2022-09-26,29.3,29389958,-10793,275,-186,-10705,,22.64,34.58,False,False,False,❌ 空頭或無訊號
2022-09-27,29.65,15225266,-1650,64,24,-1562,,19.54,29.57,False,False,False,❌ 空頭或無訊號
2022-09-28,28.55,25493532,1387,45,-107,1325,,14.67,24.6,True,False,False,⭐ 弱勢反彈
2022-09-29,27.8,64149811,6401,54,-8,6447,,19.16,22.79,True,False,False,⭐ 弱勢反彈
2022-09-30,28.5,31674765,1978,61,544,2584,,26.21,23.93,True,True,False,⭐⭐ 偏多觀察
2022-10-03,28.8,18406881,2279,16,236,2531,,33.99,27.28,False,False,False,❌ 空頭或無訊號
2022-10-04,29.85,19562774,1996,26,285,2307,,47.11,33.89,False,False,False,❌ 空頭或無訊號
2022-10-05,30.35,25004422,4895,-7,26,4914,,59.02,42.27,False,False,False,❌ 空頭或無訊號
2022-10-06,30.15,19123081,4699,78,-280,4497,,67.3,50.61,False,False,False,❌ 空頭或無訊號
2022-10-07,29.95,11985436,1883,19,-258,1644,,71.46,57.56,False,False,False,❌ 空頭或無訊號
2022-10-11,28.05,19283428,-4355,100,-423,-4678,,61.45,58.86,False,False,False,❌ 空頭或無訊號
2022-10-12,28.1,19923128,-1499,29,166,-1304,,55.11,57.61,False,False,False,❌ 空頭或無訊號
2022-10-13,26.95,19258247,-1503,13,-261,-1751,,37.55,50.92,False,False,False,❌ 空頭或無訊號
2022-10-14,29.2,25445009,8308,57,683,9048,,44.14,48.66,False,False,False,❌ 空頭或無訊號
2022-10-17,29.5,16722374,2127,0,89,2216,,50.97,49.43,False,True,False,⭐ 弱勢反彈
2022-10-18,29.9,14589218,215,15,299,529,,58.78,52.55,False,False,False,❌ 空頭或無訊號
2022-10-19,29.9,14074373,1973,1530,179,3682,,65.25,56.78,False,False,False,❌ 空頭或無訊號
2022-10-20,31.0,26028318,5164,815,219,6198,,76.84,63.47,False,False,False,❌ 空頭或無訊號
2022-10-21,30.2,27800962,-8700,4,-210,-8906,,75.77,67.57,False,False,False,❌ 空頭或無訊號
2022-10-24,31.0,35884744,9992,55,384,10431,,77.63,70.92,False,False,False,❌ 空頭或無訊號
2022-10-25,30.45,21775848,-4468,76,441,-3951,,75.29,72.38,False,False,False,❌ 空頭或無訊號
2022-10-26,30.45,14450517,3124,-17,493,3600,,70.87,71.87,False,False,False,❌ 空頭或無訊號
2022-10-27,30.9,12827722,1162,-134,118,1146,,71.72,71.82,False,False,False,❌ 空頭或無訊號
2022-10-28,29.7,18785622,-4138,-1423,-159,-5720,,52.3,65.31,False,False,False,❌ 空頭或無訊號
2022-10-31,30.8,18198869,10265,248,253,10766,,53.17,61.26,False,False,False,❌ 空頭或無訊號
2022-11-01,30.65,12290770,-2280,12,52,-2216,,51.78,58.1,False,False,False,❌ 空頭或無訊號
2022-11-02,31.3,17254952,8106,0,410,8516,,58.23,58.14,False,True,False,⭐ 弱勢反彈
2022-11-03,31.45,16248079,929,0,-4,925,,64.74,60.34,False,False,False,❌ 空頭或無訊號
2022-11-04,31.85,17354121,3189,0,129,3318,,76.5,65.73,False,False,False,❌ 空頭或無訊號
2022-11-07,32.75,27197977,8297,27,750,9074,,83.79,71.75,False,False,False,❌ 空頭或無訊號
2022-11-08,32.0,26896973,-11841,0,-465,-12307,,78.75,74.08,False,False,False,❌ 空頭或無訊號
2022-11-09,32.7,22995701,9799,6,-1,9803,,82.35,76.84,False,False,False,❌ 空頭或無訊號
2022-11-10,32.6,11623551,2200,0,-171,2029,,82.88,78.85,False,False,False,❌ 空頭或無訊號
2022-11-11,33.3,37138530,7327,0,434,7760,,76.68,78.13,False,False,False,❌ 空頭或無訊號
2022-11-14,33.45,17244443,3878,0,-212,3666,,73.61,76.62,False,False,False,❌ 空頭或無訊號
2022-11-15,34.35,39424309,13515,-302,1395,14609,,78.66,77.3,False,True,False,⭐ 弱勢反彈
2022-11-16,34.05,27923080,-739,-8,-1396,-2143,,79.36,77.99,False,False,False,❌ 空頭或無訊號
2022-11-17,34.15,18922883,2361,10,158,2530,,78.77,78.25,False,False,True,⭐ 弱勢反彈
2022-11-18,33.65,21338676,-1259,0,-59,-1318,,72.63,76.37,False,False,True,⭐ 弱勢反彈
2022-11-21,32.85,13706774,-411,0,-221,-631,,56.75,69.83,False,False,False,❌ 空頭或無訊號
2022-11-22,31.85,36154665,4047,-9,-127,3911,,43.07,60.91,False,False,False,❌ 空頭或無訊號
2022-11-23,32.95,27068458,14340,0,167,14508,,44.43,55.42,False,False,False,❌ 空頭或無訊號
2022-11-24,33.3,16426806,3641,-25,-234,3382,,49.23,53.35,False,False,False,❌ 空頭或無訊號
2022-11-25,32.9,13759670,2462,-28,43,2477,,48.5,51.74,False,False,False,❌ 空頭或無訊號
2022-11-28,32.25,15534157,-5426,16,-217,-5627,,41.65,48.38,False,False,False,❌ 空頭或無訊號
2022-11-29,32.6,14089664,3308,0,110,3418,,40.51,45.75,False,False,False,❌ 空頭或無訊號
2022-11-30,33.3,21139555,3269,-15,135,3389,,46.62,46.04,False,True,True,⭐⭐ 偏多觀察
2022-12-01,34.0,30870389,10647,-33,747,11361,,59.65,50.58,False,False,True,⭐ 弱勢反彈
2022-12-02,34.6,28351045,7817,14,-281,7549,,72.6,57.92,False,False,True,⭐ 弱勢反彈
2022-12-05,35.15,41113973,-5871,0,566,-5305,,77.41,64.41,False,False,True,⭐ 弱勢反彈
2022-12-06,33.95,33869409,-8982,8,-1312,-10286,,70.22,66.35,False,False,True,⭐ 弱勢反彈
2022-12-07,33.35,19553209,-938,0,-205,-1143,,60.23,64.31,False,False,True,⭐ 弱勢反彈
2022-12-08,33.05,11883489,-1053,7,62,-984,,50.98,59.87,False,False,True,⭐ 弱勢反彈
2022-12-09,33.45,12009287,3237,0,127,3364,,48.27,56.0,False,False,True,⭐ 弱勢反彈
2022-12-12,32.2,25425370,-7658,-2,-472,-8132,,33.57,48.52,False,False,True,⭐ 弱勢反彈
2022-12-13,32.4,14088165,3339,-17,-53,3269,,25.62,40.89,False,False,True,⭐ 弱勢反彈
2022-12-14,33.35,17319651,9534,-3,606,10137,,29.12,36.97,False,False,True,⭐ 弱勢反彈
2022-12-15,32.95,13483328,-4252,-41,-512,-4805,,27.74,33.89,False,False,True,⭐ 弱勢反彈
2022-12-16,32.65,18209422,-4271,6442,-481,1690,,25.39,31.06,False,False,True,⭐ 弱勢反彈
2022-12-19,32.9,15370984,-1677,6427,8,4758,,30.11,30.74,False,False,True,⭐ 弱勢反彈
2022-12-20,32.3,21371199,-2933,6359,-296,3130,,24.83,28.77,False,False,True,⭐ 弱勢反彈
2022-12-21,32.65,14061900,-5145,6276,-322,809,,27.98,28.51,False,False,True,⭐ 弱勢反彈
2022-12-22,33.4,18438384,-1257,6189,219,5151,,49.69,35.57,False,True,True,⭐⭐ 偏多觀察
2022-12-23,33.3,10173275,-2375,288,-59,-2146,,61.7,44.28,False,False,True,⭐ 弱勢反彈
2022-12-26,32.75,10813726,-3094,27,-231,-3298,,56.61,48.39,False,False,True,⭐ 弱勢反彈
2022-12-27,33.0,15508686,5589,0,467,6056,,57.09,51.29,False,False,True,⭐ 弱勢反彈
2022-12-28,32.15,17422489,-8120,332,-850,-8638,,40.15,47.58,False,False,True,⭐ 弱勢反彈
2022-12-29,32.05,12696334,-1431,19,-392,-1804,,36.39,43.85,False,False,True,⭐ 弱勢反彈
2022-12-30,31.85,8725926,-701,-4,-54,-759,,30.93,39.54,False,False,False,❌ 空頭或無訊號
2023-01-03,32.35,13001504,3721,345,228,4294,,34.69,37.93,False,False,True,⭐ 弱勢反彈
2023-01-04,32.25,8080068,2814,8,-337,2484,,35.72,37.19,False,False,True,⭐ 弱勢反彈
2023-01-05,32.65,12121132,5903,8,352,6263,,42.33,38.9,False,True,True,⭐⭐ 偏多觀察
2023-01-06,33.45,24899895,12541,0,1342,13883,,58.59,45.47,False,False,True,⭐ 弱勢反彈
2023-01-09,33.9,42328106,2848,0,976,3823,,70.51,53.81,False,False,True,⭐ 弱勢反彈
2023-01-10,34.0,24182365,8408,161,89,8658,,76.89,61.51,False,False,True,⭐ 弱勢反彈
2023-01-11,34.3,21431540,6499,-9,134,6623,,84.59,69.2,False,False,True,⭐ 弱勢反彈
2023-01-12,33.85,13975662,3498,9,-258,3249,,84.56,74.32,False,False,True,⭐ 弱勢反彈
2023-01-13,33.65,15375182,1559,2,-265,1296,,81.37,76.67,False,False,True,⭐ 弱勢反彈
2023-01-16,32.55,32094820,-14115,-4,-73,-14193,,59.55,70.96,False,False,False,❌ 空頭或無訊號
2023-01-17,32.3,20209990,-4070,-112,8,-4175,,43.25,61.72,False,False,False,❌ 空頭或無訊號
2023-01-30,33.95,44558421,23374,150,1155,24679,,55.78,59.74,False,False,True,⭐ 弱勢反彈
2023-01-31,34.3,28920918,9179,1823,229,11231,,68.44,62.64,False,True,True,⭐⭐ 偏多觀察
2023-02-01,35.0,30830832,5516,166,819,6501,,77.87,67.72,False,False,True,⭐ 弱勢反彈
2023-02-02,35.3,34046855,-244,792,-382,166,,80.42,71.95,False,False,True,⭐ 弱勢反彈
2023-02-03,34.5,25462576,-2399,-131,-163,-2693,,75.1,73.0,False,False,True,⭐ 弱勢反彈
2023-02-06,33.7,19410722,-5132,176,-170,-5126,,64.54,70.18,False,False,True,⭐ 弱勢反彈
2023-02-07,33.8,11080507,-3299,0,170,-3130,,58.38,66.25,False,False,True,⭐ 弱勢反彈
2023-02-08,34.6,20915642,3798,-18,1192,4972,,61.29,64.59,False,False,True,⭐ 弱勢反彈
2023-02-09,34.15,10810377,-2559,-15,-954,-3528,,55.3,61.5,False,False,True,⭐ 弱勢反彈
2023-02-10,33.7,13508053,-5949,0,-343,-6292,,38.35,53.78,False,False,True,⭐ 弱勢反彈
2023-02-13,33.15,13344463,-5464,-129,-430,-6023,,27.32,44.96,False,False,False,❌ 空頭或無訊號
2023-02-14,33.6,8967656,2072,33,-5,2100,,25.23,38.38,False,False,True,⭐ 弱勢反彈
2023-02-15,33.25,12168731,-2474,-1182,-63,-3719,,20.44,32.4,False,False,False,❌ 空頭或無訊號
2023-02-16,33.5,9506570,570,-171,332,731,,22.4,29.07,False,False,True,⭐ 弱勢反彈
2023-02-17,33.3,7658409,-2416,-48,-151,-2615,,20.2,26.11,False,False,False,❌ 空頭或無訊號
2023-02-20,33.8,10266416,1729,-355,66,1440,,27.5,26.58,False,True,False,⭐ 弱勢反彈
2023-02-21,33.9,9299086,655,-2,-408,245,,37.69,30.28,False,False,False,❌ 空頭或無訊號
2023-02-22,33.4,16952945,-1205,-7,-815,-2027,,36.72,32.43,False,False,False,❌ 空頭或無訊號
2023-02-23,33.65,9807546,2855,-16,55,2894,,44.18,36.34,False,False,False,❌ 空頭或無訊號
2023-02-24,33.3,12972669,-199,-34,-183,-417,,37.39,36.69,False,False,False,❌ 空頭或無訊號
2023-03-01,33.1,17306070,-5142,-17,-225,-5385,,31.59,34.99,False,False,False,❌ 空頭或無訊號
2023-03-02,33.25,8227336,119,-24,64,159,,31.73,33.9,False,False,False,❌ 空頭或無訊號
2023-03-03,33.6,13750770,5,1599,217,1821,,41.15,36.32,False,True,True,⭐⭐ 偏多觀察
2023-03-06,34.95,55219711,15902,1557,2250,19709,,56.6,43.08,False,False,True,⭐ 弱勢反彈
2023-03-07,35.15,35766473,-2660,1388,-438,-1710,,68.4,51.52,False,False,True,⭐ 弱勢反彈
2023-03-08,34.95,25559978,-5405,233,-263,-5435,,73.6,58.88,False,False,True,⭐ 弱勢反彈
2023-03-09,35.15,45729247,13138,13,682,13833,,71.95,63.24,False,False,True,⭐ 弱勢反彈
2023-03-10,34.45,23366687,-7435,339,-915,-8011,,63.89,63.45,False,False,True,⭐ 弱勢反彈
2023-03-13,33.8,17335899,-4362,-1,-347,-4710,,52.05,59.65,False,False,False,❌ 空頭或無訊號
2023-03-14,33.2,14734760,-5919,41,-302,-6180,,36.78,52.03,False,False,False,❌ 空頭或無訊號
2023-03-15,33.25,9512301,-710,4,-91,-797,,25.61,43.22,False,False,False,❌ 空頭或無訊號
2023-03-16,33.35,8619758,76,26,-67,35,,19.76,35.4,False,False,False,❌ 空頭或無訊號
2023-03-17,34.6,21052861,6889,-18,162,7033,,29.3,33.37,True,False,True,⭐⭐ 偏多觀察
2023-03-20,34.2,9493587,-1637,24,-56,-1669,,31.36,32.7,False,False,True,⭐ 弱勢反彈
2023-03-21,34.2,8727438,116,-822,-35,-741,,32.74,32.71,False,True,True,⭐⭐ 偏多觀察
2023-03-22,34.3,10256738,1932,-22,102,2012,,44.05,36.49,False,False,True,⭐ 弱勢反彈
2023-03-23,34.2,8649327,10,-66,29,-27,,51.59,41.52,False,False,True,⭐ 弱勢反彈
2023-03-24,34.4,11606589,3000,-196,233,3037,,60.65,47.9,False,False,True,⭐ 弱勢反彈
2023-03-27,33.7,15367199,-6176,23,-196,-6349,,52.56,49.45,False,False,True,⭐ 弱勢反彈
2023-03-28,33.1,15322272,-5341,-21,-295,-5657,,36.02,44.97,False,False,False,❌ 空頭或無訊號
2023-03-29,32.95,13855335,-5522,-5,-753,-6280,,25.77,38.57,False,False,False,❌ 空頭或無訊號
2023-03-30,32.9,12350355,-3229,-690,93,-3827,,18.06,31.73,False,False,False,❌ 空頭或無訊號
2023-03-31,33.1,14055017,2206,-292,589,2503,,16.67,26.71,True,False,False,⭐ 弱勢反彈
2023-04-06,32.6,15729420,-8865,-24,-155,-9044,,11.11,21.51,True,False,False,⭐ 弱勢反彈
2023-04-07,32.6,10400145,-3070,-422,-3,-3495,,9.07,17.37,True,False,False,⭐ 弱勢反彈
2023-04-10,32.5,10683393,-3638,-366,-56,-4060,,6.05,13.59,True,False,False,⭐ 弱勢反彈
2023-04-11,33.25,24017716,-5459,-215,724,-4950,,18.32,15.17,True,True,False,⭐⭐ 偏多觀察
2023-04-12,33.3,11956502,-559,-286,23,-823,,31.97,20.77,True,False,False,⭐ 弱勢反彈
2023-04-13,33.1,14905008,-2285,-123,-410,-2818,,37.98,26.5,False,False,False,❌ 空頭或無訊號
2023-04-14,32.9,11222894,339,-111,31,259,,36.43,29.81,False,False,False,❌ 空頭或無訊號
2023-04-17,32.9,7240947,-271,-15,-50,-336,,35.4,31.67,False,False,False,❌ 空頭或無訊號
2023-04-18,32.9,13121889,4299,-19,-41,4239,,38.41,33.92,False,False,False,❌ 空頭或無訊號
2023-04-19,32.1,29407590,-10086,-461,-340,-10887,,26.84,31.56,False,False,False,❌ 空頭或無訊號
2023-04-20,31.0,33495639,-11766,-530,-837,-13133,,17.9,27.01,False,False,False,❌ 空頭或無訊號
2023-04-21,30.05,35049722,-2369,-5525,-446,-8340,,11.93,21.98,True,False,False,⭐ 弱勢反彈
2023-04-24,30.6,28581108,4821,-5953,70,-1063,,17.04,20.34,True,False,False,⭐ 弱勢反彈
2023-04-25,30.0,28742680,1674,-6187,-362,-4874,,15.26,18.64,True,False,False,⭐ 弱勢反彈
2023-04-26,29.3,30676357,-1669,-6113,878,-6904,,11.72,16.34,True,False,False,⭐ 弱勢反彈
2023-04-27,29.55,24891356,4261,-6447,226,-1960,,11.3,14.66,True,False,False,⭐ 弱勢反彈
2023-04-28,29.7,22730383,-6123,4189,161,-1774,,12.19,13.83,True,False,False,⭐ 弱勢反彈
2023-05-02,30.9,21448536,2741,6901,-119,9522,,24.56,17.41,True,True,False,⭐⭐ 偏多觀察
2023-05-03,30.5,9842121,-1836,-14,-570,-2421,,32.19,22.34,False,False,False,❌ 空頭或無訊號
2023-05-04,31.1,12285729,675,-4,-59,612,,53.21,32.63,False,False,False,❌ 空頭或無訊號
2023-05-05,30.65,6697948,-1280,14,-31,-1298,,60.08,41.78,False,False,False,❌ 空頭或無訊號
2023-05-08,30.3,8244342,-81,-2,-47,-130,,59.1,47.55,False,False,False,❌ 空頭或無訊號
2023-05-09,30.25,7271375,275,231,-20,486,,57.65,50.92,False,False,False,❌ 空頭或無訊號
2023-05-10,30.0,9554162,-1884,-4,-153,-2041,,52.26,51.36,False,False,False,❌ 空頭或無訊號
2023-05-11,29.8,7471551,647,31,-13,665,,39.89,47.54,False,False,False,❌ 空頭或無訊號
2023-05-12,29.85,5558844,-199,15,75,-109,,29.93,41.67,False,False,False,❌ 空頭或無訊號
2023-05-15,29.6,5084038,-523,13,95,-415,,21.91,35.08,False,False,False,❌ 空頭或無訊號
2023-05-16,30.25,10425185,1117,-150,948,1915,,29.31,33.16,False,False,False,❌ 空頭或無訊號
2023-05-17,30.6,11591164,522,1583,2098,4203,,43.99,36.77,False,True,False,⭐ 弱勢反彈
2023-05-18,30.6,10413165,-1965,-1,525,-1441,,54.61,42.72,False,False,False,❌ 空頭或無訊號
2023-05-19,30.25,11574983,-53,-125,-127,-305,,53.65,46.36,False,False,False,❌ 空頭或無訊號
2023-05-22,30.2,7435602,991,-29,-23,939,,51.86,48.19,False,False,False,❌ 空頭或無訊號
2023-05-23,30.55,7967312,2238,-29,239,2448,,58.71,51.7,False,False,False,❌ 空頭或無訊號
2023-05-24,30.55,5148901,299,18,248,565,,63.28,55.56,False,False,False,❌ 空頭或無訊號
2023-05-25,30.65,6774378,270,236,-121,385,,68.62,59.91,False,False,False,❌ 空頭或無訊號
2023-05-26,30.75,11700328,-726,-320,-12,-1058,,71.51,63.78,False,False,False,❌ 空頭或無訊號
2023-05-29,30.85,8803015,1380,-145,-104,1131,,71.28,66.28,False,False,False,❌ 空頭或無訊號
2023-05-30,31.1,15276182,2697,-263,280,2714,,75.73,69.43,False,False,False,❌ 空頭或無訊號
2023-05-31,30.9,13942547,-2195,-23,304,-1914,,73.56,70.81,False,False,False,❌ 空頭或無訊號
2023-06-01,30.6,6760259,-689,354,-53,-388,,64.43,68.68,False,False,False,❌ 空頭或無訊號
2023-06-02,31.1,10541150,4822,287,110,5220,,69.93,69.1,False,True,False,⭐ 弱勢反彈
2023-06-05,31.15,9636302,974,169,119,1262,,72.71,70.3,False,False,False,❌ 空頭或無訊號
2023-06-06,31.05,6702765,-1455,-20,86,-1389,,69.53,70.04,False,False,False,❌ 空頭或無訊號
2023-06-07,31.55,14964825,3667,68,570,4305,,78.02,72.7,False,True,False,⭐ 弱勢反彈
2023-06-08,30.9,12102379,-5575,-27,-304,-5907,,62.01,69.14,False,False,False,❌ 空頭或無訊號
2023-06-09,30.9,8750673,-3367,-9,-161,-3537,,51.34,63.21,False,False,False,❌ 空頭或無訊號
2023-06-12,31.05,10044277,1093,-323,-39,731,,50.1,58.84,False,False,False,❌ 空頭或無訊號
2023-06-13,31.25,9990229,2279,-178,432,2533,,55.62,57.77,False,False,False,❌ 空頭或無訊號
2023-06-14,32.3,33235374,11186,-67,670,11788,,67.78,61.1,False,True,False,⭐ 弱勢反彈
2023-06-15,32.7,29076312,2963,-384,601,3180,,77.76,66.66,False,False,False,❌ 空頭或無訊號
2023-06-16,32.15,19472491,-5844,-531,-262,-6637,,72.76,68.69,False,False,False,❌ 空頭或無訊號
2023-06-19,31.85,11530391,-2369,-98,-283,-2750,,65.5,67.63,False,False,False,❌ 空頭或無訊號
2023-06-20,31.9,11002762,1084,-291,99,892,,61.31,65.52,False,False,False,❌ 空頭或無訊號
2023-06-21,31.95,10157862,2381,-154,223,2450,,59.18,63.41,False,False,False,❌ 空頭或無訊號
2023-06-26,31.4,9731945,-2550,-19,-128,-2697,,50.56,59.13,False,False,False,❌ 空頭或無訊號
2023-06-27,30.7,11914076,-3895,-113,-274,-4283,,33.71,50.65,False,False,False,❌ 空頭或無訊號
2023-06-28,30.7,6447922,-786,-141,120,-807,,23.15,41.49,False,False,False,❌ 空頭或無訊號
2023-06-29,30.9,7062951,846,-66,67,847,,18.84,33.94,False,False,False,❌ 空頭或無訊號
2023-06-30,30.95,7946937,854,-22,122,953,,16.64,28.17,True,False,False,⭐ 弱勢反彈
2023-07-03,30.85,7970021,368,-85,66,349,,15.39,23.91,True,False,False,⭐ 弱勢反彈
2023-07-04,30.8,8289722,677,-25,80,732,,13.49,20.44,True,False,False,⭐ 弱勢反彈
2023-07-05,31.5,15996774,266,262,-143,385,,28.53,23.14,True,True,False,⭐⭐ 偏多觀察
2023-07-06,30.65,18867912,-10980,-93,-684,-11758,,19.02,21.76,False,False,False,❌ 空頭或無訊號
2023-07-07,30.15,14294538,-1839,-56,-281,-2176,,14.48,19.34,True,False,False,⭐ 弱勢反彈
2023-07-10,30.0,12775317,-5092,-26,-222,-5340,,12.09,16.92,True,False,False,⭐ 弱勢反彈
2023-07-11,30.15,5877609,629,-118,3,514,,12.94,15.6,True,False,False,⭐ 弱勢反彈
2023-07-12,29.9,10410830,-803,-82,-260,-1145,,10.21,13.8,True,False,False,⭐ 弱勢反彈
2023-07-13,29.8,11063413,862,-111,5,757,,6.81,11.47,True,False,False,⭐ 弱勢反彈
2023-07-14,30.1,7542197,1565,-124,-28,1414,,9.3,10.75,True,False,False,⭐ 弱勢反彈
2023-07-17,30.1,8267740,2281,-338,103,2047,,10.96,10.82,True,True,False,⭐⭐ 偏多觀察
2023-07-18,30.5,18396446,-3077,5882,-46,2759,,21.89,14.51,True,False,False,⭐ 弱勢反彈
2023-07-19,30.1,14628573,-7019,3584,-409,-3844,,25.71,18.24,False,False,False,❌ 空頭或無訊號
2023-07-20,29.8,31324056,-5521,4008,-546,-2060,,32.29,22.92,False,False,False,❌ 空頭或無訊號
2023-07-21,29.55,16268311,-7025,4472,-164,-2717,,31.63,25.83,False,False,False,❌ 空頭或無訊號
2023-07-24,29.6,17909714,-5597,4748,-45,-894,,33.47,28.37,False,False,False,❌ 空頭或無訊號
2023-07-25,30.2,20128925,776,-105,294,964,,46.12,34.29,False,False,False,❌ 空頭或無訊號
2023-07-26,29.7,11555497,-5130,-72,-8,-5210,,45.03,37.87,False,False,False,❌ 空頭或無訊號
2023-07-27,30.0,11001731,384,5,127,516,,50.02,41.92,False,False,False,❌ 空頭或無訊號
2023-07-28,30.2,11020432,-1158,471,91,-596,,57.16,47.0,False,False,False,❌ 空頭或無訊號
2023-07-31,29.95,14920172,-3666,787,186,-2693,,57.71,50.57,False,False,False,❌ 空頭或無訊號
2023-08-01,30.0,13273089,-2509,299,48,-2163,,61.06,54.07,False,False,False,❌ 空頭或無訊號
2023-08-02,29.55,14707585,-5733,1440,-275,-4568,,53.61,53.91,False,False,False,❌ 空頭或無訊號
2023-08-04,29.5,7306052,-1802,993,-52,-861,,47.57,51.8,False,False,False,❌ 空頭或無訊號
2023-08-07,29.7,5667881,712,988,-70,1630,,43.71,49.1,False,False,False,❌ 空頭或無訊號
2023-08-08,29.1,13159514,-4419,1414,-314,-3319,,29.14,42.45,False,False,False,❌ 空頭或無訊號
2023-08-09,29.2,6528171,-1177,985,-9,-201,,23.0,35.96,False,False,False,❌ 空頭或無訊號
2023-08-10,29.0,9527645,-3604,1197,7,-2400,,15.33,29.09,False,False,False,❌ 空頭或無訊號
2023-08-11,28.4,20039248,-5587,806,-60,-4841,,11.85,23.34,True,False,False,⭐ 弱勢反彈
2023-08-14,27.95,20134911,-4070,2720,-100,-1450,,17.79,21.49,True,False,False,⭐ 弱勢反彈
2023-08-15,27.35,15409579,-5419,-42,26,-5435,,15.75,19.58,True,False,False,⭐ 弱勢反彈
2023-08-16,27.05,19072418,-3731,1612,-48,-2167,,16.87,18.68,True,False,False,⭐ 弱勢反彈
2023-08-17,26.85,19096347,-3151,320,-107,-2939,,17.35,18.24,True,False,False,⭐ 弱勢反彈
2023-08-18,27.25,15451321,4541,336,242,5119,,21.43,19.3,True,True,False,⭐⭐ 偏多觀察
2023-08-21,26.95,10034084,-1582,277,-248,-1552,,22.1,20.23,False,False,False,❌ 空頭或無訊號
2023-08-22,26.8,11451091,1954,79,-56,1977,,20.98,20.48,False,False,False,❌ 空頭或無訊號
2023-08-23,27.45,8234387,2860,330,71,3260,,28.11,23.03,False,False,False,❌ 空頭或無訊號
2023-08-24,27.3,10141251,-1608,-45,-9,-1663,,36.2,27.42,False,False,False,❌ 空頭或無訊號
2023-08-25,26.9,7231589,-645,51,-212,-806,,36.75,30.53,False,False,False,❌ 空頭或無訊號
2023-08-28,27.4,9927035,1620,-2,-55,1564,,48.03,36.36,False,False,False,❌ 空頭或無訊號
2023-08-29,27.3,4457331,-453,48,-30,-434,,53.59,42.1,False,False,False,❌ 空頭或無訊號
2023-08-30,27.85,8202564,4345,88,189,4622,,67.87,50.69,False,False,False,❌ 空頭或無訊號
2023-08-31,27.85,11403830,-380,11,152,-218,,69.2,56.86,False,False,False,❌ 空頭或無訊號
2023-09-01,28.15,4826884,1390,20,-125,1284,,76.34,63.36,False,False,False,❌ 空頭或無訊號
2023-09-04,28.2,5430589,1223,22,-66,1179,,79.47,68.73,False,False,False,❌ 空頭或無訊號
2023-09-05,28.05,4460639,-395,193,5,-197,,77.98,71.81,False,False,False,❌ 空頭或無訊號
2023-09-06,27.8,7161084,-760,191,-182,-751,,71.78,71.8,False,False,False,❌ 空頭或無訊號
2023-09-07,27.8,7186221,-27,26,-141,-142,,67.64,70.41,False,False,False,❌ 空頭或無訊號
2023-09-08,27.6,7334650,-3845,487,-89,-3447,,56.63,65.82,False,False,False,❌ 空頭或無訊號
2023-09-11,26.9,10542396,-5285,314,-101,-5073,,37.76,56.47,False,False,False,❌ 空頭或無訊號
2023-09-12,27.15,13162805,-2938,64,-93,-2967,,33.74,48.89,False,False,False,❌ 空頭或無訊號
2023-09-13,27.4,6346332,1052,94,29,1176,,35.83,44.54,False,False,False,❌ 空頭或無訊號
2023-09-14,27.9,8388433,3196,39,147,3382,,46.74,45.27,False,True,False,⭐ 弱勢反彈
2023-09-15,28.1,12007186,608,136,-25,720,,61.27,50.6,False,False,False,❌ 空頭或無訊號
2023-09-18,27.8,5671038,-996,21,-9,-984,,64.5,55.24,False,False,False,❌ 空頭或無訊號
2023-09-19,27.85,5263971,-478,-14,-92,-584,,67.73,59.4,False,False,False,❌ 空頭或無訊號
2023-09-20,27.25,7081793,-4288,-19,-133,-4440,,57.38,58.73,False,False,False,❌ 空頭或無訊號
2023-09-21,27.0,9854537,-1508,-586,-99,-2192,,44.92,54.12,False,False,False,❌ 空頭或無訊號
2023-09-22,26.9,6217479,-1238,3,-4,-1239,,34.39,47.55,False,False,False,❌ 空頭或無訊號
2023-09-25,27.3,5680037,564,-8,-24,532,,35.57,43.55,False,False,False,❌ 空頭或無訊號
2023-09-26,26.65,10018570,-5813,103,-148,-5858,,23.71,36.94,False,False,False,❌ 空頭或無訊號
2023-09-27,26.4,8605042,-4028,6,-237,-4259,,16.71,30.2,False,False,False,❌ 空頭或無訊號
2023-09-28,26.55,4272681,-780,8,-9,-781,,14.84,25.08,True,False,False,⭐ 弱勢反彈
2023-10-02,26.6,5791486,-846,17,115,-714,,14.53,21.56,True,False,False,⭐ 弱勢反彈
2023-10-03,26.6,4857160,258,-53,-5,200,,15.24,19.45,True,False,False,⭐ 弱勢反彈
2023-10-04,26.1,11434360,-4493,4,-223,-4712,,11.27,16.73,True,False,False,⭐ 弱勢反彈
2023-10-05,26.4,5396245,1308,5,-22,1291,,15.29,16.25,True,False,False,⭐ 弱勢反彈
2023-10-06,26.5,4251780,1608,24,86,1718,,20.19,17.56,True,True,False,⭐⭐ 偏多觀察
2023-10-11,27.05,16224145,4251,-43,269,4477,,41.24,25.46,False,False,False,❌ 空頭或無訊號
2023-10-12,27.55,11210490,3816,13,189,4018,,59.75,36.89,False,False,False,❌ 空頭或無訊號
2023-10-13,27.7,10471451,898,-130,10,778,,69.56,47.78,False,False,False,❌ 空頭或無訊號
2023-10-16,27.35,23926713,-874,-180,-10,-1065,,64.43,53.33,False,False,False,❌ 空頭或無訊號
2023-10-17,27.85,21431783,2431,-477,249,2202,,67.95,58.21,False,False,False,❌ 空頭或無訊號
2023-10-18,27.5,13061769,-6165,-63,286,-5942,,65.44,60.62,False,False,False,❌ 空頭或無訊號
2023-10-19,27.35,10163679,-1651,-796,-82,-2530,,61.02,60.75,False,False,False,❌ 空頭或無訊號
2023-10-20,27.3,24800708,-8494,-657,18,-9132,,55.76,59.09,False,False,False,❌ 空頭或無訊號
2023-10-23,26.65,11869236,-3978,-360,-196,-4533,,37.17,51.78,False,False,False,❌ 空頭或無訊號
2023-10-24,26.85,9790215,-1121,-110,261,-970,,33.87,45.81,False,False,False,❌ 空頭或無訊號
2023-10-25,27.5,20642290,3298,447,138,3883,,41.52,44.38,False,False,False,❌ 空頭或無訊號
2023-10-26,26.8,11399649,-3906,-89,-370,-4365,,36.01,41.59,False,False,False,❌ 空頭或無訊號
2023-10-27,26.65,6202142,-2748,682,-68,-2133,,30.36,37.85,False,False,False,❌ 空頭或無訊號
2023-10-30,26.6,5866048,-1446,29,25,-1392,,25.93,33.88,False,False,False,❌ 空頭或無訊號
2023-10-31,26.55,6139869,543,148,105,796,,22.16,29.97,False,False,False,❌ 空頭或無訊號
2023-11-01,27.2,13577791,2244,-45,212,2411,,30.22,30.06,False,True,False,⭐ 弱勢反彈
2023-11-02,27.6,9222229,2624,166,-13,2777,,43.83,34.65,False,False,False,❌ 空頭或無訊號
2023-11-03,28.7,37168632,10279,-69,1293,11503,,61.89,43.73,False,False,False,❌ 空頭或無訊號
2023-11-06,28.75,25232978,-5007,-162,-487,-5655,,68.04,51.83,False,False,False,❌ 空頭或無訊號
2023-11-07,28.85,11910581,2837,-83,-63,2692,,73.34,59.0,False,False,False,❌ 空頭或無訊號
2023-11-08,28.35,16403442,1597,-241,444,1800,,70.92,62.97,False,False,False,❌ 空頭或無訊號
2023-11-09,28.45,8141262,673,-360,-216,97,,70.49,65.48,False,False,True,⭐ 弱勢反彈
2023-11-10,28.1,7809955,-1805,-180,-262,-2247,,66.04,65.67,False,False,True,⭐ 弱勢反彈
2023-11-13,27.85,14781955,-5310,-440,373,-5377,,57.63,62.99,False,False,True,⭐ 弱勢反彈
2023-11-14,28.35,11856609,1928,-228,608,2308,,54.64,60.21,False,False,True,⭐ 弱勢反彈
2023-11-15,28.9,21389178,8668,-1546,74,7196,,61.92,60.78,False,True,True,⭐⭐ 偏多觀察
2023-11-16,29.0,11034997,2113,-185,274,2202,,68.36,63.3,False,False,True,⭐ 弱勢反彈
2023-11-17,29.05,11922109,4780,-408,154,4527,,76.61,67.74,False,False,True,⭐ 弱勢反彈
2023-11-20,29.3,18772163,1581,-96,414,1898,,77.74,71.07,False,False,True,⭐ 弱勢反彈
2023-11-21,29.8,18717455,6749,-134,27,6642,,83.64,75.26,False,False,True,⭐ 弱勢反彈
2023-11-22,29.2,13461690,-2651,-111,-467,-3230,,78.49,76.34,False,False,True,⭐ 弱勢反彈
2023-11-23,29.5,11248055,4879,-301,116,4695,,79.6,77.43,False,False,True,⭐ 弱勢反彈
2023-11-24,29.75,9457828,1643,93,-163,1573,,83.62,79.49,False,False,True,⭐ 弱勢反彈
2023-11-27,29.4,9390925,875,-6,-111,758,,77.18,78.72,False,False,True,⭐ 弱勢反彈
2023-11-28,29.8,13414997,5564,-156,285,5694,,82.01,79.82,False,True,True,⭐⭐ 偏多觀察
2023-11-29,29.85,12805758,2994,-183,370,3181,,81.34,80.32,False,False,True,⭐ 弱勢反彈
2023-11-30,30.1,18192827,4941,-135,-497,4308,,87.56,82.73,False,False,True,⭐ 弱勢反彈
2023-12-01,29.6,10597678,-3621,-107,-296,-4024,,75.04,80.17,False,False,True,⭐ 弱勢反彈
2023-12-04,29.7,12064965,5817,435,238,6491,,70.03,76.79,False,False,True,⭐ 弱勢反彈
2023-12-05,29.4,8729878,700,328,-161,867,,55.46,69.68,False,False,True,⭐ 弱勢反彈
2023-12-06,29.15,8558664,-2133,257,-256,-2132,,36.97,58.78,False,False,True,⭐ 弱勢反彈
2023-12-07,28.7,10199322,-1505,4,-81,-1582,,24.65,47.4,False,False,True,⭐ 弱勢反彈
2023-12-08,28.8,5881091,1946,-195,-109,1642,,18.81,37.87,False,False,True,⭐ 弱勢反彈
2023-12-11,28.8,6168341,-398,75,-88,-411,,14.92,30.22,True,False,True,⭐⭐ 偏多觀察
2023-12-12,29.6,14559605,2841,439,98,3379,,31.38,30.61,True,True,True,⭐⭐⭐ 黃金買點
2023-12-13,29.9,32279294,11901,392,325,12618,,45.92,35.71,False,False,True,⭐ 弱勢反彈
2023-12-14,29.65,18879124,-665,-323,-678,-1666,,50.4,40.61,False,False,True,⭐ 弱勢反彈
2023-12-15,29.75,18354350,7756,-348,223,7632,,55.48,45.56,False,False,True,⭐ 弱勢反彈
2023-12-18,29.4,16264526,6623,-6539,-234,-151,,51.57,47.57,False,False,True,⭐ 弱勢反彈
2023-12-19,28.8,12762075,1098,-4853,-194,-3949,,36.46,43.86,False,False,True,⭐ 弱勢反彈
2023-12-20,28.9,10905613,4632,-5108,63,-413,,28.47,38.73,False,False,True,⭐ 弱勢反彈
2023-12-21,28.75,9668382,2969,-4913,94,-1851,,21.0,32.82,False,False,True,⭐ 弱勢反彈
2023-12-22,29.15,12249789,6824,-4873,184,2136,,24.1,29.92,False,False,True,⭐ 弱勢反彈
2023-12-25,28.9,4123116,-482,18,47,-417,,21.12,26.98,False,False,True,⭐ 弱勢反彈
2023-12-26,29.25,5103911,2497,-307,303,2493,,27.87,27.28,False,True,True,⭐⭐ 偏多觀察
2023-12-27,29.8,16084806,6453,-167,874,7160,,46.98,33.85,False,False,True,⭐ 弱勢反彈
2023-12-28,29.7,7349874,1097,-130,-699,267,,57.24,41.65,False,False,True,⭐ 弱勢反彈
2023-12-29,29.45,6276425,163,-62,-422,-321,,57.92,47.07,False,False,True,⭐ 弱勢反彈
2024-01-02,28.8,18991113,5236,-13296,-194,-8254,,42.31,45.48,False,False,True,⭐ 弱勢反彈
2024-01-03,28.1,21799821,-12394,-1331,-443,-14168,,28.21,39.73,False,False,False,❌ 空頭或無訊號
2024-01-04,28.25,8462972,-1728,23,-39,-1743,,22.23,33.89,False,False,False,❌ 空頭或無訊號
2024-01-05,30.85,130444412,51712,61,1329,53103,,45.93,37.9,False,True,True,⭐⭐ 偏多觀察
2024-01-08,29.9,65901191,-13714,28,-355,-14041,,50.51,42.11,False,False,True,⭐ 弱勢反彈
2024-01-09,29.45,25984927,-3025,29,-320,-3317,,48.73,44.31,False,False,True,⭐ 弱勢反彈
2024-01-10,29.05,18929190,-7559,42,-318,-7834,,43.24,43.95,False,False,True,⭐ 弱勢反彈
2024-01-11,28.9,15466437,-4833,-29,-133,-4995,,37.97,41.96,False,False,True,⭐ 弱勢反彈
2024-01-12,28.95,17252962,-7225,30,21,-7174,,34.99,39.63,False,False,True,⭐ 弱勢反彈
2024-01-15,28.9,10883857,-2131,49,96,-1986,,32.46,37.24,False,False,True,⭐ 弱勢反彈
2024-01-16,28.45,18485390,-7983,-445,-96,-8524,,25.94,33.48,False,False,False,❌ 空頭或無訊號
2024-01-17,27.55,30539834,-16156,109,55,-15992,,17.75,28.24,False,False,False,❌ 空頭或無訊號
2024-01-18,27.2,17102469,-5737,-18,-36,-5791,,12.66,23.04,True,False,False,⭐ 弱勢反彈
2024-01-19,27.25,18446947,-3762,136,-72,-3698,,9.98,18.69,True,False,False,⭐ 弱勢反彈
2024-01-22,27.45,21835709,-2857,-77,-104,-3037,,11.23,16.2,True,False,False,⭐ 弱勢反彈
2024-01-23,27.85,13123939,3768,-75,-69,3624,,18.6,17.0,True,True,False,⭐⭐ 偏多觀察
2024-01-24,27.9,15551246,895,-81,-39,775,,24.25,19.42,True,False,False,⭐ 弱勢反彈
2024-01-25,28.05,12583361,-8,-132,-186,-325,,30.56,23.13,False,False,False,❌ 空頭或無訊號
2024-01-26,27.95,13978087,1854,-161,-338,1355,,37.04,27.77,False,False,False,❌ 空頭或無訊號
2024-01-29,27.7,9137263,-1440,-29,101,-1368,,38.98,31.5,False,False,False,❌ 空頭或無訊號
2024-01-30,27.05,17833180,-7185,-278,-2,-7466,,25.99,29.66,False,False,False,❌ 空頭或無訊號
2024-01-31,27.0,15809905,-2435,-143,-3,-2581,,19.41,26.25,False,False,False,❌ 空頭或無訊號
2024-02-01,27.1,11709036,1439,-25,9,1423,,17.99,23.49,True,False,False,⭐ 弱勢反彈
2024-02-02,26.7,20827594,-9693,-23,-38,-9754,,11.99,19.66,True,False,False,⭐ 弱勢反彈
2024-02-05,26.8,12026676,-1396,248,47,-1101,,12.27,17.2,True,False,False,⭐ 弱勢反彈
2024-02-15,26.9,14450354,346,-197,94,243,,14.49,16.29,True,False,False,⭐ 弱勢反彈
2024-02-16,27.3,12752078,2385,-105,346,2625,,26.32,19.64,True,True,False,⭐⭐ 偏多觀察
2024-02-19,27.75,10711669,3287,8,103,3398,,44.22,27.83,False,False,False,❌ 空頭或無訊號
2024-02-20,27.45,9315698,-2469,-161,-112,-2743,,52.55,36.07,False,False,False,❌ 空頭或無訊號
2024-02-21,27.15,8391084,-2283,-5,49,-2239,,50.42,40.85,False,False,False,❌ 空頭或無訊號
2024-02-22,27.1,12471349,-5179,-67,185,-5061,,47.72,43.14,False,False,False,❌ 空頭或無訊號
2024-02-23,26.75,13822954,-4455,-98,-182,-4735,,36.94,41.07,False,False,False,❌ 空頭或無訊號
2024-02-26,26.7,10816613,-2838,-229,53,-3014,,28.47,36.87,False,False,False,❌ 空頭或無訊號
2024-02-27,26.6,17018177,-6118,-131,-155,-6405,,21.45,31.73,False,False,False,❌ 空頭或無訊號
2024-02-29,27.6,25928101,904,34,-36,902,,42.43,35.3,False,True,False,⭐ 弱勢反彈
2024-03-01,26.9,17183088,-3812,-241,166,-3888,,41.83,37.47,False,False,False,❌ 空頭或無訊號
2024-03-04,26.9,16185084,-5513,-76,256,-5334,,41.43,38.79,False,False,False,❌ 空頭或無訊號
2024-03-05,27.1,33483674,-5209,-243,362,-5091,,44.79,40.79,False,False,False,❌ 空頭或無訊號
2024-03-06,26.8,12829767,-5019,-96,-351,-5465,,40.97,40.85,False,False,False,❌ 空頭或無訊號
2024-03-07,26.6,15002056,-3631,-181,-99,-3912,,34.38,38.69,False,False,False,❌ 空頭或無訊號
2024-03-08,26.95,32077374,-671,-161,61,-770,,37.06,38.15,False,False,False,❌ 空頭或無訊號
2024-03-11,26.95,10449940,-1623,-15,78,-1561,,38.85,38.38,False,True,False,⭐ 弱勢反彈
2024-03-12,27.15,11978389,-2275,1,177,-2097,,44.08,40.28,False,False,False,❌ 空頭或無訊號
2024-03-13,26.6,19098754,-3639,-94,-189,-3922,,29.39,36.65,False,False,False,❌ 空頭或無訊號
2024-03-14,26.6,10813087,-1882,-217,-246,-2345,,19.59,30.97,False,False,False,❌ 空頭或無訊號
2024-03-15,26.3,22241798,-6059,-182,-101,-6342,,13.06,25.0,True,False,False,⭐ 弱勢反彈
2024-03-18,26.8,10017105,1848,35,128,2012,,22.6,24.2,True,False,False,⭐ 弱勢反彈
2024-03-19,26.95,11690572,1233,-201,144,1176,,33.12,27.17,False,True,False,⭐ 弱勢反彈
2024-03-20,26.6,12263244,-2723,-51,-215,-2989,,30.41,28.25,False,False,False,❌ 空頭或無訊號
2024-03-21,26.75,11901640,-584,-46,266,-364,,32.78,29.76,False,False,False,❌ 空頭或無訊號
2024-03-22,26.6,9394082,-2834,4,-33,-2863,,30.18,29.9,False,False,False,❌ 空頭或無訊號
2024-03-25,26.35,10866966,-2785,-88,-217,-3090,,21.51,27.1,False,False,False,❌ 空頭或無訊號
2024-03-26,26.05,16934757,-6331,-42,-123,-6496,,14.34,22.85,False,False,False,❌ 空頭或無訊號
2024-03-27,25.7,22056249,-6153,-21,-69,-6243,,12.59,19.43,True,False,False,⭐ 弱勢反彈
2024-03-28,25.9,29474807,655,-67,36,624,,21.57,20.14,True,True,False,⭐⭐ 偏多觀察
2024-03-29,25.8,10611238,476,-64,53,465,,26.01,22.1,False,False,False,❌ 空頭或無訊號
2024-04-01,25.95,10059688,462,-51,82,493,,31.29,25.16,False,False,False,❌ 空頭或無訊號
2024-04-02,25.9,7985942,-942,-25,63,-904,,34.68,28.34,False,False,False,❌ 空頭或無訊號
2024-04-03,25.4,12071941,-5500,-87,-76,-5663,,29.6,28.76,False,False,False,❌ 空頭或無訊號
2024-04-08,25.2,14068887,-1548,-75,20,-1603,,22.96,26.83,False,False,False,❌ 空頭或無訊號
2024-04-09,25.6,12021199,3002,-87,153,3068,,27.95,27.2,False,True,False,⭐ 弱勢反彈
2024-04-10,25.95,19760939,-1130,-208,681,-657,,40.86,31.75,False,False,False,❌ 空頭或無訊號
2024-04-11,25.4,12644719,-7684,-78,-297,-8059,,35.88,33.13,False,False,False,❌ 空頭或無訊號
2024-04-12,25.2,12890656,-6828,-146,-231,-7204,,26.48,30.91,False,False,False,❌ 空頭或無訊號
2024-04-15,25.0,17824305,-6405,-16,-211,-6632,,19.88,27.24,False,False,False,❌ 空頭或無訊號
2024-04-16,24.15,26693076,-1159,-651,-452,-2261,,15.34,23.27,True,False,False,⭐ 弱勢反彈
2024-04-17,23.65,34846706,-7233,-4365,-257,-11855,,11.95,19.49,True,False,False,⭐ 弱勢反彈
2024-04-18,23.05,35473179,1499,-5802,-85,-4388,,8.46,15.82,True,False,False,⭐ 弱勢反彈
2024-04-19,22.2,43447985,-2501,34,-744,-3211,,8.2,13.28,True,False,False,⭐ 弱勢反彈
2024-04-22,21.7,28100435,-6600,26,-46,-6621,,5.47,10.67,True,False,False,⭐ 弱勢反彈
2024-04-23,21.85,26061263,727,0,329,1056,,4.84,8.73,True,False,False,⭐ 弱勢反彈
2024-04-24,22.6,31255864,-1910,-11,487,-1434,,11.22,9.56,True,True,False,⭐⭐ 偏多觀察
2024-04-25,21.95,21757791,-10036,374,-226,-9888,,9.86,9.66,True,False,False,⭐ 弱勢反彈
2024-04-26,22.15,32541668,16431,-14867,160,1724,,11.34,10.22,True,False,False,⭐ 弱勢反彈
2024-04-29,23.2,31862710,6287,0,374,6661,,27.56,16.0,True,False,False,⭐ 弱勢反彈
2024-04-30,22.85,19911067,-5730,0,53,-5677,,38.55,23.52,False,False,False,❌ 空頭或無訊號
2024-05-02,23.6,31518262,361,-3,1000,1359,,55.86,34.3,False,False,False,❌ 空頭或無訊號
2024-05-03,25.35,95562416,-6081,0,-615,-6696,,66.21,44.93,False,False,False,❌ 空頭或無訊號
2024-05-06,25.2,45471714,-5313,2,-797,-6108,,71.92,53.93,False,False,False,❌ 空頭或無訊號
2024-05-07,24.7,26073976,2377,0,-213,2164,,71.28,59.71,False,False,False,❌ 空頭或無訊號
2024-05-08,24.7,20244030,-1715,-7,77,-1645,,70.85,63.42,False,False,False,❌ 空頭或無訊號
2024-05-09,24.75,15855023,-1380,-4,-408,-1791,,70.48,65.78,False,False,False,❌ 空頭或無訊號
2024-05-10,24.35,14354210,-2800,0,81,-2718,,65.56,65.7,False,False,False,❌ 空頭或無訊號
2024-05-13,24.1,15763527,1151,6,73,1230,,57.68,63.03,False,False,False,❌ 空頭或無訊號
2024-05-14,24.85,21925679,-1295,-4,719,-580,,60.31,62.12,False,False,False,❌ 空頭或無訊號
2024-05-15,24.7,25831992,-2520,-24,1209,-1335,,53.54,59.26,False,False,False,❌ 空頭或無訊號
2024-05-16,26.45,80681492,40232,35,1835,42101,,65.52,61.35,False,True,False,⭐ 弱勢反彈
2024-05-17,25.65,42453685,-13667,-1122,-1142,-15932,,64.15,62.28,False,False,False,❌ 空頭或無訊號
2024-05-20,25.45,24833460,-6897,-10,123,-6784,,60.89,61.82,False,False,False,❌ 空頭或無訊號
2024-05-21,25.55,12496618,-416,-63,76,-403,,59.89,61.18,False,False,False,❌ 空頭或無訊號
2024-05-22,26.15,34810495,-471,25,969,523,,66.25,62.87,False,True,False,⭐ 弱勢反彈
2024-05-23,26.55,37759821,7225,-6,-217,7003,,74.62,66.79,False,False,False,❌ 空頭或無訊號
2024-05-24,25.65,31228581,-14999,-12,-621,-15632,,67.75,67.11,False,False,False,❌ 空頭或無訊號
2024-05-27,25.95,30149469,2724,-6,102,2820,,67.17,67.13,False,False,False,❌ 空頭或無訊號
2024-05-28,26.35,31174189,4811,-4,78,4885,,70.22,68.16,False,False,False,❌ 空頭或無訊號
2024-05-29,25.8,19424490,-5192,-3,-526,-5721,,58.64,64.98,False,False,False,❌ 空頭或無訊號
2024-05-30,25.4,21555668,-2118,1,-480,-2597,,42.32,57.43,False,False,False,❌ 空頭或無訊號
2024-05-31,24.9,299505430,-10050,-62,21,-10091,,32.09,48.98,False,False,False,❌ 空頭或無訊號
2024-06-03,24.75,24184600,-8570,3,-604,-9172,,22.94,40.3,False,False,False,❌ 空頭或無訊號
2024-06-04,24.25,16929597,-3547,0,-438,-3986,,15.29,31.97,False,False,False,❌ 空頭或無訊號
2024-06-05,24.3,19152584,-5112,42,-214,-5283,,15.53,26.49,True,False,False,⭐ 弱勢反彈
2024-06-06,24.15,13292288,-2719,-10,-44,-2773,,13.69,22.22,True,False,False,⭐ 弱勢反彈
2024-06-07,24.75,17743733,3161,0,649,3810,,20.46,21.63,True,False,False,⭐ 弱勢反彈
2024-06-11,25.2,30059333,2299,71,842,3211,,31.33,24.86,False,True,False,⭐ 弱勢反彈
2024-06-12,25.25,21817636,-2883,4,-107,-2986,,41.34,30.36,False,False,False,❌ 空頭或無訊號
2024-06-13,26.2,63422843,23325,103,934,24362,,54.46,38.39,False,False,False,❌ 空頭或無訊號
2024-06-14,26.7,44242010,7298,-3,69,7364,,69.05,48.61,False,False,False,❌ 空頭或無訊號
2024-06-17,27.8,93896893,26395,-10,3213,29598,,74.3,57.17,False,False,True,⭐ 弱勢反彈
2024-06-18,27.55,44208657,-10798,16,-1824,-12606,,75.98,63.44,False,False,True,⭐ 弱勢反彈
2024-06-19,26.7,38477436,-7544,-134,-1041,-8720,,70.35,65.75,False,False,False,❌ 空頭或無訊號
2024-06-20,27.6,49206296,10541,102,3116,13759,,73.09,68.19,False,False,True,⭐ 弱勢反彈
2024-06-21,27.6,24765478,-74,14,-585,-645,,73.95,70.11,False,False,True,⭐ 弱勢反彈
2024-06-24,26.85,22933506,-7415,12,-560,-7963,,67.57,69.26,False,False,True,⭐ 弱勢反彈
2024-06-25,26.55,14973801,-1216,5,-966,-2177,,52.89,63.81,False,False,True,⭐ 弱勢反彈
2024-06-26,26.35,16511680,-1174,8,-378,-1543,,40.49,56.03,False,False,True,⭐ 弱勢反彈
2024-06-27,26.1,11755778,-5065,6,-205,-5264,,28.32,46.8,False,False,True,⭐ 弱勢反彈
2024-06-28,26.8,16987972,1247,41,702,1990,,31.29,41.63,False,False,True,⭐ 弱勢反彈
2024-07-01,27.15,26183052,-3968,5,1148,-2815,,40.02,41.09,False,False,True,⭐ 弱勢反彈
2024-07-02,26.7,17914732,-6595,2,-457,-7049,,38.35,40.18,False,False,True,⭐ 弱勢反彈
2024-07-03,26.9,11785701,2736,19,71,2826,,42.23,40.86,False,True,True,⭐⭐ 偏多觀察
2024-07-04,26.95,16631484,2321,0,148,2469,,47.95,43.22,False,False,True,⭐ 弱勢反彈
2024-07-05,26.8,11665887,-2628,65,-108,-2671,,48.63,45.03,False,False,True,⭐ 弱勢反彈
2024-07-08,26.75,16564624,-1016,16,5,-995,,48.05,46.03,False,False,True,⭐ 弱勢反彈
2024-07-09,26.45,22350548,-6411,-43,-472,-6926,,41.41,44.49,False,False,True,⭐ 弱勢反彈
2024-07-10,26.15,12559565,-454,9,-65,-510,,30.73,39.9,False,False,True,⭐ 弱勢反彈
2024-07-11,26.65,15203057,7564,3,318,7885,,34.03,37.94,False,False,True,⭐ 弱勢反彈
2024-07-12,26.45,12198157,2403,22,111,2536,,33.4,36.43,False,False,True,⭐ 弱勢反彈
2024-07-15,25.75,25045070,-12164,-11,-662,-12837,,23.25,32.04,False,False,True,⭐ 弱勢反彈
2024-07-16,25.65,15256408,-2124,-2198,-343,-4665,,15.5,26.52,False,False,True,⭐ 弱勢反彈
2024-07-17,24.75,63369685,-27239,-63,-94,-27397,,20.69,24.58,True,False,False,⭐ 弱勢反彈
2024-07-18,24.15,38423833,-18310,67,-339,-18582,,18.75,22.64,False,False,False,❌ 空頭或無訊號
2024-07-19,23.7,24010648,-12441,-2,-319,-12762,,13.51,19.59,True,False,False,⭐ 弱勢反彈
2024-07-22,23.2,22775219,-4263,57,-49,-4255,,10.72,16.63,True,False,False,⭐ 弱勢反彈
2024-07-23,23.3,15656780,-4905,2,43,-4860,,9.71,14.33,True,False,False,⭐ 弱勢反彈
2024-07-26,23.15,14026517,-247,18,-198,-426,,10.74,13.13,True,False,False,⭐ 弱勢反彈
2024-07-29,22.75,14275506,-6129,44,-49,-6134,,8.39,11.55,True,False,False,⭐ 弱勢反彈
2024-07-30,23.0,15096393,-2930,22,62,-2846,,11.5,11.53,True,False,False,⭐ 弱勢反彈
2024-07-31,23.0,8513820,-2015,10,178,-1826,,15.45,12.84,True,True,False,⭐⭐ 偏多觀察
2024-08-01,23.75,13498192,4009,1,538,4548,,33.87,19.85,True,False,False,⭐ 弱勢反彈
2024-08-02,23.2,14461486,-1008,0,-676,-1684,,38.37,26.02,False,False,False,❌ 空頭或無訊號
2024-08-05,20.95,43266129,-6100,-77,-1504,-7680,,26.16,26.07,False,False,False,❌ 空頭或無訊號
2024-08-06,20.35,32077790,-3238,-58,-378,-3674,,23.06,25.07,False,False,False,❌ 空頭或無訊號
2024-08-07,21.3,18052037,1731,51,-9,1773,,28.63,26.25,False,True,False,⭐ 弱勢反彈
2024-08-08,20.85,10530649,-687,1,-144,-830,,28.72,27.08,False,False,False,❌ 空頭或無訊號
2024-08-09,21.45,19266555,245,-2,-245,-2,,33.61,29.25,False,False,False,❌ 空頭或無訊號
2024-08-12,22.0,9763402,2001,9,-135,1875,,41.28,33.26,False,False,False,❌ 空頭或無訊號
2024-08-13,21.85,9013345,1017,0,-29,988,,45.19,37.24,False,False,False,❌ 空頭或無訊號
2024-08-14,22.2,11312443,2817,15,60,2892,,51.65,42.04,False,False,False,❌ 空頭或無訊號
2024-08-15,21.95,7586631,-216,8,-80,-288,,59.99,48.02,False,False,False,❌ 空頭或無訊號
2024-08-16,22.05,9035691,1096,-23,20,1093,,67.58,54.54,False,False,False,❌ 空頭或無訊號
2024-08-19,22.0,4840074,1328,-7,-117,1204,,69.44,59.51,False,False,False,❌ 空頭或無訊號
2024-08-20,22.0,6168646,-644,-8,-21,-673,,70.23,63.08,False,False,False,❌ 空頭或無訊號
2024-08-21,21.75,8305472,-1193,30,-451,-1614,,61.1,62.42,False,False,False,❌ 空頭或無訊號
2024-08-22,21.85,5778580,1196,-4,-117,1075,,48.14,57.66,False,False,False,❌ 空頭或無訊號
2024-08-23,21.5,10203327,-4213,-19,108,-4124,,38.51,51.28,False,False,False,❌ 空頭或無訊號
2024-08-26,21.85,9462520,4128,8,39,4175,,41.05,47.87,False,False,False,❌ 空頭或無訊號
2024-08-27,21.7,7616736,-2839,-3,-188,-3030,,40.41,45.38,False,False,False,❌ 空頭或無訊號
2024-08-28,21.55,6537929,-2225,8,95,-2122,,35.64,42.14,False,False,False,❌ 空頭或無訊號
2024-08-29,21.5,6879640,-259,0,-9,-268,,31.33,38.53,False,False,False,❌ 空頭或無訊號
2024-08-30,21.6,7924740,406,-8,120,518,,31.5,36.19,False,False,False,❌ 空頭或無訊號
2024-09-02,21.15,10730730,-6388,0,-10,-6398,,21.0,31.12,False,False,False,❌ 空頭或無訊號
2024-09-03,20.7,12671659,-6252,17,-69,-6305,,14.0,25.42,False,False,False,❌ 空頭或無訊號
2024-09-04,19.8,25292205,-10886,12,-633,-11507,,16.86,22.56,True,False,False,⭐ 弱勢反彈
2024-09-05,20.35,21891981,-3662,-22,-157,-3841,,24.68,23.27,True,True,False,⭐⭐ 偏多觀察
2024-09-06,20.3,15459472,-5229,5,-219,-5444,,30.74,25.76,False,False,False,❌ 空頭或無訊號
2024-09-09,20.0,13967633,-4396,0,-115,-4511,,31.81,27.78,False,False,False,❌ 空頭或無訊號
2024-09-10,19.65,9759196,-3506,49,-178,-3635,,28.13,27.89,False,False,False,❌ 空頭或無訊號
2024-09-11,20.0,9332992,3429,20,400,3849,,30.07,28.62,False,False,False,❌ 空頭或無訊號
2024-09-12,20.35,9305166,536,6,215,757,,36.07,31.1,False,False,False,❌ 空頭或無訊號
2024-09-13,20.5,5095779,1356,0,4,1360,,44.34,35.52,False,False,False,❌ 空頭或無訊號
2024-09-16,20.8,7348546,1035,7,-17,1025,,57.89,42.97,False,False,False,❌ 空頭或無訊號
2024-09-18,20.5,8155648,-1418,53,-219,-1584,,59.03,48.33,False,False,False,❌ 空頭或無訊號
2024-09-19,20.6,7917782,324,0,135,459,,64.35,53.67,False,False,False,❌ 空頭或無訊號
2024-09-20,20.7,11042283,1152,113,-4,1261,,68.46,58.6,False,False,False,❌ 空頭或無訊號
2024-09-23,20.8,6727302,-222,3,265,46,,73.22,63.47,False,False,False,❌ 空頭或無訊號
2024-09-24,20.85,5557674,1142,0,-14,1128,,76.82,67.92,False,False,False,❌ 空頭或無訊號
2024-09-25,21.35,16338994,5515,0,681,6196,,78.13,71.32,False,False,False,❌ 空頭或無訊號
2024-09-26,21.15,8345635,-1482,17,125,-1340,,73.08,71.91,False,False,False,❌ 空頭或無訊號
2024-09-27,22.0,29409144,12923,-188,678,13413,,78.54,74.12,False,False,False,❌ 空頭或無訊號
2024-09-30,21.6,12624305,-1661,-17,-491,-2169,,75.17,74.47,False,False,False,❌ 空頭或無訊號
2024-10-01,20.9,16240731,-7859,-52,-419,-8330,,60.64,69.86,False,False,False,❌ 空頭或無訊號
2024-10-04,20.6,13892942,-2418,0,-183,-2601,,45.69,61.8,False,False,False,❌ 空頭或無訊號
2024-10-07,20.7,8749820,1775,0,106,1881,,37.48,53.69,False,False,False,❌ 空頭或無訊號
2024-10-08,20.55,10801654,-1318,4,-96,-1410,,30.11,45.83,False,False,False,❌ 空頭或無訊號
2024-10-09,20.1,8511957,-3596,-127,-135,-3858,,20.08,37.25,False,False,False,❌ 空頭或無訊號
2024-10-11,20.15,5280022,42,0,-37,5,,14.18,29.56,False,False,False,❌ 空頭或無訊號
2024-10-14,20.15,5498881,59,39,47,145,,11.72,23.61,True,False,False,⭐ 弱勢反彈
2024-10-15,20.25,6798807,2031,-13,96,2114,,12.45,19.89,True,False,False,⭐ 弱勢反彈
2024-10-16,19.85,14120120,-8821,-6,171,-8656,,10.2,16.66,True,False,False,⭐ 弱勢反彈
2024-10-17,20.3,10867930,3563,0,209,3772,,23.47,18.93,True,True,False,⭐⭐ 偏多觀察
2024-10-18,19.9,11260228,-4686,0,209,-4477,,20.41,19.42,False,False,False,❌ 空頭或無訊號
2024-10-21,20.05,8080809,-238,-11,113,-137,,24.13,20.99,False,False,False,❌ 空頭或無訊號
2024-10-22,20.05,7223552,2549,9,18,2576,,26.61,22.87,False,False,False,❌ 空頭或無訊號
2024-10-23,20.0,25623247,-10899,-3,-545,-11447,,26.08,23.94,False,False,False,❌ 空頭或無訊號
2024-10-24,19.7,15042861,-4997,0,-188,-5185,,17.38,21.75,False,False,False,❌ 空頭或無訊號
2024-10-25,19.3,21715657,-6049,0,-113,-6161,,13.74,19.08,True,False,False,⭐ 弱勢反彈
2024-10-28,19.0,31050359,808,0,-7,802,,13.33,17.16,True,False,False,⭐ 弱勢反彈
2024-10-29,18.55,16182857,-4779,-5,-210,-4994,,9.63,14.65,True,False,False,⭐ 弱勢反彈
2024-10-30,18.0,24767835,-3407,-2,-6,-3416,,6.42,11.91,True,False,False,⭐ 弱勢反彈
2024-11-01,18.4,20800560,1164,0,204,1367,,14.57,12.79,True,True,False,⭐⭐ 偏多觀察
2024-11-04,18.35,15412039,319,1,367,687,,19.52,15.04,True,False,False,⭐ 弱勢反彈
2024-11-05,18.05,10102508,-257,0,-45,-302,,19.88,16.65,True,False,False,⭐ 弱勢反彈
2024-11-06,18.3,11718786,665,32,-100,597,,24.77,19.35,True,False,False,⭐ 弱勢反彈
2024-11-07,19.0,14839953,6509,0,249,6758,,38.96,25.89,False,False,False,❌ 空頭或無訊號
2024-11-08,18.7,10300059,-1391,0,-11,-1402,,48.47,33.42,False,False,False,❌ 空頭或無訊號
2024-11-11,18.2,11850798,-1177,0,-179,-1356,,47.63,38.15,False,False,False,❌ 空頭或無訊號
2024-11-12,17.8,16076333,-1980,7,-330,-2303,,39.86,38.72,False,False,False,❌ 空頭或無訊號
2024-11-13,17.8,10488458,-649,-3,-43,-695,,34.68,37.38,False,False,False,❌ 空頭或無訊號
2024-11-14,17.45,13661523,-2548,0,40,-2508,,23.12,32.63,False,False,False,❌ 空頭或無訊號
2024-11-15,17.9,7475316,3847,0,43,3889,,23.99,29.75,False,False,False,❌ 空頭或無訊號
2024-11-18,18.15,8291634,2862,0,104,2966,,29.32,29.6,False,False,False,❌ 空頭或無訊號
2024-11-19,18.05,7402084,1000,-39,280,1241,,30.98,30.06,False,True,False,⭐ 弱勢反彈
2024-11-20,17.7,8612861,-2127,0,-166,-2293,,25.55,28.56,False,False,False,❌ 空頭或無訊號
2024-11-21,17.75,10571845,3853,-48,3,3808,,25.04,27.39,False,False,False,❌ 空頭或無訊號
2024-11-22,17.6,16593126,-162,0,203,41,,22.57,25.78,False,False,False,❌ 空頭或無訊號
2024-11-25,17.6,16944810,3514,6,101,3621,,20.93,24.16,False,False,False,❌ 空頭或無訊號
2024-11-26,17.95,16227494,3831,0,50,3881,,33.56,27.3,False,True,False,⭐ 弱勢反彈
2024-11-27,17.15,22571491,-10848,-16,-466,-11330,,22.37,25.66,False,False,False,❌ 空頭或無訊號
2024-11-28,16.6,26813425,1746,8,-311,1443,,18.43,23.25,False,False,False,❌ 空頭或無訊號
2024-11-29,16.95,14839903,-732,-3,-130,-865,,21.93,22.81,True,False,False,⭐ 弱勢反彈
2024-12-02,16.65,12255305,-3995,0,-2,-3997,,19.38,21.67,False,False,False,❌ 空頭或無訊號
2024-12-03,16.85,11440492,3634,0,277,3911,,21.75,21.69,True,True,False,⭐⭐ 偏多觀察
2024-12-04,17.1,9026677,3942,0,219,4161,,28.22,23.87,False,False,False,❌ 空頭或無訊號
2024-12-05,16.7,8899754,-3442,8,-118,-3552,,24.7,24.15,False,False,False,❌ 空頭或無訊號
2024-12-06,16.8,9555446,2060,0,56,2116,,24.31,24.2,False,False,False,❌ 空頭或無訊號
2024-12-09,16.65,10825445,-1392,-10,-84,-1487,,21.41,23.27,False,False,False,❌ 空頭或無訊號
2024-12-10,16.7,8607051,983,0,63,1046,,25.39,23.98,False,True,False,⭐ 弱勢反彈
2024-12-11,15.75,34456127,-7607,0,-685,-8292,,16.92,21.63,False,False,False,❌ 空頭或無訊號
2024-12-12,15.55,20615045,3709,-11,126,3824,,12.26,18.51,True,False,False,⭐ 弱勢反彈
2024-12-13,15.05,33812395,8082,-70,-95,7917,,8.93,15.31,True,False,False,⭐ 弱勢反彈
2024-12-16,15.05,23585344,4351,-18,144,4476,,7.44,12.69,True,False,False,⭐ 弱勢反彈
2024-12-17,15.1,16756681,-155,135,-116,-135,,7.18,10.85,True,False,False,⭐ 弱勢反彈
2024-12-18,15.65,24594071,8270,10,224,8504,,15.16,12.29,True,True,False,⭐⭐ 偏多觀察
2024-12-19,15.75,24061128,-7899,0,388,-7511,,21.96,15.51,True,False,False,⭐ 弱勢反彈
2024-12-20,15.3,17981173,-5199,-32,-713,-5944,,19.82,16.95,False,False,False,❌ 空頭或無訊號
2024-12-23,15.9,20472639,10327,0,219,10546,,31.31,21.74,True,False,False,⭐ 弱勢反彈
2024-12-24,16.75,46016831,718,0,864,1582,,46.41,29.96,False,False,False,❌ 空頭或無訊號
2024-12-25,16.6,22309051,-3828,-10,-168,-4006,,54.34,38.09,False,False,False,❌ 空頭或無訊號
2024-12-26,16.5,9937206,-1234,4,-26,-1256,,58.21,44.8,False,False,False,❌ 空頭或無訊號
2024-12-27,16.55,13411211,1015,-17,19,1017,,61.27,50.29,False,False,False,❌ 空頭或無訊號
2024-12-30,16.0,10082830,-350,0,-1,-352,,55.34,51.97,False,False,False,❌ 空頭或無訊號
2024-12-31,15.9,10495050,755,1,-294,462,,46.89,50.28,False,False,False,❌ 空頭或無訊號
2025-01-02,15.7,10265203,-74,0,-649,-723,,37.93,46.16,False,False,False,❌ 空頭或無訊號
2025-01-03,15.6,9856123,-629,0,-81,-710,,27.14,39.82,False,False,False,❌ 空頭或無訊號
2025-01-06,15.85,13013564,3208,16,461,3685,,22.99,34.21,False,False,False,❌ 空頭或無訊號
2025-01-07,15.2,20483942,-8838,0,-601,-9439,,16.16,28.2,False,False,False,❌ 空頭或無訊號
2025-01-08,15.15,8427400,-1146,-14,59,-1101,,12.68,23.02,True,False,False,⭐ 弱勢反彈
2025-01-09,14.3,28827485,-8150,0,-522,-8673,,9.18,18.41,True,False,False,⭐ 弱勢反彈
2025-01-10,14.2,10512371,-388,-22,125,-285,,6.12,14.31,True,False,False,⭐ 弱勢反彈
2025-01-13,13.65,25797589,5197,0,11,5208,,5.93,11.52,True,False,False,⭐ 弱勢反彈
2025-01-14,14.1,13672619,2161,8,-185,1984,,11.36,11.47,True,False,False,⭐ 弱勢反彈
2025-01-15,14.3,9148164,1582,0,183,1764,,17.45,13.46,True,True,False,⭐⭐ 偏多觀察
2025-01-16,14.45,10020765,163,8,388,559,,23.36,16.76,True,False,False,⭐ 弱勢反彈
2025-01-17,15.0,25485817,4342,-37,639,4944,,34.09,22.54,False,False,False,❌ 空頭或無訊號
2025-01-20,16.5,17148618,-278,0,519,241,,56.06,33.71,False,False,False,❌ 空頭或無訊號
2025-01-21,18.15,22396856,-768,0,2047,1279,,70.71,46.04,False,False,False,❌ 空頭或無訊號
2025-01-22,19.95,83176681,-8104,-12,-2029,-10145,,80.47,57.52,False,False,True,⭐ 弱勢反彈
2025-02-03,20.7,190140299,-24020,0,2980,-21041,,86.98,67.34,False,False,True,⭐ 弱勢反彈
2025-02-04,18.65,114708343,-18152,32,-3314,-21434,,81.42,72.03,False,False,True,⭐ 弱勢反彈
2025-02-05,18.55,53651568,-7221,0,-992,-8212,,77.07,73.71,False,False,True,⭐ 弱勢反彈
2025-02-06,18.3,68508909,-1344,-11,644,-711,,72.21,73.21,False,False,False,❌ 空頭或無訊號
2025-02-07,17.6,46085161,-9943,0,-282,-10224,,65.33,70.59,False,False,False,❌ 空頭或無訊號
2025-02-10,16.85,47529422,504,0,-290,214,,46.33,62.5,False,False,False,❌ 空頭或無訊號
2025-02-11,17.55,67853516,-11007,0,2364,-8643,,37.64,54.21,False,False,False,❌ 空頭或無訊號
2025-02-12,17.2,31647361,-1496,12,-1061,-2545,,28.89,45.77,False,False,False,❌ 空頭或無訊號
2025-02-13,18.15,73853418,10723,0,1104,11828,,31.07,40.87,False,False,False,❌ 空頭或無訊號
2025-02-14,18.35,56873378,6401,6,539,6946,,35.95,39.23,False,False,True,⭐ 弱勢反彈
2025-02-17,18.45,48835974,6974,0,988,7961,,49.15,42.54,False,True,True,⭐⭐ 偏多觀察
2025-02-18,18.45,26205474,-345,-17,-397,-760,,59.75,48.28,False,False,True,⭐ 弱勢反彈
2025-02-19,18.9,45924681,8016,0,1439,9455,,70.33,55.63,False,False,True,⭐ 弱勢反彈
2025-02-20,18.45,35148279,-8349,8,-650,-8991,,70.5,60.59,False,False,True,⭐ 弱勢反彈
2025-02-21,18.65,22285312,5384,6,456,5846,,72.2,64.46,False,False,True,⭐ 弱勢反彈
2025-02-24,18.7,17302542,2655,0,79,2734,,73.78,67.56,False,False,True,⭐ 弱勢反彈
2025-02-25,19.0,34861968,6799,0,770,7570,,79.81,71.65,False,False,True,⭐ 弱勢反彈
2025-02-26,18.5,27505770,-4670,0,-1367,-6037,,72.56,71.95,False,False,True,⭐ 弱勢反彈
2025-02-27,18.35,20065934,-695,26,-500,-1169,,58.52,67.48,False,False,True,⭐ 弱勢反彈
2025-03-03,17.6,23294496,-5805,4,-201,-6002,,39.01,57.99,False,False,False,❌ 空頭或無訊號
2025-03-04,18.0,15674131,1571,0,349,1920,,40.18,52.05,False,False,True,⭐ 弱勢反彈
2025-03-05,18.6,19073049,8154,3,1077,9234,,50.95,51.68,False,False,True,⭐ 弱勢反彈
2025-03-06,18.05,17081790,-3527,7,-1821,-5342,,49.76,51.04,False,False,True,⭐ 弱勢反彈
2025-03-07,17.95,13450934,-1918,3,-112,-2028,,47.21,49.76,False,False,True,⭐ 弱勢反彈
2025-03-10,18.6,31038072,11132,0,608,11741,,56.91,52.15,False,True,True,⭐⭐ 偏多觀察
2025-03-11,18.05,29403015,-7670,8,-625,-8287,,54.61,52.97,False,False,True,⭐ 弱勢反彈
2025-03-12,18.3,29990721,992,4,474,1471,,57.7,54.54,False,False,True,⭐ 弱勢反彈
2025-03-13,17.7,22753648,-7320,0,-1440,-8761,,48.65,52.58,False,False,True,⭐ 弱勢反彈
2025-03-14,18.0,18690090,715,11,428,1154,,48.18,51.11,False,False,True,⭐ 弱勢反彈
2025-03-17,17.95,14498294,-3375,6,-104,-3473,,41.64,47.95,False,False,True,⭐ 弱勢反彈
2025-03-18,17.95,12140700,-2723,90,252,-2381,,37.28,44.4,False,False,True,⭐ 弱勢反彈
2025-03-19,17.8,13149613,758,0,-79,679,,30.81,39.87,False,False,True,⭐ 弱勢反彈
2025-03-20,18.15,14056961,6643,9,631,7283,,34.82,38.19,False,False,True,⭐ 弱勢反彈
2025-03-21,17.85,18093370,-7397,1,-767,-8163,,32.74,36.37,False,False,True,⭐ 弱勢反彈
2025-03-24,17.6,9792739,-3795,8,-123,-3910,,23.41,32.05,False,False,True,⭐ 弱勢反彈
2025-03-25,17.2,14594575,-3020,6,-208,-3222,,15.61,26.57,False,False,False,❌ 空頭或無訊號
2025-03-26,17.2,6964288,-1187,0,231,-956,,10.41,21.18,True,False,False,⭐ 弱勢反彈
2025-03-27,17.1,12684620,654,0,507,1161,,13.39,18.59,True,False,False,⭐ 弱勢反彈
2025-03-28,16.35,16644564,-2274,0,-1058,-3332,,8.93,15.37,True,False,False,⭐ 弱勢反彈
2025-03-31,15.2,26359250,1314,0,-732,582,,6.47,12.4,True,False,False,⭐ 弱勢反彈
2025-04-01,15.7,15973426,-197,4,151,-42,,10.04,11.62,True,False,False,⭐ 弱勢反彈
2025-04-02,15.85,13663656,213,0,298,511,,14.35,12.53,True,True,False,⭐⭐ 偏多觀察
2025-04-07,14.3,5712387,1485,0,-43,1442,,9.56,11.54,True,False,False,⭐ 弱勢反彈
2025-04-08,13.25,41168839,5790,7,-592,5205,,8.69,10.59,True,False,False,⭐ 弱勢反彈
2025-04-09,11.95,40647949,-1120,0,-313,-1432,,5.79,8.99,True,False,False,⭐ 弱勢反彈
2025-04-10,13.1,5038707,-23,0,18,-5,,10.89,9.62,True,True,False,⭐⭐ 偏多觀察
2025-04-11,13.65,22279088,5016,9,-49,4977,,18.27,12.5,True,False,False,⭐ 弱勢反彈
2025-04-14,14.2,26001723,-2290,-16,-29,-2335,,30.7,18.57,True,False,False,⭐ 弱勢反彈
2025-04-15,14.45,12059758,1516,0,45,1561,,41.04,26.06,False,False,False,❌ 空頭或無訊號
2025-04-16,14.1,17186096,3052,-14,1076,4114,,45.06,32.39,False,False,False,❌ 空頭或無訊號
2025-04-17,14.1,9924271,1446,0,22,1468,,56.1,40.29,False,False,False,❌ 空頭或無訊號
2025-04-18,14.1,7579420,-606,-14,-5,-624,,63.46,48.02,False,False,False,❌ 空頭或無訊號
2025-04-21,13.8,6587557,-1291,0,-148,-1439,,64.73,53.59,False,False,False,❌ 空頭或無訊號
2025-04-22,13.7,8210328,1591,-29,-3,1558,,62.6,56.59,False,False,False,❌ 空頭或無訊號
2025-04-23,14.4,17546236,9963,4,-132,9835,,70.9,61.36,False,False,False,❌ 空頭或無訊號
2025-04-24,14.0,9717104,-2640,12,-130,-2759,,63.32,62.01,False,False,False,❌ 空頭或無訊號
2025-04-25,14.0,10872602,310,0,234,544,,60.27,61.43,False,False,False,❌ 空頭或無訊號
2025-04-28,14.15,7653121,1271,11,-9,1274,,62.4,61.75,False,True,False,⭐ 弱勢反彈
2025-04-29,14.4,13567135,2391,0,79,2470,,70.77,64.76,False,False,False,❌ 空頭或無訊號
2025-04-30,14.15,10018189,-823,0,-358,-1182,,69.4,66.3,False,False,False,❌ 空頭或無訊號
2025-05-02,14.25,8399830,1154,0,47,1201,,71.27,67.96,False,False,False,❌ 空頭或無訊號
2025-05-05,14.1,13987254,2477,2,-371,2108,,66.74,67.55,False,False,False,❌ 空頭或無訊號
2025-05-06,14.1,5197943,900,27,-257,670,,56.26,63.79,False,False,False,❌ 空頭或無訊號
2025-05-07,14.1,5756512,1248,4,-129,1123,,49.27,58.95,False,False,False,❌ 空頭或無訊號
2025-05-08,14.15,7716967,1870,-11,152,2010,,46.57,54.82,False,False,False,❌ 空頭或無訊號
2025-05-09,14.5,12227068,6117,0,-108,6009,,58.5,56.05,False,True,False,⭐ 弱勢反彈
2025-05-12,15.25,18341654,7994,0,163,8158,,71.22,61.11,False,False,False,❌ 空頭或無訊號
2025-05-13,16.0,32900444,-2426,0,47,-2379,,76.81,66.34,False,False,False,❌ 空頭或無訊號
2025-05-14,16.0,18258839,-930,0,257,-673,,80.54,71.08,False,False,False,❌ 空頭或無訊號
2025-05-15,15.65,13942725,-910,-15,-146,-1071,,78.36,73.5,False,False,False,❌ 空頭或無訊號
2025-05-16,15.3,13792391,-2273,1,-53,-2325,,71.08,72.7,False,False,False,❌ 空頭或無訊號
2025-05-19,15.3,10288972,1000,0,73,1073,,65.91,70.43,False,False,False,❌ 空頭或無訊號
2025-05-20,15.55,13634578,2371,-3,130,2497,,65.64,68.84,False,False,False,❌ 空頭或無訊號
2025-05-21,15.7,8036229,902,-2,164,1063,,67.79,68.49,False,False,False,❌ 空頭或無訊號
2025-05-22,15.6,8588527,1088,0,-164,924,,64.8,67.26,False,False,False,❌ 空頭或無訊號
2025-05-23,15.45,7955100,15,-17,-398,-400,,52.92,62.48,False,False,False,❌ 空頭或無訊號
2025-05-26,15.45,7671980,2565,0,-350,2215,,45.89,56.95,False,False,False,❌ 空頭或無訊號
2025-05-27,15.55,13746014,1871,0,-444,1428,,45.59,53.16,False,False,False,❌ 空頭或無訊號
2025-05-28,15.4,17800593,600,-3,-24,573,,40.4,48.91,False,False,False,❌ 空頭或無訊號
2025-05-29,15.5,12510408,1802,0,75,1877,,40.26,46.03,False,False,False,❌ 空頭或無訊號
2025-06-02,14.75,14526068,-3937,1,-360,-4296,,26.84,39.63,False,False,False,❌ 空頭或無訊號
2025-06-03,14.6,8709474,-1529,0,-48,-1577,,17.89,32.39,False,False,False,❌ 空頭或無訊號
2025-06-04,14.9,10682230,2958,0,295,3252,,18.6,27.79,True,False,False,⭐ 弱勢反彈
2025-06-05,15.05,10059778,2134,0,29,2163,,22.4,25.99,True,False,False,⭐ 弱勢反彈
2025-06-06,15.55,16650736,3154,0,242,3396,,36.04,29.34,False,True,False,⭐ 弱勢反彈
2025-06-09,15.65,12265858,44,0,13,57,,47.36,35.35,False,False,False,❌ 空頭或無訊號
2025-06-10,15.8,13102421,4319,2,231,4552,,58.24,42.98,False,False,False,❌ 空頭或無訊號
2025-06-11,15.65,11261877,-788,0,-34,-822,,62.97,49.64,False,False,False,❌ 空頭或無訊號
2025-06-12,15.8,11335305,234,-8,177,403,,69.56,56.28,False,False,False,❌ 空頭或無訊號
2025-06-13,15.0,18485913,-6844,-12,-914,-7770,,55.57,56.05,False,False,False,❌ 空頭或無訊號
2025-06-16,14.9,8070363,2006,-7,58,2057,,40.89,50.99,False,False,False,❌ 空頭或無訊號
2025-06-17,15.0,9531064,1430,-36,-108,1286,,32.6,44.86,False,False,False,❌ 空頭或無訊號
2025-06-18,15.95,21863527,-1218,0,-166,-1384,,52.4,47.37,False,True,False,⭐ 弱勢反彈
2025-06-19,15.4,34636022,-10899,0,-484,-11383,,49.75,48.16,False,False,False,❌ 空頭或無訊號
2025-06-20,15.0,21293630,-3798,78,-89,-3808,,39.12,45.15,False,False,False,❌ 空頭或無訊號
2025-06-23,14.9,11790846,775,0,113,888,,34.16,41.49,False,False,False,❌ 空頭或無訊號
2025-06-24,15.4,15503712,7150,0,-23,7127,,40.95,41.31,False,False,False,❌ 空頭或無訊號
2025-06-25,15.4,11450404,5227,0,-19,5209,,45.48,42.7,False,True,False,⭐ 弱勢反彈
2025-06-26,15.4,15114744,4381,-17,-243,4121,,48.5,44.64,False,False,False,❌ 空頭或無訊號
2025-06-27,15.45,8993203,2208,-24,-543,1641,,51.53,46.93,False,False,True,⭐ 弱勢反彈
2025-06-30,15.4,7862855,1895,-8,-438,1449,,52.53,48.8,False,False,False,❌ 空頭或無訊號
2025-07-01,15.5,8548031,1869,6,188,2063,,55.22,50.94,False,False,False,❌ 空頭或無訊號
2025-07-02,16.05,27204569,-685,0,505,-179,,70.15,57.34,False,False,True,⭐ 弱勢反彈
2025-07-03,17.65,99255086,-7600,0,344,-7256,,80.1,64.93,False,False,True,⭐ 弱勢反彈
2025-07-04,17.65,206015674,-17815,232,-286,-17868,,77.69,69.18,False,False,True,⭐ 弱勢反彈
2025-07-07,17.3,49693713,2135,12,-236,1911,,71.99,70.12,False,False,True,⭐ 弱勢反彈
2025-07-08,16.25,46555982,-8029,14,-355,-8370,,57.59,65.94,False,False,True,⭐ 弱勢反彈
2025-07-09,15.95,30313845,-8397,15,-85,-8467,,44.96,58.95,False,False,True,⭐ 弱勢反彈
2025-07-10,15.6,19567599,-4426,-1,-209,-4636,,33.0,50.3,False,False,True,⭐ 弱勢反彈
2025-07-11,16.15,22721505,4012,110,242,4364,,30.59,43.73,False,False,True,⭐ 弱勢反彈
2025-07-14,16.2,13647353,1088,9,45,1142,,29.48,38.98,False,False,True,⭐ 弱勢反彈
2025-07-15,16.3,9673864,1686,0,68,1754,,27.43,35.13,False,False,True,⭐ 弱勢反彈
2025-07-16,16.25,11204061,928,-172,723,1479,,25.51,31.92,False,False,True,⭐ 弱勢反彈
2025-07-17,16.65,18698631,4748,64,472,5285,,35.43,33.09,False,True,True,⭐⭐ 偏多觀察
2025-07-18,16.65,16691906,2217,-49,-472,1696,,45.49,37.23,False,False,True,⭐ 弱勢反彈
2025-07-21,16.85,21052848,751,0,727,1478,,58.11,44.19,False,False,True,⭐ 弱勢反彈
2025-07-22,16.25,55455873,-9146,-23,-1341,-10510,,51.48,46.62,False,False,True,⭐ 弱勢反彈
2025-07-23,15.7,41659580,-12746,-15,372,-12388,,38.83,44.02,False,False,True,⭐ 弱勢反彈
2025-07-24,15.25,29756383,-6146,-7,-327,-6480,,26.68,38.24,False,False,False,❌ 空頭或無訊號
2025-07-25,15.3,15312006,-829,-41,-77,-947,,19.37,31.95,False,False,False,❌ 空頭或無訊號
2025-07-28,15.15,16377474,-859,-16,31,-844,0.34,14.4,26.1,True,False,False,⭐ 弱勢反彈
2025-07-29,14.9,18889853,-4129,1,-171,-4299,0.08,9.6,20.6,True,False,False,⭐ 弱勢反彈
2025-07-30,15.35,22192466,3722,-1,531,4252,-0.32,13.73,18.31,True,False,False,⭐ 弱勢反彈
2025-07-31,15.0,13978246,-4873,-31,5,-4899,0.44,11.82,16.15,True,False,False,⭐ 弱勢反彈
2025-08-01,15.25,12302378,2128,-3,179,2303,-0.39,15.43,15.91,True,False,False,⭐ 弱勢反彈
2025-08-04,14.95,24325554,-8801,0,-26,-8827,0.65,18.98,16.93,True,True,False,⭐⭐ 偏多觀察
2025-08-05,15.3,16284982,4678,-13,373,5038,-0.3,33.29,22.38,True,False,False,⭐ 弱勢反彈
2025-08-06,15.05,12524983,-315,0,92,-224,-0.4,36.23,27.0,False,False,False,❌ 空頭或無訊號
2025-08-07,14.85,12264942,-3462,-3,-55,-3520,0.32,31.17,28.39,False,False,False,❌ 空頭或無訊號
2025-08-08,14.9,15406611,-1167,0,320,-847,-0.02,29.55,28.78,False,False,False,❌ 空頭或無訊號
2025-08-11,15.0,10182339,1292,-9,-142,1140,0.01,31.98,29.84,False,False,False,❌ 空頭或無訊號
2025-08-12,15.3,13523023,6088,-19,248,6317,-0.63,44.13,34.61,False,False,False,❌ 空頭或無訊號
2025-08-13,15.3,16756833,5513,0,-109,5404,-0.19,50.05,39.76,False,False,False,❌ 空頭或無訊號
2025-08-14,15.6,17598535,10204,-34,330,10500,-0.65,63.37,47.63,False,False,False,❌ 空頭或無訊號
2025-08-15,15.6,12628189,1237,0,-157,1079,-0.35,72.07,55.77,False,False,False,❌ 空頭或無訊號
2025-08-18,15.9,19004833,11200,-7,37,11230,-1.07,81.38,64.31,False,False,True,⭐ 弱勢反彈
2025-08-19,15.9,13939064,2055,-55,125,2125,-0.26,79.81,69.48,False,False,True,⭐ 弱勢反彈
2025-08-20,15.45,13145177,-1718,1,354,-1363,0.1,68.76,69.24,False,False,False,❌ 空頭或無訊號
2025-08-21,15.9,13533401,8502,0,96,8598,-0.37,71.4,69.96,False,True,True,⭐⭐ 偏多觀察
2025-08-22,15.7,8199786,-220,0,-168,-388,-0.12,66.26,68.73,False,False,True,⭐ 弱勢反彈
2025-08-25,15.8,14110976,4149,-7,18,4160,-0.75,62.51,66.65,False,False,True,⭐ 弱勢反彈
2025-08-26,15.8,8063411,1287,0,64,1351,-0.06,59.22,64.18,False,False,True,⭐ 弱勢反彈
2025-08-27,15.85,12712227,3985,0,-23,3962,-0.53,58.0,62.12,False,False,True,⭐ 弱勢反彈
2025-08-28,16.05,11201897,4606,-43,5,4568,-0.17,64.59,62.94,False,True,True,⭐⭐ 偏多觀察
2025-08-29,15.9,16472548,-751,-26,42,-735,0.41,59.0,61.63,False,False,True,⭐ 弱勢反彈
2025-09-01,15.75,8642048,2073,-20,-108,1945,-0.14,50.93,58.06,False,False,True,⭐ 弱勢反彈
2025-09-02,15.4,10566333,-1851,-18,-253,-2123,0.08,35.4,50.51,False,False,False,❌ 空頭或無訊號
2025-09-03,15.35,9065626,-1904,0,144,-1759,0.1,24.99,42.0,False,False,False,❌ 空頭或無訊號
2025-09-04,15.7,10902508,4303,-11,260,4552,0.12,27.77,37.26,False,False,False,❌ 空頭或無訊號
2025-09-05,16.05,18322440,6238,-18,784,7004,-0.64,39.35,37.95,False,True,True,⭐⭐ 偏多觀察
2025-09-08,16.55,50800717,2239,-19,1249,3469,0.52,51.48,42.46,False,False,True,⭐ 弱勢反彈
2025-09-09,16.5,15531911,3246,-7,-789,2450,-1.17,58.57,47.83,False,False,True,⭐ 弱勢反彈
2025-09-10,16.7,24495267,7126,-22,244,7348,0.05,67.33,54.33,False,False,True,⭐ 弱勢反彈
2025-09-11,17.2,46594823,4646,0,462,5108,0.82,75.04,61.23,False,False,True,⭐ 弱勢反彈
2025-09-12,17.95,201622206,6051,-12,1075,7114,5.39,74.57,65.68,False,False,True,⭐ 弱勢反彈
2025-09-15,17.85,54123964,-7993,-8,76,-7924,1.96,73.32,68.23,False,False,True,⭐ 弱勢反彈
2025-09-16,18.55,75708624,13288,5,2973,16265,-4.5,78.83,71.76,False,False,True,⭐ 弱勢反彈
2025-09-17,20.4,163960094,22655,-1,2044,24697,3.38,85.89,76.47,False,False,True,⭐ 弱勢反彈
2025-09-18,22.4,325493680,-2630,0,6590,3960,13.96,90.59,81.18,False,False,True,⭐ 弱勢反彈
2025-09-19,22.1,314213408,37104,-110,-2953,34040,-14.1,88.66,83.67,False,False,True,⭐ 弱勢反彈
2025-09-22,21.35,137319084,-4665,0,-3860,-8526,5.08,83.68,83.67,False,False,True,⭐ 弱勢反彈
2025-09-23,23.45,259556236,38279,0,6920,45199,8.02,89.12,85.49,False,False,True,⭐ 弱勢反彈
2025-09-24,23.85,362241550,-13802,0,2093,-11709,3.45,88.84,86.6,False,False,True,⭐ 弱勢反彈
2025-09-25,23.1,122208828,2323,0,-2115,208,-2.06,85.05,86.09,False,False,True,⭐ 弱勢反彈
2025-09-26,23.1,121113225,4756,8,1231,5995,1.71,82.52,84.9,False,False,True,⭐ 弱勢反彈
2025-09-30,25.4,152664035,33904,0,2078,35982,12.94,88.35,86.05,False,True,True,⭐⭐ 偏多觀察
2025-10-01,27.9,404766975,28781,0,7831,36612,0.82,92.23,88.11,False,False,True,⭐ 弱勢反彈
2025-10-02,27.7,439718290,-42104,58,-4401,-46447,6.4,85.88,87.37,False,False,True,⭐ 弱勢反彈
2025-10-03,27.2,253574999,-31597,56,2580,-28961,13.8,79.79,84.84,False,False,True,⭐ 弱勢反彈
2025-10-07,29.9,366193981,69832,0,10670,80502,15.41,85.74,85.14,False,True,True,⭐⭐ 偏多觀察
2025-10-08,31.0,384462583,-31008,194,13195,-17619,11.25,89.22,86.5,False,False,True,⭐ 弱勢反彈
2025-10-09,30.3,329804510,-47547,29,-6739,-54257,1.04,87.03,86.67,False,False,True,⭐ 弱勢反彈
2025-10-13,29.25,205759888,7944,206,-7559,591,-6.83,82.0,85.12,False,False,True,⭐ 弱勢反彈
2025-10-14,27.3,294354305,5052,30,-14327,-9245,-12.88,65.78,78.67,False,False,True,⭐ 弱勢反彈
2025-10-15,27.8,138777196,-4309,44,-5054,-9320,2.96,56.6,71.31,False,False,True,⭐ 弱勢反彈
2025-10-16,28.8,292728145,-3895,32,7347,3484,4.25,50.35,64.33,False,False,True,⭐ 弱勢反彈
2025-10-17,29.5,250893662,43734,50,3942,47726,-4.2,50.72,59.79,False,False,True,⭐ 弱勢反彈
2025-10-20,30.3,246606181,-13470,138,2502,-10830,5.53,55.09,58.22,False,False,True,⭐ 弱勢反彈
2025-10-21,30.7,182443230,3235,204,2787,6226,5.89,60.84,59.1,False,True,True,⭐⭐ 偏多觀察
2025-10-22,28.0,277459776,-56377,145,-14809,-71041,-16.1,45.52,54.57,False,False,True,⭐ 弱勢反彈
2025-10-23,28.65,186811585,17862,24,1523,19409,-1.72,41.6,50.25,False,False,True,⭐ 弱勢反彈
2025-10-27,31.5,347845869,154048,7,4394,158449,1.26,61.07,53.85,False,True,True,⭐⭐ 偏多觀察
2025-10-28,31.95,588996015,-70139,37,-3981,-74083,11.28,65.24,57.65,False,False,True,⭐ 弱勢反彈
2025-10-29,32.25,388352347,36588,-25,3113,39675,-6.43,69.63,61.64,False,False,True,⭐ 弱勢反彈
2025-10-30,33.05,407145447,47777,-27,-382,47367,2.54,74.57,65.95,False,False,True,⭐ 弱勢反彈
2025-10-31,31.5,197455702,-52024,14,-2884,-54894,-3.28,70.21,67.37,False,False,True,⭐ 弱勢反彈
2025-11-03,30.1,235952795,-38559,47,-2065,-40577,0.31,60.38,65.04,False,False,True,⭐ 弱勢反彈
2025-11-04,29.05,177475714,8056,0,-1662,6394,-6.64,48.65,59.58,False,False,True,⭐ 弱勢反彈
2025-11-05,29.95,176872426,21642,40,-458,21224,-2.76,45.27,54.81,False,False,True,⭐ 弱勢反彈
2025-11-06,31.25,209909996,14409,19,560,14987,2.7,48.19,52.6,False,False,True,⭐ 弱勢反彈
2025-11-07,30.55,121062501,-2077,-23,-1012,-3113,-2.24,46.38,50.53,False,False,True,⭐ 弱勢反彈
2025-11-10,31.55,233705451,15393,-8,4993,20379,2.94,50.54,50.53,False,True,True,⭐⭐ 偏多觀察
2025-11-11,33.2,529164465,57667,24,5417,63109,10.84,60.87,53.98,False,False,True,⭐ 弱勢反彈
2025-11-12,36.5,499495620,29480,0,5445,34924,30.22,73.92,60.62,False,False,True,⭐ 弱勢反彈
2025-11-13,35.65,617710393,-12851,-31,-1996,-14878,-7.86,75.5,65.58,False,False,True,⭐ 弱勢反彈
2025-11-14,34.15,248325964,770,32,-2581,-1780,-5.7,71.49,67.55,False,False,True,⭐ 弱勢反彈
2025-11-17,35.0,265534847,-33291,72,615,-32605,13.59,71.68,68.93,False,False,True,⭐ 弱勢反彈
2025-11-18,35.9,467809288,56407,87,-9589,46905,-10.31,73.17,70.34,False,False,True,⭐ 弱勢反彈
2025-11-19,35.35,519343046,-25414,0,-1804,-27218,-2.9,69.88,70.19,False,False,True,⭐ 弱勢反彈
2025-11-20,35.4,497717420,-2730,19,-3594,-6305,-4.01,67.89,69.42,False,False,True,⭐ 弱勢反彈
2025-11-21,33.0,271984541,-3610,0,-5396,-9006,-12.89,52.45,63.77,False,False,True,⭐ 弱勢反彈
2025-11-24,32.1,217048963,-32020,0,-1901,-33921,0.59,35.49,54.34,False,False,True,⭐ 弱勢反彈
2025-11-25,33.3,174398006,33918,0,-1572,32346,-0.8,30.38,46.35,False,False,True,⭐ 弱勢反彈
2025-11-26,31.65,230260670,-30276,3462,97,-26716,-14.08,23.16,38.62,False,False,True,⭐ 弱勢反彈
2025-11-27,33.15,136640285,37160,143,2006,39309,1.48,25.06,34.1,False,False,True,⭐ 弱勢反彈
2025-11-28,34.1,208217839,11269,48,3915,15232,0.33,30.58,32.93,False,False,True,⭐ 弱勢反彈
2025-12-01,34.0,164700403,-17550,360,3528,-13662,0.76,33.81,33.22,False,True,True,⭐⭐ 偏多觀察
2025-12-02,32.8,214310269,-67204,260,-4146,-71090,2.84,31.7,32.71,False,False,True,⭐ 弱勢反彈
2025-12-03,32.1,123097768,-14738,13,-1731,-16456,1.56,30.3,31.91,False,False,True,⭐ 弱勢反彈
2025-12-04,32.3,101699922,-6505,20,-25,-6510,2.46,31.03,31.62,False,False,True,⭐ 弱勢反彈
2025-12-05,32.9,109410515,14149,-17,1790,15922,-3.53,36.52,33.25,False,True,True,⭐⭐ 偏多觀察
2025-12-08,34.15,251293364,860,37,6698,7595,8.25,50.6,39.03,False,False,True,⭐ 弱勢反彈
2025-12-09,35.3,261044778,50570,23,-12,50581,-2.01,65.42,47.83,False,False,True,⭐ 弱勢反彈
2025-12-10,34.7,259847330,-18193,13,-2772,-20951,-1.72,65.06,53.57,False,False,True,⭐ 弱勢反彈
2025-12-11,33.8,149124741,-16523,45,-2783,-19262,0.08,58.89,55.35,False,False,True,⭐ 弱勢反彈
2025-12-12,35.1,222708400,68332,65,4415,72811,-4.52,63.35,58.01,False,False,True,⭐ 弱勢反彈
2025-12-15,34.95,127423185,-6146,4579,-55,-1623,0.29,65.34,60.45,False,False,True,⭐ 弱勢反彈
2025-12-16,33.8,123835171,-33870,-63,-2556,-36489,5.78,59.07,59.99,False,False,True,⭐ 弱勢反彈
2025-12-17,34.8,156274375,17392,1223,5110,23724,-0.11,60.91,60.3,False,True,True,⭐⭐ 偏多觀察
2025-12-18,35.5,221716222,51490,149,2300,53939,-4.3,64.13,61.58,False,False,True,⭐ 弱勢反彈
2025-12-19,36.8,336341381,26353,3165,4685,34203,3.09,71.78,64.98,False,False,True,⭐ 弱勢反彈
2025-12-22,40.45,477376736,84439,680,13803,98922,6.56,81.18,70.38,False,False,True,⭐ 弱勢反彈
2025-12-23,39.0,539300263,-92260,0,-4083,-96344,0.41,75.73,72.16,False,False,True,⭐ 弱勢反彈
2025-12-24,40.4,261731116,35261,0,6005,41266,0.9,77.23,73.85,False,False,True,⭐ 弱勢反彈
2025-12-26,40.05,314496918,-73283,0,-1678,-74961,2.2,76.94,74.88,False,False,True,⭐ 弱勢反彈
2025-12-29,39.65,155446006,-20099,3,-2691,-22787,-4.54,75.19,74.98,False,False,True,⭐ 弱勢反彈
2025-12-30,40.25,210185132,19721,23,3619,23363,-0.2,76.15,75.37,False,False,True,⭐ 弱勢反彈
2025-12-31,39.55,194157015,-33376,0,-3904,-37280,0.72,72.32,74.36,False,False,True,⭐ 弱勢反彈
2026-01-02,42.1,352857727,99772,271,4132,104175,4.79,81.07,76.6,False,True,True,⭐⭐ 偏多觀察
2026-01-05,43.45,389177520,-29913,107,1206,-28599,-2.6,80.66,77.95,False,False,True,⭐ 弱勢反彈
2026-01-06,47.75,447327296,-914,400,7590,7076,35.11,87.11,81.0,False,False,True,⭐ 弱勢反彈
2026-01-07,49.2,535325591,-16379,3208,-5516,-18687,-22.38,87.79,83.27,False,False,True,⭐ 弱勢反彈
2026-01-08,49.65,310713584,17557,589,1494,19640,-3.27,89.36,85.3,False,False,True,⭐ 弱勢反彈
2026-01-09,47.5,101242544,19867,57,2174,22098,-8.6,84.05,84.88,False,False,True,⭐ 弱勢反彈
2026-01-12,49.8,70940203,20898,17,3206,24121,0.65,87.29,85.68,False,True,True,⭐⭐ 偏多觀察
2026-01-13,50.7,73960843,17829,21,1819,19669,7.85,90.67,87.35,False,False,True,⭐ 弱勢反彈
2026-01-14,50.6,46510142,1806,102,518,2426,1.06,91.84,88.84,False,False,True,⭐ 弱勢反彈
2026-01-15,51.3,54236143,5253,93,1901,7247,7.28,94.56,90.75,False,False,True,⭐ 弱勢反彈
2026-01-16,56.4,110873464,9103,34,9775,18912,25.51,96.37,92.62,False,False,True,⭐ 弱勢反彈
2026-01-19,62.0,24159520,-3705,-284,1492,-2496,7.39,97.58,94.27,False,False,True,⭐ 弱勢反彈
2026-01-20,68.2,195267350,1916,19,1195,3130,-12.29,98.39,95.65,False,False,True,⭐ 弱勢反彈
2026-01-21,62.6,182416278,-35203,45,3551,-31607,-22.06,90.66,93.98,False,False,True,⭐ 弱勢反彈
2026-01-22,63.6,102573491,8949,75,-2897,6127,-11.63,85.81,91.26,False,False,True,⭐ 弱勢反彈
2026-01-23,58.5,335348044,-51081,-561,-2742,-54385,5.85,74.28,85.6,False,False,True,⭐ 弱勢反彈
2026-01-26,60.6,316571827,-4184,-1891,-3946,-10021,6.72,68.73,79.98,False,False,True,⭐ 弱勢反彈
2026-01-27,59.5,265557670,986,563,3535,5084,-4.9,63.07,74.34,False,False,True,⭐ 弱勢反彈
2026-01-28,65.4,361651007,58116,-3530,6824,61410,5.63,68.92,72.53,False,False,True,⭐ 弱勢反彈
2026-01-29,65.1,592076349,-38894,-299,-23294,-62487,-5.03,66.85,70.64,False,False,True,⭐ 弱勢反彈
2026-01-30,69.5,502280824,76930,595,5420,82945,9.1,74.82,72.03,False,True,True,⭐⭐ 偏多觀察
2026-02-02,62.6,282567486,-59010,-140,-8835,-67986,-12.63,62.45,68.84,False,False,True,⭐ 弱勢反彈
2026-02-03,59.7,308535252,6843,412,-15150,-7894,-0.14,46.76,61.48,False,False,True,⭐ 弱勢反彈
2026-02-04,65.6,223557376,71080,0,316,71397,-0.89,51.43,58.13,False,False,True,⭐ 弱勢反彈
2026-02-05,62.8,203499311,-48843,264,-580,-49159,4.96,47.36,54.54,False,False,True,⭐ 弱勢反彈
2026-02-06,63.5,340736299,40897,746,387,42030,2.82,46.45,51.84,False,False,True,⭐ 弱勢反彈
2026-02-09,63.8,294168948,-51897,760,1088,-50049,4.72,46.33,50.0,False,False,True,⭐ 弱勢反彈
2026-02-10,64.3,192703938,-4364,112,-187,-4439,0.91,47.55,49.19,False,False,True,⭐ 弱勢反彈
2026-02-11,63.1,214396111,-17379,-1617,-1268,-20264,-1.54,45.24,47.87,False,False,True,⭐ 弱勢反彈
2026-02-23,67.0,257714887,61502,283,-1261,60524,-7.05,57.74,51.16,False,True,True,⭐⭐ 偏多觀察
2026-02-24,73.7,337047858,38044,-54,6923,44913,14.56,71.83,58.05,False,False,True,⭐ 弱勢反彈
2026-02-25,76.8,487502723,26222,313,-3803,22733,2.51,80.83,65.64,False,False,True,⭐ 弱勢反彈
2026-02-26,76.7,322304137,-41804,165,-1786,-43425,2.01,83.34,71.54,False,False,True,⭐ 弱勢反彈
2026-03-02,74.8,248095174,-8139,-1935,64,-10010,-3.29,81.66,74.91,False,False,True,⭐ 弱勢反彈
2026-03-03,68.2,373534446,-50518,500,-5658,-55676,-6.8,65.89,71.91,False,False,True,⭐ 弱勢反彈
2026-03-04,61.4,210778981,170,-2168,-892,-2890,-5.76,43.93,62.58,False,False,True,⭐ 弱勢反彈
2026-03-05,64.4,211842643,-13399,180,-4921,-18140,1.57,35.0,53.39,False,False,True,⭐ 弱勢反彈
2026-03-06,64.3,144135138,9338,467,-64,9741,-0.53,28.86,45.21,False,False,True,⭐ 弱勢反彈
2026-03-09,59.4,135415285,5938,114,-4005,2047,-8.42,21.62,37.35,False,False,True,⭐ 弱勢反彈
2026-03-10,62.2,140297005,3466,-4,12,3474,0.46,21.24,31.98,False,False,True,⭐ 弱勢反彈
2026-03-11,66.3,169992993,8148,-26,4125,12248,2.43,27.49,30.48,False,False,True,⭐ 弱勢反彈
2026-03-12,63.1,171086491,-58751,-106,423,-58434,5.11,27.04,29.33,False,False,True,⭐ 弱勢反彈
2026-03-13,64.3,135963192,781,-52,896,1625,3.31,29.19,29.29,False,False,True,⭐ 弱勢反彈
2026-03-16,65.2,254597003,-37794,20,-1003,-38776,9.13,44.81,34.46,False,True,True,⭐⭐ 偏多觀察
2026-03-17,71.7,393355372,47380,-650,5115,51845,12.04,63.21,44.04,False,False,True,⭐ 弱勢反彈
2026-03-18,71.9,404267429,-67088,-9,-2344,-69441,3.51,67.64,51.91,False,False,True,⭐ 弱勢反彈
2026-03-19,75.0,513362980,86605,60,12069,98734,-2.55,73.74,59.18,False,False,True,⭐ 弱勢反彈
2026-03-20,75.5,529033042,-7294,-3,-5751,-13049,-1.68,77.73,65.37,False,False,True,⭐ 弱勢反彈
2026-03-23,69.1,243486481,-34329,157,-5820,-39992,-6.01,66.73,65.82,False,False,True,⭐ 弱勢反彈
2026-03-24,62.7,369690172,-80806,144,-9146,-89808,1.98,46.14,59.26,False,False,True,⭐ 弱勢反彈
2026-03-25,65.0,278832681,-22096,-13,8205,-13904,6.93,37.18,51.9,False,False,True,⭐ 弱勢反彈
2026-03-26,62.8,289190595,-30850,108,-641,-31383,-0.64,26.25,43.35,False,False,True,⭐ 弱勢反彈
2026-03-27,59.2,222663654,-16461,-6,-798,-17265,-6.32,20.85,35.85,False,False,False,❌ 空頭或無訊號
2026-03-30,58.1,206031533,-20614,97,-1074,-21591,0.49,15.65,29.12,False,False,False,❌ 空頭或無訊號
2026-03-31,53.1,207091698,25365,-189,-987,24189,-13.4,11.34,23.19,True,False,False,⭐ 弱勢反彈
2026-04-01,54.9,148151777,-26480,-33,-755,-27267,2.46,10.82,19.07,True,False,False,⭐ 弱勢反彈
2026-04-02,53.5,155762985,847,-72,254,1029,-0.24,9.05,15.73,True,False,False,⭐ 弱勢反彈
2026-04-07,54.0,96302858,168,-34,383,517,-0.6,8.84,13.43,True,False,False,⭐ 弱勢反彈
2026-04-08,57.6,115253686,6370,-58,718,7030,0.46,17.37,14.75,True,True,False,⭐⭐ 偏多觀察
2026-04-09,54.0,134072246,-49947,-345,-1251,-51543,3.39,15.11,14.87,True,False,False,⭐ 弱勢反彈
2026-04-10,55.4,134034940,16207,-3017,1319,14509,-1.56,21.44,17.06,True,False,False,⭐ 弱勢反彈
2026-04-13,54.5,101937555,-16994,-232,426,-16800,1.5,23.38,19.17,False,False,False,❌ 空頭或無訊號
2026-04-14,54.6,109787192,707,-9,300,998,-0.33,28.68,22.34,False,False,False,❌ 空頭或無訊號
2026-04-15,53.2,101747295,-15919,-13,-2808,-18740,0.59,22.27,22.32,False,False,False,❌ 空頭或無訊號
2026-04-16,54.0,85975346,13994,-67,1266,15194,-0.76,24.37,23.0,False,True,False,⭐ 弱勢反彈
2026-04-17,52.6,87074889,-10115,-382,-2105,-12602,1.18,17.44,21.15,False,False,False,❌ 空頭或無訊號
2026-04-20,51.4,99368654,30633,0,-227,30406,-3.03,13.53,18.61,True,False,False,⭐ 弱勢反彈
2026-04-21,54.0,109355837,1100,7,-94,1013,4.72,23.31,20.17,True,True,False,⭐⭐ 偏多觀察
2026-04-22,57.0,219996918,1519,-20,345,1844,-2.26,42.2,27.52,False,False,False,❌ 空頭或無訊號
2026-04-23,52.9,209440294,-49219,-16,-1942,-51178,2.41,35.95,30.33,False,False,False,❌ 空頭或無訊號
2026-04-24,52.9,81283272,-1419,-36,181,-1274,-1.42,31.79,30.82,False,False,False,❌ 空頭或無訊號
2026-04-27,54.5,145171547,10865,-215,718,11368,0.05,35.6,32.41,False,False,False,❌ 空頭或無訊號
2026-04-28,55.0,101666278,5433,3,413,5850,1.21,40.19,35.0,False,False,False,❌ 空頭或無訊號
2026-04-29,53.5,63666631,-7411,11,-663,-8063,-0.83,37.08,35.7,False,False,False,❌ 空頭或無訊號
2026-04-30,51.9,94428431,-7446,-25,-322,-7794,-1.56,28.43,33.27,False,False,False,❌ 空頭或無訊號
2026-05-04,53.1,97020345,7630,0,862,8493,0.97,25.62,30.72,False,False,False,❌ 空頭或無訊號
2026-05-05,55.4,106346121,26503,-25,2160,28638,0.76,33.97,31.8,False,True,False,⭐ 弱勢反彈
2026-05-06,58.1,255770836,-15623,9,6442,-9171,12.23,49.07,37.56,False,False,False,❌ 空頭或無訊號
2026-05-07,63.9,312338758,32194,0,1816,34010,0.5,66.04,47.05,False,False,False,❌ 空頭或無訊號
2026-05-08,61.4,442180347,-59022,0,-6517,-65539,-16.72,65.95,53.35,False,False,False,❌ 空頭或無訊號
2026-05-11,62.5,283121477,-24577,612,207,-23758,8.23,68.35,58.35,False,False,False,❌ 空頭或無訊號
2026-05-12,62.1,170376997,2726,14,-189,2551,-0.13,69.06,61.92,False,False,False,❌ 空頭或無訊號
2026-05-13,60.5,118112300,-15002,5,-2608,-17605,1.5,65.95,63.26,False,False,False,❌ 空頭或無訊號
2026-05-14,62.2,196451270,16961,1906,1303,20169,2.29,67.68,64.74,False,False,False,❌ 空頭或無訊號
2026-05-15,62.8,356822147,56009,-4,197,56202,-5.11,68.52,66.0,False,False,False,❌ 空頭或無訊號
2026-05-18,62.0,127532182,-18227,3,333,-17891,2.49,63.44,65.15,False,False,False,❌ 空頭或無訊號
2026-05-19,58.5,143820864,-31836,5,-169,-32000,-2.73,44.15,58.15,False,False,False,❌ 空頭或無訊號
2026-05-20,57.8,84341651,-4676,565,-971,-5082,0.19,33.28,49.86,False,False,False,❌ 空頭或無訊號
2026-05-21,59.1,96108084,2337,0,-379,1958,0.55,30.2,43.3,False,False,False,❌ 空頭或無訊號
2026-05-22,63.8,218295235,96771,588,1415,98774,-3.52,43.21,43.27,False,False,False,❌ 空頭或無訊號
2026-05-25,67.6,321963402,70137,27,1933,72097,-0.13,60.41,48.99,False,True,False,⭐ 弱勢反彈
2026-05-26,70.8,354361201,59833,302,984,61119,5.11,68.12,55.36,False,False,False,❌ 空頭或無訊號
2026-05-27,74.8,414941224,74224,507,-381,74351,-3.06,75.15,61.96,False,False,False,❌ 空頭或無訊號
2026-05-28,80.7,742969935,120689,15,10467,131170,20.22,81.48,68.47,False,False,True,⭐ 弱勢反彈
2026-05-29,88.7,829646406,-5117,208,10711,5801,18.83,87.65,74.86,False,False,True,⭐ 弱勢反彈
2026-06-01,87.0,770941542,-158205,199,-7274,-165280,4.23,85.17,78.3,False,False,True,⭐ 弱勢反彈
2026-06-02,85.9,106203381,7459,44,4533,12036,-2.76,82.06,79.55,False,False,True,⭐ 弱勢反彈
2026-06-03,84.6,64659229,5424,0,-1066,4359,-7.79,78.42,79.18,False,False,True,⭐ 弱勢反彈
2026-06-04,81.0,73514423,16812,67,-6716,10163,-3.12,71.64,76.66,False,False,True,⭐ 弱勢反彈
2026-06-05,74.6,112133197,13159,18,-10040,3138,-9.96,56.06,69.8,False,False,True,⭐ 弱勢反彈
2026-06-08,67.5,104480847,-1303,31,-2759,-4031,-10.75,37.74,59.11,False,False,True,⭐ 弱勢反彈
2026-06-09,71.5,57680845,-3218,0,-1052,-4270,0.18,30.41,49.54,False,False,True,⭐ 弱勢反彈
2026-06-10,64.4,132801225,-73784,0,-2622,-76406,1.02,20.27,39.79,False,False,True,⭐ 弱勢反彈
2026-06-11,64.4,70706900,-1028,10,-1229,-2247,0.22,15.88,31.82,False,False,False,❌ 空頭或無訊號
2026-06-12,67.2,65105100,-22793,82,1738,-20973,3.4,17.0,26.88,True,False,False,⭐ 弱勢反彈
2026-06-15,73.3,87139878,-34064,0,3526,-30538,13.53,25.75,26.5,True,False,True,⭐⭐ 偏多觀察
2026-06-16,71.0,291491338,-73882,430,99,-73353,-1.92,31.09,28.03,False,True,False,⭐ 弱勢反彈
2026-06-17,70.2,187705638,-31702,0,1040,-30661,0.2,38.15,31.41,False,False,False,❌ 空頭或無訊號
2026-06-18,74.2,245700060,14672,1746,2189,18607,2.28,51.45,38.09,False,False,True,⭐ 弱勢反彈
2026-06-22,81.6,133236652,27410,0,1303,28713,15.18,67.64,47.94,False,False,True,⭐ 弱勢反彈
2026-06-23,78.6,504938034,-14053,398,238,-13418,-18.42,68.01,54.63,False,False,True,⭐ 弱勢反彈
2026-06-24,85.7,476043030,83296,1703,3901,88900,14.58,78.12,62.46,False,False,True,⭐ 弱勢反彈
2026-06-25,83.2,479667659,-87948,799,-1758,-88906,-0.26,76.29,67.07,False,False,True,⭐ 弱勢反彈
2026-06-26,78.3,332913359,-10379,633,-2769,-12515,-8.28,65.77,66.64,False,False,True,⭐ 弱勢反彈
2026-06-29,78.9,220163758,-26786,114,-777,-27449,6.23,59.76,64.34,False,False,True,⭐ 弱勢反彈
2026-06-30,79.7,197058093,-19910,0,1257,-18653,5.53,57.09,61.93,False,False,True,⭐ 弱勢反彈
2026-07-01,74.3,264774867,-16750,6,-1476,-18220,-2.97,44.51,56.12,False,False,True,⭐ 弱勢反彈
2026-07-02,74.7,155504558,-1502,18,653,-831,7.47,37.39,49.88,False,False,True,⭐ 弱勢反彈
2026-07-03,73.4,101737426,-15107,-3026,-41,-18174,2.35,30.37,43.38,False,False,True,⭐ 弱勢反彈
2026-07-06,72.6,153798168,-34976,673,241,-34062,3.64,24.28,37.01,False,False,True,⭐ 弱勢反彈
2026-07-07,70.1,161281480,9980,-14,-2824,7142,-10.96,16.87,30.3,False,False,True,⭐ 弱勢反彈
2026-07-08,71.2,139718171,-1869,92,882,-896,2.72,18.8,26.46,True,False,True,⭐⭐ 偏多觀察
2026-07-09,71.1,156986667,-14793,-621,-209,-15624,2.56,21.3,24.74,True,False,True,⭐⭐ 偏多觀察
2026-07-13,69.0,117782988,-11989,-820,-473,-13282,-1.4,18.93,22.8,False,False,True,⭐ 弱勢反彈
2026-07-14,69.2,175281346,-11711,-246,408,-11548,-2.97,23.92,23.18,True,True,True,⭐⭐⭐ 黃金買點
2026-07-15,76.1,197628288,54266,-12,2604,56859,7.4,46.19,30.85,False,False,True,⭐ 弱勢反彈
2026-07-16,76.5,446262954,43776,12160,3419,59355,-13.52,57.91,39.87,False,False,True,⭐ 弱勢反彈
2026-07-17,68.9,273270140,-115284,739,-7155,-121700,1.75,50.0,43.25,False,False,True,⭐ 弱勢反彈
2026-07-20,63.0,179760556,-24369,290,-2635,-26714,-5.92,34.87,40.45,False,False,False,❌ 空頭或無訊號
2026-07-21,65.1,126328180,-20196,-3410,3537,-20069,1.85,28.84,36.58,False,False,False,❌ 空頭或無訊號
2026-07-22,67.9,169362718,-8590,-9,-493,-9092,1.57,30.21,34.46,False,False,False,❌ 空頭或無訊號
2026-07-23,66.0,117399235,-11748,-4,-1407,-13158,-2.05,27.46,32.12,False,False,False,❌ 空頭或無訊號
2026-07-24,61.6,152851625,-43857,-6806,-2633,-53296,3.31,18.49,27.58,False,False,False,❌ 空頭或無訊號
2026-07-27,61.9,104654052,732,-906,643,469,-2.16,17.04,24.07,True,False,False,⭐ 弱勢反彈
2026-07-28,55.8,113517037,-27468,199,-1632,-28901,-6.42,11.36,19.83,True,False,False,⭐ 弱勢反彈
2026-07-29,50.4,158698474,3429,-39,-2150,1240,-14.54,7.72,15.79,True,False,False,⭐ 弱勢反彈
2026-07-30,49.55,192111911,-2868,342,-607,-3133,0.59,7.54,13.04,True,False,False,⭐ 弱勢反彈
2026-07-31,54.5,25422284,-3878,0,647,-3231,-0.49,15.06,13.71,True,True,False,⭐⭐ 偏多觀察
2026-08-03,54.7,207280186,-32778,-209,579,-32408,9.24,20.38,15.93,True,False,False,⭐ 弱勢反彈
2026-08-04,60.1,186379339,10945,0,1827,12773,-1.81,33.26,21.71,False,False,False,❌ 空頭或無訊號
2026-08-05,66.1,240808216,-15672,0,-2011,-17683,-4.68,55.51,32.98,False,False,False,❌ 空頭或無訊號
2026-08-06,66.6,444029387,38629,48,3182,41858,,67.25,44.4,False,False,False,❌ 空頭或無訊號
