date,close,volume,外資,投信,自營商,三大法人合計(張),融資增減(張),K,D,RSI14,BB_upper,BB_lower,KD落入20以下,出現黃金交叉,趨勢向上非鈍化
2021-08-10,470.0,4739261,442,4,-303,142,,,,,,,False,False,False
2021-08-11,460.0,2950874,22,-30,-153,-161,,,,,,,False,False,False
2021-08-12,455.5,1897128,-194,33,-27,-187,,,,,,,False,False,False
2021-08-13,434.0,3299749,-174,60,-74,-188,,,,,,,False,False,False
2021-08-16,419.5,4306002,492,-20,-39,433,,,,,,,False,False,False
2021-08-17,417.0,1999284,-506,41,-49,-513,,,,,,,False,False,False
2021-08-18,443.0,3293297,-330,0,-50,-381,,,,,,,False,False,False
2021-08-19,418.5,2554815,-218,46,-65,-238,,,,,,,False,False,False
2021-08-20,415.5,1987070,-81,3,-4,-82,,9.93,9.93,,,,False,False,False
2021-08-23,423.0,1124925,172,0,-13,158,,14.61,11.49,,,,True,False,False
2021-08-24,422.5,1733510,-49,-17,-3,-70,,18.46,13.81,,,,True,False,False
2021-08-25,432.0,1265299,364,0,5,369,,29.72,19.11,,,,True,False,False
2021-08-26,419.0,1937136,90,-120,-19,-49,,29.4,22.54,,,,False,False,False
2021-08-27,417.5,2620210,275,-160,21,136,,27.11,24.07,,,,False,False,False
2021-08-30,421.5,1417299,261,0,12,273,,29.34,25.82,23.32,,,False,False,False
2021-08-31,427.0,1653225,478,0,-7,472,,40.77,30.81,26.57,,,False,False,False
2021-09-01,436.5,1852683,522,0,50,572,,60.52,40.71,31.95,,,False,False,False
2021-09-02,424.0,1877305,-401,-1,-18,-421,,58.24,46.55,28.94,,,False,False,False
2021-09-03,424.5,1534685,-217,0,16,-201,,57.35,50.15,29.23,,,False,False,False
2021-09-06,415.0,1256285,-8,-92,-9,-109,,45.02,48.44,27.0,461.42,398.13,False,False,False
2021-09-07,421.0,1547542,238,-21,65,282,,44.21,47.03,30.6,452.86,401.79,False,False,False
2021-09-08,411.5,1359075,-253,14,-58,-297,,31.94,42.0,28.23,446.23,403.57,False,False,False
2021-09-09,415.5,933346,216,0,11,227,,26.63,36.88,30.66,439.01,406.79,False,False,False
2021-09-10,422.5,1061594,371,0,35,405,,32.42,35.39,34.83,437.57,407.08,False,False,False
2021-09-13,416.0,947566,-289,-1,-28,-318,,27.61,32.8,32.86,437.61,406.69,False,False,False
2021-09-14,412.5,822160,-211,-1,-15,-228,,19.77,28.46,31.81,437.82,406.03,False,False,False
2021-09-15,400.0,2526194,-510,-6,-160,-676,,13.18,23.36,28.34,435.3,404.25,True,False,False
2021-09-16,404.5,2364279,137,-15,8,130,,18.53,21.75,31.25,436.04,402.11,True,False,False
2021-09-17,401.0,1974427,-157,0,1,-156,,18.51,20.67,30.22,437.1,399.6,True,False,False
2021-09-22,393.0,1667453,249,48,-17,280,,15.28,18.87,27.96,438.6,395.1,True,False,False
2021-09-23,395.5,1207290,-165,0,-6,-171,,15.58,17.78,29.73,439.05,391.95,True,False,False
2021-09-24,394.0,1187642,-578,0,-5,-583,,14.31,16.62,29.26,437.67,389.53,True,False,False
2021-09-27,392.0,992114,-361,0,-4,-365,,11.5,14.91,28.62,438.01,386.49,True,False,False
2021-09-28,385.5,1229987,-390,0,27,-363,,8.16,12.66,26.58,438.89,382.41,True,False,False
2021-09-29,370.5,3043271,-562,19,-41,-584,,6.59,10.64,22.58,441.04,375.16,True,False,False
2021-09-30,377.0,2206493,-45,3,-17,-59,,11.6,10.96,27.66,440.05,371.15,True,True,False
2021-10-01,378.5,2176090,-70,33,-9,-46,,16.29,12.73,28.82,435.94,369.46,True,False,False
2021-10-04,378.0,2085599,-363,33,21,-309,,20.54,15.34,28.66,433.8,367.0,True,False,False
2021-10-05,380.0,2044391,152,2,-22,132,,26.82,19.16,30.38,430.74,365.61,False,False,False
2021-10-06,370.0,1901103,-945,38,2,-905,,20.91,19.75,26.89,429.79,362.06,False,False,False
2021-10-07,376.0,1082898,-375,1,-24,-397,,23.94,21.15,31.94,426.48,360.87,False,False,False
2021-10-08,376.5,1758307,-803,0,8,-794,,27.91,23.4,32.36,424.46,359.39,False,False,False
2021-10-12,366.0,2208367,-751,-7,11,-747,,23.94,23.58,28.4,421.97,356.93,False,False,False
2021-10-13,350.5,2783805,-77,-146,-20,-243,,16.41,21.19,23.78,418.9,352.8,False,False,False
2021-10-14,352.5,1964073,148,-6,-35,107,,15.88,19.42,25.46,415.73,349.62,True,False,False
2021-10-15,359.5,2128872,-27,2,30,6,,21.29,20.04,31.2,411.47,348.58,True,True,False
2021-10-18,354.5,2000084,-252,0,9,-242,,21.03,20.37,29.46,409.69,345.81,False,False,False
2021-10-19,364.5,1530573,415,0,24,440,,29.4,23.38,37.04,405.58,345.92,False,False,False
2021-10-20,369.0,1489313,-28,0,-36,-64,,40.44,29.07,40.15,401.62,346.68,False,False,False
2021-10-21,379.5,3263816,-413,0,61,-352,,53.46,37.2,46.77,399.62,347.33,False,False,False
2021-10-22,382.0,1240539,-222,23,-34,-233,,64.16,46.18,48.24,397.19,348.41,False,False,False
2021-10-25,381.5,1146008,-251,0,-19,-270,,70.88,54.42,47.95,394.86,349.49,False,False,False
2021-10-26,383.5,948190,26,0,25,51,,76.97,61.94,49.25,393.15,350.35,False,False,False
2021-10-27,385.0,693310,-153,-2,1,-154,,81.98,68.62,50.24,393.06,350.39,False,False,False
2021-10-28,388.0,980801,108,-1,11,118,,83.39,73.54,52.26,395.13,350.07,False,False,False
2021-10-29,390.5,829632,-10,25,-3,12,,86.08,77.72,53.94,397.13,349.42,False,False,False
2021-11-01,386.5,2012814,-213,-6,9,-210,,82.91,79.45,50.86,398.16,349.19,False,False,False
2021-11-02,382.0,1388384,91,31,-4,118,,70.88,76.59,47.57,398.57,349.18,False,False,False
2021-11-03,391.5,1898393,473,-2,63,534,,75.93,76.37,54.29,400.25,348.65,False,False,False
2021-11-04,386.0,993864,-431,0,-46,-477,,70.78,74.51,50.27,401.46,349.04,False,False,False
2021-11-05,377.5,3296920,-2039,40,42,-1957,,53.53,67.52,44.76,401.56,349.09,False,False,False
2021-11-08,378.0,4591563,-2547,0,41,-2506,,42.83,59.29,45.14,401.65,349.15,False,False,False
2021-11-09,386.0,3990833,-609,0,36,-573,,48.4,55.66,50.97,402.67,350.13,False,False,False
2021-11-10,395.5,4561789,381,999,-22,1358,,64.15,58.49,56.84,403.23,354.07,False,True,False
2021-11-11,396.0,1821772,-275,498,26,249,,73.38,63.45,57.13,403.27,358.38,False,False,False
2021-11-12,392.5,2717934,-348,4,-42,-386,,71.54,66.15,54.37,403.1,361.85,False,False,False
2021-11-15,400.5,1756347,620,0,26,646,,78.73,70.34,59.22,402.29,367.26,False,False,False
2021-11-16,393.0,2170196,-908,-26,-12,-946,,74.9,71.86,53.48,401.23,371.17,False,False,False
2021-11-17,399.5,1993518,226,0,-19,207,,79.82,74.51,57.34,401.55,373.9,False,False,False
2021-11-18,409.0,3262756,-412,40,64,-308,,79.55,76.19,62.26,405.41,372.99,False,False,False
2021-11-19,414.5,3069359,-59,0,-16,-75,,83.9,78.76,64.8,410.21,371.44,False,False,False
2021-11-22,427.5,5107012,-190,34,60,-96,,86.32,81.28,69.94,417.99,368.26,False,False,False
2021-11-23,425.5,2640938,-522,0,-38,-560,,85.72,82.76,68.29,423.52,366.93,False,False,True
2021-11-24,414.0,3051645,-743,25,-87,-805,,76.02,80.52,59.57,425.73,367.62,False,False,False
2021-11-25,426.5,2408214,323,0,47,370,,79.43,80.15,64.83,430.22,366.98,False,False,True
2021-11-26,425.0,3948991,32,0,53,86,,79.15,79.82,63.76,433.8,366.85,False,False,False
2021-11-29,417.5,3355566,-125,-621,-58,-803,,72.52,77.38,58.55,435.52,368.23,False,False,False
2021-11-30,412.0,18985560,-1763,-1350,-26,-3139,,59.11,71.29,55.0,435.95,370.8,False,False,False
2021-12-01,417.0,3741161,-754,-736,105,-1385,,52.86,65.15,57.52,437.26,372.04,False,False,False
2021-12-02,458.5,14774969,-100,-50,227,77,,68.57,66.29,71.69,447.59,368.96,False,True,True
2021-12-03,478.0,14937241,-846,888,144,186,,75.01,69.2,75.78,460.87,365.73,False,False,True
2021-12-06,474.5,5463864,-690,-152,-18,-860,,77.88,72.09,73.72,470.0,366.25,False,False,True
2021-12-07,476.5,3235929,-747,43,122,-582,,80.61,74.93,74.15,478.38,366.92,False,False,True
2021-12-08,475.0,7889852,-556,-781,181,-1156,,78.78,76.22,73.18,485.45,367.8,False,False,True
2021-12-09,480.0,6461057,-282,135,106,-41,,79.37,77.27,74.39,492.38,369.27,False,False,True
2021-12-10,475.5,3744676,-265,73,-13,-205,,78.14,77.56,71.28,496.84,373.11,False,False,True
2021-12-13,488.5,8984538,362,661,394,1417,,82.0,79.04,74.58,503.39,375.36,False,False,True
2021-12-14,477.5,4065371,-939,-203,-110,-1252,,79.51,79.2,67.51,505.86,381.34,False,False,True
2021-12-15,471.0,7808199,-4,405,-493,-92,,66.99,75.13,63.67,506.94,387.41,False,False,True
2021-12-16,471.0,2736911,-96,167,64,135,,58.64,69.63,63.67,508.1,392.45,False,False,True
2021-12-17,464.0,2646590,-15,177,57,219,,48.05,62.44,59.45,508.32,397.18,False,False,True
2021-12-20,466.0,2954898,24,154,98,276,,42.43,55.77,60.26,509.22,400.13,False,False,True
2021-12-21,464.5,3630881,-183,398,112,327,,37.81,49.78,59.3,509.54,403.71,False,False,True
2021-12-22,487.0,11606809,-32,1729,151,1848,,49.86,49.81,67.62,510.83,409.72,False,True,True
2021-12-23,489.5,4971610,-742,101,71,-569,,59.63,53.08,68.39,512.96,413.89,False,False,True
2021-12-24,487.5,2668309,-232,108,19,-105,,64.75,56.97,67.01,513.71,419.39,False,False,True
2021-12-27,499.5,6083279,-20,36,230,246,,71.49,61.81,70.81,513.95,427.35,False,False,True
2021-12-28,499.0,3063834,-312,36,-18,-294,,75.11,66.24,70.45,510.22,439.78,False,False,True
2021-12-29,514.0,4449555,-95,215,222,342,,83.41,71.96,74.66,507.3,452.4,False,False,True
2021-12-30,512.0,6151261,-374,285,27,-63,,82.97,75.63,73.16,511.59,453.46,False,False,True
2022-01-03,493.0,6501821,-270,-34,-35,-339,,73.22,74.83,60.71,512.62,453.93,False,False,True
2022-01-04,488.5,6829057,480,5,285,771,,60.63,70.1,58.19,513.11,454.84,False,False,True
2022-01-05,476.0,5597842,157,5,-316,-154,,41.76,60.65,51.75,513.11,454.79,False,False,True
2022-01-06,467.0,4721228,435,19,-193,260,,28.41,49.9,47.66,513.44,453.66,False,False,True
2022-01-07,455.5,5043905,268,-509,-167,-408,,20.11,39.97,42.98,514.73,449.92,False,False,True
2022-01-10,459.0,4392243,230,685,-285,629,,19.83,33.26,44.76,515.44,447.56,False,False,True
2022-01-11,447.0,3373664,-367,520,-100,53,,14.67,27.06,40.14,516.49,442.36,True,False,True
2022-01-12,452.5,1912840,-220,223,16,18,,13.51,22.54,43.04,517.15,439.2,True,False,True
2022-01-13,452.0,1858170,-127,3,-118,-242,,12.71,19.26,42.84,517.83,436.62,True,False,True
2022-01-14,450.0,3466404,-93,208,-264,-149,,17.0,18.51,41.98,518.51,433.84,True,False,True
2022-01-17,463.0,2360932,-291,22,61,-208,,28.74,21.92,49.09,518.52,433.73,True,True,True
2022-01-18,461.5,2553657,-776,-70,-34,-880,,39.02,27.62,48.35,518.57,433.23,False,False,True
2022-01-19,456.5,2156483,-353,-119,-109,-581,,44.71,33.31,45.88,518.77,432.23,False,False,True
2022-01-20,461.5,1478191,-149,23,-19,-145,,58.09,41.57,48.7,517.57,430.88,False,False,True
2022-01-21,452.0,1850541,-555,62,-158,-650,,57.41,46.85,44.01,516.15,428.55,False,False,True
2022-01-24,452.0,2196722,-127,117,-49,-60,,56.96,50.22,44.01,514.67,426.48,False,False,True
2022-01-25,451.0,2130238,-334,45,-137,-426,,55.65,52.03,43.5,510.86,425.44,False,False,True
2022-01-26,448.5,1371473,-62,196,-57,76,,52.25,52.11,42.18,506.59,424.66,False,False,True
2022-02-07,447.5,1848843,-283,8,48,-227,,47.4,50.54,41.63,497.06,427.54,False,False,False
2022-02-08,456.5,1693958,90,-79,76,86,,54.01,51.69,48.12,485.27,433.78,False,True,True
2022-02-09,478.0,4253172,178,770,8,956,,68.95,57.44,59.66,481.05,436.5,False,False,True
2022-02-10,496.0,11291392,2679,490,264,3433,,77.71,64.2,66.4,483.67,434.63,False,False,True
2022-02-11,490.0,9643652,2333,596,246,3175,,77.89,68.76,62.64,487.05,432.65,False,False,True
2022-02-14,489.0,5241452,558,222,-183,597,,77.53,71.69,62.01,491.0,430.9,False,False,True
2022-02-15,496.0,3945803,231,235,57,523,,80.41,74.59,64.69,496.71,429.24,False,False,True
2022-02-16,516.0,9577165,-66,1727,279,1940,,85.27,78.15,70.98,506.96,424.69,False,False,True
2022-02-17,519.0,7600381,1166,1140,168,2474,,88.2,81.5,71.79,515.89,422.96,False,False,True
2022-02-18,537.0,7087013,812,688,286,1786,,91.75,84.92,76.11,528.28,419.02,False,False,True
2022-02-21,526.0,5310461,-535,93,145,-297,,87.14,85.66,69.14,535.7,419.0,False,False,True
2022-02-22,513.0,6011796,1238,88,-15,1311,,75.97,82.43,61.93,539.44,421.56,False,False,True
2022-02-23,528.0,3053478,282,73,31,386,,75.76,80.21,66.3,545.71,421.79,False,False,True
2022-02-24,494.5,6857756,-1066,2,-594,-1658,,59.45,73.29,51.96,546.62,424.18,False,False,True
2022-02-25,510.0,3942975,759,20,-95,684,,51.36,65.98,56.63,548.65,427.5,False,False,True
2022-03-01,517.0,2341306,-438,87,89,-262,,49.27,60.41,58.59,551.39,430.31,False,False,True
2022-03-02,520.0,1433365,103,11,0,114,,49.84,56.89,59.44,553.22,435.28,False,False,True
2022-03-03,528.0,3943648,-505,314,123,-68,,55.45,56.41,61.68,555.32,440.78,False,False,True
2022-03-04,513.0,3364230,-547,369,-84,-262,,49.39,54.07,55.48,554.26,448.04,False,False,True
2022-03-07,487.5,5462249,266,20,-304,-18,,38.68,48.94,46.85,550.64,455.56,False,False,True
2022-03-08,472.0,4740911,165,12,-245,-68,,26.32,41.4,42.52,546.83,461.82,False,False,False
2022-03-09,478.0,1935083,-521,65,-25,-481,,21.31,34.7,44.65,543.69,467.11,False,False,False
2022-03-10,497.0,2315427,55,22,42,119,,28.19,32.53,50.87,542.67,470.03,False,False,True
2022-03-11,484.0,2155123,-746,-103,-25,-874,,25.78,30.28,46.98,543.17,468.33,False,False,True
2022-03-14,487.0,1404281,267,-13,-26,228,,25.79,28.78,47.97,543.31,467.89,False,False,True
2022-03-15,464.0,4085135,165,-761,-141,-738,,18.13,25.23,41.57,545.85,462.85,False,False,False
2022-03-16,455.5,2474074,-280,-47,-46,-373,,12.8,21.09,39.47,549.15,455.5,True,False,False
2022-03-17,486.0,3563535,347,236,347,930,,30.3,24.16,49.34,547.72,453.93,True,True,True
2022-03-18,485.5,1328464,-221,61,19,-141,,43.28,30.53,49.2,545.71,452.59,False,False,False
2022-03-21,480.5,1387257,4,-155,-34,-185,,48.27,36.44,47.72,539.98,452.67,False,False,False
2022-03-22,474.5,1272766,-63,-216,-65,-344,,47.2,40.03,45.94,536.09,451.41,False,False,False
2022-03-23,485.5,1920439,391,61,197,649,,58.05,46.03,49.65,533.86,450.89,False,False,True
2022-03-24,479.0,1272147,-261,-70,-25,-356,,60.34,50.8,47.58,528.22,451.63,False,False,False
2022-03-25,477.5,1111248,252,-114,-1,137,,60.57,54.06,47.09,527.69,450.46,False,False,False
2022-03-28,467.5,1701263,-380,-128,-57,-565,,52.07,53.4,43.85,525.4,448.5,False,False,False
2022-03-29,480.0,1813092,180,0,92,272,,55.23,54.01,48.61,520.93,449.27,False,True,False
2022-03-30,495.0,4910240,3,202,252,456,,69.23,59.08,53.68,516.12,451.58,False,False,True
2022-03-31,475.5,4366653,-1456,-435,-139,-2030,,60.5,59.55,47.16,506.06,456.39,False,False,False
2022-04-01,478.0,1639969,18,9,-49,-21,,57.0,58.7,48.03,499.31,459.64,False,False,False
2022-04-06,473.0,1081179,-134,-13,-25,-172,,50.04,55.81,46.39,498.41,459.09,False,False,False
2022-04-07,455.5,2773993,-398,-155,-201,-754,,34.55,48.73,41.08,500.01,455.84,False,False,False
2022-04-08,444.5,3121155,-134,-358,-277,-769,,24.87,40.77,38.12,502.92,449.58,False,False,False
2022-04-11,420.5,4755540,489,-250,-239,0,,16.8,32.78,32.61,507.26,437.59,False,False,False
2022-04-12,426.5,2637539,17,-68,-13,-64,,14.05,26.54,35.14,509.48,429.62,True,False,False
2022-04-13,430.5,1592319,-202,-134,-77,-414,,13.97,22.35,36.84,509.36,424.09,True,False,False
2022-04-14,424.0,3012594,145,-975,-121,-951,,12.45,19.05,35.22,511.45,418.0,True,False,False
2022-04-15,418.0,2247773,-132,-200,-27,-358,,8.84,15.65,33.75,513.94,411.76,True,False,False
2022-04-18,414.5,1382751,253,-8,-18,227,,9.89,13.73,32.89,513.46,405.09,True,False,False
2022-04-19,415.0,1097035,-61,-266,16,-311,,11.21,12.89,33.15,511.89,399.61,True,False,False
2022-04-20,414.5,1792171,15,-571,19,-537,,12.62,12.8,33.01,510.2,394.7,True,False,False
2022-04-21,410.0,1558367,236,-609,46,-327,,12.22,12.61,31.72,508.96,389.49,True,False,False
2022-04-22,402.5,2442537,351,-765,-47,-461,,10.5,11.9,29.64,505.72,384.43,True,False,False
2022-04-25,385.5,3875354,543,-1000,-56,-514,,8.34,10.72,25.55,504.36,376.44,True,False,False
2022-04-26,393.0,2250615,991,-538,-1,452,,11.96,11.13,30.13,500.98,371.37,True,True,False
2022-04-27,385.5,4801649,-579,-546,31,-1094,,16.9,13.06,28.26,498.88,365.27,True,False,False
2022-04-28,384.0,1384291,-77,-126,18,-185,,19.76,15.29,27.89,493.37,361.18,True,False,False
2022-04-29,387.5,1333978,-256,-36,5,-288,,23.86,18.15,30.2,482.02,361.78,True,False,False
2022-05-03,389.0,1384594,-101,-8,10,-99,,28.0,21.43,31.22,473.78,361.37,False,False,False
2022-05-04,389.5,936931,-322,0,-5,-326,,31.09,24.65,31.58,462.88,363.42,False,False,False
2022-05-05,406.0,2459455,34,15,33,83,,52.28,33.86,42.28,450.82,368.78,False,False,False
2022-05-06,398.5,1302510,-350,-36,34,-353,,59.74,42.49,39.28,442.1,371.8,False,False,False
2022-05-09,378.5,2681489,-958,-64,-37,-1059,,46.94,43.97,32.61,436.26,371.04,False,False,False
2022-05-10,383.0,2046280,-26,-133,30,-129,,43.79,43.91,35.27,434.62,368.93,False,False,False
2022-05-11,375.5,1929573,-236,-393,-5,-633,,35.45,41.09,32.94,431.9,366.55,False,False,False
2022-05-12,370.0,2062749,-31,-206,-12,-249,,25.3,35.83,31.3,427.87,364.53,False,False,False
2022-05-13,378.5,1449999,18,0,32,50,,25.61,32.42,36.55,423.67,364.18,False,False,False
2022-05-16,375.5,1859344,-482,0,27,-455,,23.33,29.39,35.52,420.35,363.25,False,False,False
2022-05-17,387.5,2169009,369,0,16,385,,31.8,30.19,42.5,416.96,363.94,False,True,False
2022-05-18,391.0,2162524,-200,0,-12,-212,,44.79,35.06,44.39,413.13,365.37,False,False,False
2022-05-19,393.5,1554846,200,146,14,360,,60.22,43.45,45.77,409.06,367.34,False,False,False
2022-05-20,391.0,858343,-282,0,-11,-293,,65.7,50.86,44.58,405.49,369.01,False,False,False
2022-05-23,388.0,671542,-122,-50,-6,-178,,65.23,55.65,43.14,403.31,369.74,False,False,False
2022-05-24,379.0,1297307,-176,-26,-13,-214,,54.2,55.17,39.05,403.32,369.08,False,False,False
2022-05-25,376.0,2249706,-187,-850,-19,-1056,,41.26,50.53,37.77,402.73,367.97,False,False,False
2022-05-26,368.0,3932394,-1463,-644,-19,-2126,,27.51,42.86,34.51,403.51,365.44,False,False,False
2022-05-27,377.0,1803101,238,-41,37,234,,28.34,38.02,40.71,403.45,364.8,False,False,False
2022-05-30,393.0,2013177,742,-18,113,837,,46.67,40.9,49.8,404.08,364.72,False,True,False
2022-05-31,395.5,1427567,330,-164,19,186,,61.67,47.82,51.07,404.93,364.52,False,False,False
2022-06-01,400.0,2408473,-321,0,-4,-324,,66.82,54.15,53.34,406.5,364.0,False,False,False
2022-06-02,395.0,1570400,38,-35,-2,1,,66.23,58.18,50.53,404.18,365.22,False,False,False
2022-06-06,390.5,834343,-166,-130,-23,-319,,62.23,59.53,48.07,402.9,365.7,False,False,False
2022-06-07,383.5,1383589,-433,-119,-17,-570,,53.93,57.66,44.45,402.95,366.15,False,False,False
2022-06-08,389.5,963173,280,-57,10,233,,53.22,56.18,48.06,403.39,366.36,False,False,False
2022-06-09,387.5,468209,-128,-1,-15,-144,,49.77,54.05,46.97,403.49,367.46,False,False,False
2022-06-10,381.5,1094409,-273,-97,8,-362,,34.33,47.47,43.75,402.66,369.44,False,False,False
2022-06-13,369.5,1853089,-951,0,-46,-997,,23.7,39.55,38.11,403.51,367.69,False,False,False
2022-06-14,363.5,2849118,-635,-463,-16,-1114,,19.93,33.01,35.64,405.01,364.99,False,False,False
2022-06-15,351.5,2993896,-670,-674,-45,-1389,,13.28,26.43,31.28,408.14,358.26,True,False,False
2022-06-16,345.5,2963198,91,-298,-86,-293,,9.2,20.69,29.34,410.7,351.15,True,False,False
2022-06-17,328.0,3736555,399,-427,-54,-82,,7.16,16.18,24.57,415.04,340.26,True,False,False
2022-06-20,316.0,2424235,163,-2,-26,135,,4.77,12.38,21.93,419.74,328.06,True,False,False
2022-06-21,321.0,1595736,157,-385,-40,-269,,6.23,10.33,25.52,421.55,319.55,True,False,False
2022-06-22,299.5,3404268,-29,-383,-76,-488,,4.35,8.34,21.04,426.43,306.72,True,False,False
2022-06-23,297.0,2207585,139,-265,67,-59,,3.55,6.74,20.59,429.83,295.42,True,False,False
2022-06-24,294.0,2417098,393,-915,-25,-547,,2.81,5.43,20.03,432.71,285.14,True,False,False
2022-06-27,301.0,2176359,-56,-428,94,-391,,5.5,5.46,25.12,432.72,277.53,True,True,False
2022-06-28,279.5,2481032,-654,-400,-130,-1184,,3.88,4.93,20.75,431.84,267.06,True,False,False
2022-06-29,281.5,1488558,-13,-190,47,-156,,6.66,5.51,22.11,428.47,259.03,True,True,False
2022-06-30,271.0,2693083,-339,0,22,-316,,7.45,6.16,20.16,423.61,250.99,True,False,False
2022-07-01,256.0,2735795,119,2,-192,-71,,4.97,5.76,17.75,419.44,241.26,True,False,False
2022-07-04,258.0,1784283,478,0,-18,461,,4.89,5.47,19.14,413.68,233.77,True,False,False
2022-07-05,257.5,2269466,-202,0,50,-151,,6.01,5.65,19.05,407.41,227.44,True,True,False
2022-07-06,251.0,1901305,-164,0,-35,-199,,4.01,5.1,17.92,398.42,222.58,True,False,False
2022-07-07,263.0,2184377,383,0,58,441,,10.08,6.76,26.6,386.7,221.85,True,True,False
2022-07-08,272.5,2971851,345,0,-42,303,,24.64,12.72,32.68,373.83,223.82,True,False,False
2022-07-11,269.0,1377761,-149,0,-29,-178,,35.17,20.2,31.64,362.03,225.57,False,False,False
2022-07-12,267.0,1562683,359,0,-20,339,,43.96,28.12,31.03,349.68,228.27,False,False,False
2022-07-13,274.0,1985993,-285,0,-30,-314,,56.69,37.65,35.68,338.45,231.75,False,False,False
2022-07-14,279.5,1765404,326,0,33,359,,71.13,48.81,39.15,326.95,236.65,False,False,False
2022-07-15,286.5,1632837,-111,1,61,-49,,78.97,58.86,43.35,319.42,240.03,False,False,False
2022-07-18,301.0,3546266,-693,492,89,-112,,85.01,67.58,50.89,316.28,241.67,False,False,False
2022-07-19,300.5,2241932,-657,398,-7,-266,,87.79,74.31,50.64,311.32,244.58,False,False,False
2022-07-20,299.0,3226700,-368,375,19,27,,85.67,78.1,49.85,311.22,244.63,False,False,False
2022-07-21,307.0,1819582,180,381,89,650,,89.76,81.99,53.99,313.2,243.65,False,False,False
2022-07-22,304.5,1724219,-252,361,0,109,,89.54,84.51,52.53,315.01,242.89,False,False,False
2022-07-25,298.5,1026484,12,14,-10,16,,83.68,84.23,49.1,314.57,243.08,False,False,False
2022-07-26,290.0,2018458,139,0,18,156,,72.86,80.44,44.65,315.45,243.25,False,False,False
2022-07-27,293.5,1128794,62,10,7,79,,65.73,75.54,46.79,316.59,243.31,False,False,False
2022-07-28,290.0,1186375,-349,0,4,-344,,50.49,67.19,44.92,317.55,244.25,False,False,False
2022-07-29,293.0,969368,138,12,0,150,,44.32,59.57,46.88,317.81,247.69,False,False,False
2022-08-01,286.0,3574343,-1265,-7,-4,-1277,,37.88,52.34,43.04,317.23,251.07,False,False,False
2022-08-02,284.0,1663921,-435,83,-33,-385,,31.51,45.39,41.98,316.09,254.86,False,False,False
2022-08-03,283.0,1536448,-29,14,18,4,,26.21,39.0,41.43,313.11,261.04,False,False,False
2022-08-04,287.0,1182917,-158,1,18,-139,,29.24,35.75,44.55,311.72,264.83,False,False,False
2022-08-05,294.0,906224,-75,2,31,-42,,44.3,38.6,49.62,311.69,267.01,False,True,False
2022-08-08,292.0,891302,-350,0,-20,-370,,51.24,42.81,48.26,310.7,270.3,False,False,False
2022-08-09,294.0,771714,-66,0,35,-31,,58.96,48.2,49.74,308.78,274.92,False,False,False
2022-08-10,292.0,808533,-97,0,-25,-122,,63.24,53.21,48.25,307.45,278.05,False,False,False
2022-08-11,302.5,1880839,623,52,45,720,,71.33,59.25,55.73,307.81,279.99,False,False,False
2022-08-12,309.0,1369630,101,49,32,182,,80.89,66.46,59.62,310.01,280.04,False,False,False
2022-08-15,312.0,1710346,-132,33,-63,-162,,84.73,72.55,61.31,312.2,278.95,False,False,False
2022-08-16,307.5,1854425,-565,97,-163,-631,,82.75,75.95,57.43,313.27,278.58,False,False,False
2022-08-17,310.5,1465126,-95,50,280,235,,83.47,78.46,59.28,315.0,278.0,False,False,False
2022-08-18,309.5,799206,-3,20,34,51,,82.57,79.83,58.37,315.45,277.8,False,False,False
2022-08-19,314.0,932364,-23,30,-20,-13,,85.96,81.87,61.25,317.2,277.0,False,False,False
2022-08-22,310.0,812343,-277,37,-12,-251,,83.36,82.37,57.44,318.59,276.76,False,False,False
2022-08-23,304.5,974699,-392,21,-3,-374,,69.74,78.16,52.6,319.2,277.6,False,False,False
2022-08-24,306.0,768098,-6,30,-17,7,,56.02,70.78,53.74,319.95,278.1,False,False,False
2022-08-25,311.0,759560,0,-8,19,11,,58.77,66.78,57.44,321.2,278.95,False,False,False
2022-08-26,317.0,1719156,73,62,32,166,,62.44,65.33,61.42,323.41,279.14,False,False,False
2022-08-29,307.5,1182424,-29,6,14,-9,,50.15,60.27,52.97,323.43,281.27,False,False,False
2022-08-30,308.0,948735,-287,21,-42,-308,,42.74,54.43,53.33,322.89,284.21,False,False,False
2022-08-31,312.5,665537,23,2,22,47,,44.77,51.21,56.59,322.14,287.91,False,False,False
2022-09-01,303.5,1244586,-294,4,-70,-360,,32.17,44.86,49.2,320.75,290.95,False,False,False
2022-09-02,302.0,891636,6,33,13,52,,24.29,38.0,48.07,320.21,292.29,False,False,False
2022-09-05,293.0,1604702,-65,-30,-45,-140,,18.72,31.57,41.87,320.05,292.55,False,False,False
2022-09-06,297.5,1024211,62,11,6,79,,19.55,27.57,45.64,319.64,293.31,True,False,False
2022-09-07,293.5,1147656,-54,-66,48,-72,,18.97,24.7,42.97,319.38,293.72,True,False,False
2022-09-08,301.0,959455,-71,-91,14,-148,,30.95,26.78,49.0,319.43,293.52,True,True,False
2022-09-12,303.0,931533,-342,0,-31,-372,,41.55,31.7,50.5,319.16,293.19,False,False,False
2022-09-13,301.5,863179,-183,0,-23,-207,,46.65,36.69,49.33,318.49,292.81,False,False,False
2022-09-14,298.0,924868,-320,0,37,-283,,46.38,39.92,46.61,318.42,291.93,False,False,False
2022-09-15,300.5,891784,-84,0,4,-80,,52.35,44.06,48.78,317.83,291.52,False,False,True
2022-09-16,298.5,721693,-145,17,-2,-130,,53.15,47.09,47.13,317.35,290.9,False,False,True
2022-09-19,290.0,632704,-182,11,-14,-185,,40.2,44.79,40.8,316.72,289.13,False,False,False
2022-09-20,288.5,695882,-195,9,-9,-195,,29.9,39.83,39.79,316.64,287.06,False,False,False
2022-09-21,275.5,2117785,-931,3,85,-843,,20.93,33.53,32.29,319.23,281.57,False,False,False
2022-09-22,270.0,1723848,-8,-19,-28,-55,,17.83,28.29,29.74,321.6,275.6,False,False,False
2022-09-23,268.0,769804,-139,12,-43,-170,,14.21,23.6,28.84,322.42,270.48,True,False,False
2022-09-26,256.0,1280079,-221,-4,-60,-285,,11.12,19.44,24.15,323.24,263.56,True,False,False
2022-09-27,259.0,915136,-182,-80,65,-196,,11.05,16.64,27.33,323.73,258.22,True,False,False
2022-09-28,251.0,959667,-179,13,-24,-191,,7.36,13.55,24.4,324.38,251.87,True,False,False
2022-09-29,253.5,1141781,-406,6,-1,-401,,6.63,11.24,27.04,322.66,247.69,True,False,False
2022-09-30,265.5,1656643,-162,0,91,-71,,16.96,13.15,38.19,320.7,245.85,True,True,False
2022-10-03,280.0,2612504,608,0,137,745,,37.01,21.1,48.44,318.56,245.79,True,False,False
2022-10-04,282.5,1556833,-67,1,-54,-120,,52.39,31.53,49.98,317.68,245.62,False,False,False
2022-10-05,288.0,2866079,374,67,9,450,,63.91,42.32,53.29,316.57,245.78,False,False,False
2022-10-06,288.5,801089,96,14,-48,62,,71.95,52.2,53.59,316.02,245.83,False,False,False
2022-10-07,286.0,1257135,-65,0,-22,-87,,74.92,59.77,51.8,314.09,246.26,False,False,False
2022-10-11,289.5,2291928,55,247,59,362,,79.38,66.31,54.11,312.01,246.99,False,False,False
2022-10-12,311.0,6753365,543,1408,184,2135,,83.8,72.14,65.18,314.07,245.88,False,False,True
2022-10-13,298.0,4454737,-341,395,-170,-116,,80.38,74.89,56.33,314.07,245.88,False,False,False
2022-10-14,306.5,3546184,-415,441,166,192,,81.26,77.01,60.14,315.23,245.32,False,False,True
2022-10-17,304.5,2192368,-288,42,-37,-283,,78.16,77.39,58.84,316.28,244.87,False,False,False
2022-10-18,307.5,2116113,112,57,60,229,,78.53,77.77,60.23,318.94,243.96,False,False,True
2022-10-19,297.0,1920176,-371,9,-19,-381,,70.24,75.26,53.43,319.89,243.86,False,False,False
2022-10-20,293.5,1745109,-108,54,8,-46,,61.87,70.8,51.35,321.01,244.54,False,False,False
2022-10-21,290.0,1165580,-139,36,-6,-109,,53.44,65.01,49.28,321.65,245.9,False,False,False
2022-10-24,295.0,1070429,173,5,-4,175,,42.04,57.35,52.24,322.55,247.7,False,False,True
2022-10-25,285.0,1740293,-130,232,-71,31,,28.63,47.78,46.41,321.41,251.74,False,False,False
2022-10-26,285.5,909733,-1,0,14,13,,22.48,39.34,46.73,320.24,255.56,False,False,False
2022-10-27,299.0,1570891,-70,169,111,210,,34.28,37.66,54.61,317.89,262.71,False,False,True
2022-10-28,292.0,1537517,-648,147,-30,-531,,33.97,36.43,50.45,313.7,270.75,False,False,False
2022-10-31,295.5,1039629,-93,-13,6,-100,,37.85,36.9,52.4,311.15,276.3,False,True,True
2022-11-01,297.0,612285,-46,0,34,-12,,48.25,40.68,53.25,310.79,278.36,False,False,True
2022-11-02,301.5,1324943,62,7,87,157,,60.31,47.23,55.81,310.97,280.08,False,False,True
2022-11-03,294.0,1755481,-785,9,-31,-807,,57.25,50.57,50.82,310.89,280.76,False,False,False
2022-11-04,285.5,2337833,-923,0,-100,-1023,,42.61,47.91,45.83,311.1,280.25,False,False,False
2022-11-07,296.0,2366784,378,0,142,520,,48.41,48.08,52.09,310.91,281.44,False,True,False
2022-11-08,305.0,2862576,875,11,141,1026,,59.54,51.9,56.71,311.84,282.06,False,False,False
2022-11-09,316.5,2966394,312,149,38,499,,72.55,58.78,61.79,313.36,281.09,False,False,True
2022-11-10,312.5,1391449,43,77,-125,-5,,77.35,64.97,59.19,315.47,280.43,False,False,True
2022-11-11,325.5,3487034,-413,394,-21,-40,,79.13,69.69,64.42,320.06,277.74,False,False,True
2022-11-14,321.0,1613580,-114,-64,-65,-243,,77.43,72.27,61.48,322.98,276.47,False,False,True
2022-11-15,325.5,2067367,184,22,75,282,,79.19,74.58,63.29,326.41,274.84,False,False,True
2022-11-16,338.5,3848969,96,115,230,441,,82.9,77.35,67.96,333.45,271.95,False,False,True
2022-11-17,336.5,2923548,-874,547,67,-260,,84.3,79.67,66.55,338.75,270.95,False,False,True
2022-11-18,339.0,5465210,-429,911,190,671,,79.03,79.46,67.46,343.67,270.93,False,False,True
2022-11-21,329.5,2220746,-343,66,-138,-414,,66.74,75.22,60.74,346.2,271.85,False,False,True
2022-11-22,333.5,1495646,-21,18,-120,-123,,61.0,70.48,62.44,348.36,274.54,False,False,True
2022-11-23,328.5,1118663,-285,-95,44,-336,,49.2,63.38,59.0,349.13,278.07,False,False,True
2022-11-24,337.0,1423263,200,341,86,627,,47.33,58.03,62.75,351.79,279.21,False,False,True
2022-11-25,330.5,772234,-51,-25,-77,-153,,39.89,51.98,58.36,352.54,282.31,False,False,True
2022-11-28,329.5,589044,51,-18,-17,16,,33.35,45.77,57.69,353.04,285.21,False,False,True
2022-11-29,326.5,636789,-88,-9,-76,-173,,25.88,39.14,55.63,352.99,288.21,False,False,True
2022-11-30,326.5,889866,-112,-228,-43,-383,,20.91,33.07,55.63,353.05,290.65,False,False,True
2022-12-01,337.0,1957447,736,-125,9,620,,35.42,33.85,61.25,352.96,295.04,False,True,True
2022-12-02,335.0,1027709,-164,-36,-9,-209,,48.12,38.61,59.7,349.42,303.53,False,False,True
2022-12-05,335.0,977999,-30,-22,0,-52,,56.59,44.6,59.7,346.6,310.25,False,False,True
2022-12-06,307.0,5089450,-816,-1244,-309,-2368,,38.72,42.64,42.3,346.17,310.88,False,False,True
2022-12-07,303.0,2652132,-189,-147,-132,-468,,29.47,38.25,40.49,348.25,307.45,False,False,True
2022-12-08,307.5,1163403,-171,-34,-7,-212,,26.97,34.49,43.43,348.89,306.31,False,False,True
2022-12-09,313.0,1407572,299,200,98,597,,29.77,32.92,46.88,349.24,304.71,False,False,True
2022-12-12,319.0,2170620,109,472,75,656,,36.51,34.11,50.44,349.27,304.48,False,True,True
2022-12-13,311.0,1986766,-382,609,-74,153,,34.5,34.24,46.01,349.64,302.66,False,False,True
2022-12-14,310.5,1177363,-120,-128,-34,-282,,32.88,33.79,45.74,348.48,301.02,False,False,True
2022-12-15,313.5,1072256,365,38,36,439,,34.58,34.05,47.73,347.16,300.04,False,True,True
2022-12-16,306.5,1136932,215,-350,-19,-154,,30.56,32.89,43.71,345.55,298.4,False,False,True
2022-12-19,313.5,1418676,314,-25,5,294,,42.6,36.13,48.39,344.76,297.59,False,True,True
2022-12-20,307.5,1376446,286,-98,-58,130,,37.41,36.55,44.94,343.47,296.28,False,False,True
2022-12-21,305.0,915727,-16,-279,50,-245,,25.95,33.02,43.55,342.82,294.58,False,False,False
2022-12-22,307.5,675393,307,-280,-7,20,,23.36,29.8,45.37,340.21,294.24,False,False,False
2022-12-23,305.0,792455,0,18,-22,-4,,29.86,29.82,43.85,338.66,293.24,False,True,False
2022-12-26,305.5,387967,148,8,-12,144,,34.99,31.54,44.25,336.98,292.52,False,False,False
2022-12-27,315.5,1286768,454,190,14,658,,54.28,39.12,51.72,335.74,292.66,False,False,True
2022-12-28,310.5,845123,130,2,-88,44,,59.2,45.81,48.24,334.19,292.61,False,False,True
2022-12-29,316.5,987757,75,25,94,194,,72.01,54.54,52.38,330.06,294.69,False,False,True
2022-12-30,315.0,942892,-212,294,-51,31,,73.34,60.81,51.28,325.59,297.16,False,False,True
2023-01-03,325.0,1321812,286,371,98,756,,82.22,67.95,57.68,321.95,299.8,False,False,True
2023-01-04,327.0,751156,61,150,-29,182,,88.15,74.68,58.84,324.91,298.84,False,False,True
2023-01-05,335.5,2349199,476,400,117,993,,90.12,79.83,63.45,329.62,297.38,False,False,True
2023-01-06,351.0,4981921,1421,1225,86,2733,,92.4,84.02,70.03,338.66,292.69,False,False,True
2023-01-09,349.0,1988154,-277,232,-111,-156,,92.45,86.83,68.32,344.81,290.14,False,False,True
2023-01-10,354.0,1787883,-36,539,-27,476,,94.27,89.31,70.28,351.08,287.37,False,False,True
2023-01-11,362.5,2883182,376,500,76,952,,93.43,90.68,73.29,358.77,284.83,False,False,True
2023-01-12,355.0,1221324,8,29,-50,-12,,88.11,89.83,66.85,363.41,284.64,False,False,True
2023-01-13,348.5,1712227,848,7,-56,799,,80.66,86.77,61.78,366.28,285.27,False,False,True
2023-01-16,354.5,878097,166,19,4,189,,77.48,83.67,64.46,369.55,286.8,False,False,True
2023-01-17,356.5,641594,76,5,-8,74,,75.82,81.06,65.33,372.94,287.71,False,False,True
2023-01-30,365.0,1292567,118,137,5,260,,77.57,79.89,68.83,377.07,289.33,False,False,True
2023-01-31,371.0,2071272,-209,398,36,226,,79.73,79.84,71.06,381.36,291.64,False,False,True
2023-02-01,368.0,1118587,-159,147,-98,-110,,76.72,78.8,68.43,384.31,294.74,False,False,True
2023-02-02,369.0,997286,-124,1,9,-115,,75.71,77.77,68.84,386.25,299.2,False,False,True
2023-02-03,368.0,843959,152,64,-29,187,,73.86,76.47,67.88,387.03,304.67,False,False,True
2023-02-06,364.0,1093378,-57,169,-16,96,,67.96,73.63,64.04,387.6,308.95,False,False,True
2023-02-07,359.0,1693222,403,-277,-28,98,,54.33,67.2,59.51,386.0,315.4,False,False,True
2023-02-08,370.5,2073347,508,315,122,944,,60.67,65.02,65.55,385.83,320.97,False,False,True
2023-02-09,360.5,1773684,-846,-102,-44,-993,,48.97,59.67,57.52,382.69,328.66,False,False,True
2023-02-10,352.0,2142772,10,-533,-55,-578,,35.16,51.5,51.72,379.98,334.07,False,False,True
2023-02-13,351.5,903059,188,-296,-20,-128,,29.61,44.21,51.39,376.61,339.89,False,False,True
2023-02-14,365.0,2013092,353,316,123,793,,42.58,43.66,58.96,374.85,344.6,False,False,True
2023-02-15,361.5,902974,47,1,-49,0,,47.26,44.86,56.51,374.82,345.68,False,True,True
2023-02-16,364.5,623890,-9,-62,31,-40,,54.15,47.96,58.12,374.69,347.36,False,False,True
2023-02-17,368.0,1081806,284,32,-1,315,,63.14,53.02,59.98,375.31,348.14,False,False,True
2023-02-20,367.0,795683,31,0,50,82,,66.07,57.37,59.17,375.74,348.16,False,False,True
2023-02-21,370.0,890955,226,-214,70,82,,71.53,62.09,60.88,376.53,348.87,False,False,True
2023-02-22,355.5,1634219,-452,-130,-83,-665,,58.21,60.8,50.0,375.67,350.43,False,False,True
2023-02-23,361.5,1028256,-61,-204,8,-257,,56.35,59.32,53.69,375.39,351.41,False,False,True
2023-02-24,351.0,2043238,-200,-657,-13,-870,,40.13,52.92,47.13,376.0,350.25,False,False,True
2023-03-01,354.5,1462003,599,-652,-2,-55,,35.68,47.18,49.35,376.0,349.2,False,False,True
2023-03-02,365.5,2322631,1075,-168,138,1045,,45.81,46.72,55.65,375.21,349.44,False,False,True
2023-03-03,362.5,735721,-149,0,-69,-218,,48.99,47.48,53.69,374.66,349.44,False,True,True
2023-03-06,368.0,1060130,74,0,32,106,,57.66,50.87,56.7,374.5,349.5,False,False,True
2023-03-07,367.0,608527,-49,0,-1,-50,,63.6,55.12,55.99,374.36,349.54,False,False,True
2023-03-08,361.5,1295792,-522,-30,-41,-593,,61.73,57.32,52.11,374.2,349.45,False,False,True
2023-03-09,362.5,791588,119,-1,-5,113,,61.82,58.82,52.75,374.3,349.7,False,False,True
2023-03-10,351.0,1980728,-358,-459,-27,-844,,46.55,54.73,45.24,373.58,348.47,False,False,True
2023-03-13,350.0,1796342,504,-760,-18,-274,,39.08,49.51,44.65,373.99,347.01,False,False,True
2023-03-14,338.0,2398529,463,-1251,7,-781,,26.05,41.69,38.16,376.27,343.33,False,False,False
2023-03-15,343.0,1921603,2,-193,12,-179,,22.58,35.32,41.95,377.14,341.61,False,False,False
2023-03-16,356.5,3906860,1428,-36,-26,1366,,36.06,35.57,50.72,376.55,341.35,False,True,True
2023-03-17,358.0,1526844,-303,54,-44,-293,,46.72,39.28,51.59,376.34,341.21,False,False,True
2023-03-20,356.5,599339,100,-2,-2,96,,54.03,44.2,50.62,375.75,341.0,False,False,True
2023-03-21,352.0,692175,-275,-66,23,-317,,54.43,47.61,47.73,374.56,340.59,False,False,True
2023-03-22,360.5,1134166,286,0,63,349,,67.87,54.36,53.17,373.71,340.79,False,False,True
2023-03-23,365.0,1155496,339,12,51,402,,76.59,61.77,55.8,372.78,341.22,False,False,True
2023-03-24,378.0,4259144,960,504,27,1491,,82.96,68.83,62.36,376.46,339.79,False,False,True
2023-03-27,370.0,1864416,-505,57,-65,-513,,78.48,72.05,56.77,377.6,339.5,False,False,True
2023-03-28,368.5,1092076,-39,166,-33,94,,74.54,72.88,55.77,378.62,340.23,False,False,True
2023-03-29,362.5,1022427,-148,15,-22,-156,,59.99,68.58,51.8,378.92,340.73,False,False,True
2023-03-30,381.5,5491780,-134,593,461,920,,66.21,67.79,61.21,381.93,339.32,False,False,True
2023-03-31,392.0,6953868,-28,1300,8,1280,,70.03,68.54,65.24,387.62,336.58,False,True,True
2023-04-06,398.0,3580844,-580,529,27,-24,,76.32,71.13,67.33,393.7,333.5,False,False,True
2023-04-07,408.0,4328233,96,690,-8,778,,82.59,74.95,70.52,401.72,329.58,False,False,True
2023-04-10,400.5,3104610,-640,136,-89,-593,,81.33,77.08,65.37,406.8,328.4,False,False,True
2023-04-11,409.0,3140501,63,96,239,398,,85.26,79.81,68.2,413.16,326.69,False,False,True
2023-04-12,424.0,5143118,363,1314,85,1762,,89.65,83.09,72.48,422.09,325.06,False,False,True
2023-04-13,409.5,3023388,-667,27,-105,-745,,84.96,83.71,63.58,426.26,326.84,False,False,True
2023-04-14,411.0,1072823,-132,2,-28,-158,,81.64,83.02,64.07,428.7,331.7,False,False,True
2023-04-17,410.0,1169327,292,-50,-19,223,,76.4,80.81,63.45,430.46,336.64,False,False,True
2023-04-18,400.0,1740887,465,-60,-232,173,,65.33,75.65,57.51,431.37,340.08,False,False,True
2023-04-19,393.5,1266824,217,-117,-104,-4,,43.55,64.95,53.97,431.33,343.67,False,False,True
2023-04-20,394.0,899877,-13,-20,17,-16,,31.05,53.65,54.2,430.76,347.99,False,False,True
2023-04-21,386.5,1896000,266,-117,-104,45,,21.95,43.09,50.1,428.62,353.58,False,False,True
2023-04-24,385.0,1154042,524,-260,-21,243,,18.34,34.84,49.29,427.14,357.51,False,False,True
2023-04-25,375.0,1561812,-77,-32,-74,-183,,13.68,27.78,44.2,426.25,359.4,True,False,True
2023-04-26,376.5,1725397,-61,-168,57,-173,,14.91,23.49,45.11,426.32,359.18,True,False,True
2023-04-27,389.5,2219753,-59,277,45,263,,25.67,24.22,52.41,425.6,361.85,True,True,True
2023-04-28,389.0,1446501,-382,10,7,-365,,33.58,27.34,52.12,424.46,365.04,False,False,True
2023-05-02,393.0,884351,-54,104,21,70,,46.06,33.58,54.28,421.86,370.69,False,False,True
2023-05-03,388.0,734735,-201,-16,-73,-290,,49.55,38.9,51.18,421.55,371.65,False,False,True
2023-05-04,382.0,1024670,-327,-79,-36,-442,,46.07,41.29,47.65,421.82,370.38,False,False,True
2023-05-05,382.5,873430,49,-46,-4,-1,,46.54,43.04,47.98,421.73,368.92,False,False,True
2023-05-08,395.0,2799291,127,532,208,867,,60.97,49.02,55.35,420.4,368.95,False,False,True
2023-05-09,390.5,1088435,-213,264,-97,-46,,65.5,54.51,52.47,419.81,368.54,False,False,True
2023-05-10,381.0,1051408,-376,-7,-42,-425,,51.24,53.42,46.91,418.06,367.49,False,False,True
2023-05-11,377.0,995589,-144,130,-3,-17,,37.06,47.97,44.76,411.95,368.9,False,False,True
2023-05-12,378.5,759400,-203,0,32,-171,,33.2,43.05,45.77,409.03,368.72,False,False,True
2023-05-15,362.0,2227153,-662,-11,-74,-747,,23.49,36.53,37.66,407.16,365.69,False,False,False
2023-05-16,373.5,1966598,691,1,30,722,,27.37,33.48,44.97,402.88,366.32,False,False,False
2023-05-17,389.5,2946925,1062,-97,71,1036,,44.37,37.11,53.2,401.05,367.1,False,True,True
2023-05-18,389.0,2395888,-686,192,151,-344,,55.26,43.16,52.94,400.42,367.28,False,False,True
2023-05-19,388.5,1017042,-211,50,12,-149,,62.41,49.57,52.65,399.61,367.54,False,False,True
2023-05-22,388.0,741505,109,-25,-24,60,,66.72,55.29,52.35,399.75,367.55,False,False,True
2023-05-23,392.0,850870,111,137,21,269,,73.25,61.28,54.6,400.52,367.48,False,False,True
2023-05-24,395.0,648367,138,5,-14,129,,80.34,67.63,56.26,401.65,368.35,False,False,True
2023-05-25,391.5,755889,-33,-45,-25,-103,,81.87,72.38,53.78,402.14,369.36,False,False,True
2023-05-26,398.0,1367893,234,99,-6,328,,84.02,76.26,57.52,403.39,368.96,False,False,True
2023-05-29,415.5,4214708,527,60,177,764,,86.05,79.52,65.6,409.14,365.86,False,False,True
2023-05-30,416.0,2286607,59,139,6,204,,85.94,81.66,65.8,413.7,363.6,False,False,True
2023-05-31,427.5,5326854,571,518,252,1340,,84.15,82.49,70.11,421.1,360.15,False,False,True
2023-06-01,419.0,1573886,-124,43,-145,-226,,77.34,80.78,63.72,425.16,359.79,False,False,True
2023-06-02,410.5,1821405,-23,-136,-37,-196,,66.9,76.15,58.03,427.15,360.6,False,False,True
2023-06-05,410.0,815822,107,-23,-71,13,,59.41,70.57,57.7,428.68,360.57,False,False,True
2023-06-06,406.5,861774,110,-27,-15,68,,52.07,64.4,55.35,429.82,361.03,False,False,True
2023-06-07,423.0,3169562,564,281,152,997,,56.93,61.91,63.0,433.31,361.74,False,False,True
2023-06-08,424.0,2383501,31,651,1,683,,58.05,60.63,63.41,436.15,363.6,False,False,True
2023-06-09,421.0,1286744,-429,28,-22,-422,,55.86,59.04,61.22,437.99,366.01,False,False,True
2023-06-12,430.0,2566322,720,160,191,1070,,63.22,60.43,65.11,438.18,372.62,False,True,True
2023-06-13,428.0,5588210,-978,65,-117,-1030,,59.71,60.19,63.58,438.73,377.52,False,False,True
2023-06-14,420.0,1995015,101,77,-106,73,,51.63,57.34,57.75,439.37,379.93,False,False,True
2023-06-15,427.5,2123362,496,77,8,581,,51.63,55.43,61.33,440.65,382.5,False,False,True
2023-06-16,429.0,1191187,181,-1,-61,118,,52.7,54.52,62.03,441.52,385.68,False,False,True
2023-06-19,422.0,1002007,-83,28,-1,-56,,45.7,51.58,56.9,440.68,389.92,False,False,True
2023-06-20,416.0,875006,51,-21,-92,-63,,30.47,44.54,52.87,439.39,393.61,False,False,True
2023-06-21,412.0,1477459,414,-175,-114,125,,22.75,37.28,50.31,438.04,396.66,False,False,True
2023-06-26,410.0,967601,81,9,18,108,,17.85,30.8,49.03,435.45,401.1,False,False,True
2023-06-27,415.0,1626781,198,120,49,367,,18.41,26.67,52.3,433.54,404.71,True,False,True
2023-06-28,424.0,1545744,-162,78,103,19,,33.11,28.82,57.56,434.02,405.08,True,True,True
2023-06-29,423.5,2848706,62,182,-9,235,,40.65,32.76,57.18,434.39,405.46,False,False,True
2023-06-30,411.5,1995671,-181,-212,-8,-402,,32.57,32.7,48.89,433.6,404.65,False,False,True
2023-07-03,417.5,1034916,58,-94,236,200,,33.73,33.04,52.59,433.54,404.56,False,True,True
2023-07-04,408.5,1644526,-159,-375,-74,-608,,24.67,30.25,47.09,433.71,404.19,False,False,True
2023-07-05,404.0,1136206,-253,-108,-9,-370,,16.95,25.82,44.57,434.39,402.91,False,False,False
2023-07-06,409.0,958342,441,-93,0,348,,17.18,22.94,47.9,434.15,403.4,True,False,True
2023-07-07,389.0,4044672,-307,-1299,-154,-1760,,15.7,20.52,38.06,437.25,396.9,True,False,False
2023-07-10,386.0,1816842,253,-672,21,-398,,12.89,17.98,36.83,439.36,390.99,True,False,False
2023-07-11,392.5,1541986,791,-456,47,383,,14.96,16.97,41.24,439.78,387.72,True,False,False
2023-07-12,394.5,893274,280,-276,-34,-30,,20.01,17.98,42.57,438.18,385.77,True,True,False
2023-07-13,398.0,1658977,305,-282,38,62,,27.75,21.24,44.91,436.25,384.7,False,False,False
2023-07-14,407.0,2026554,967,-313,49,703,,41.03,27.84,50.51,435.24,384.41,False,False,True
2023-07-17,398.5,1575591,-363,-332,-92,-787,,45.68,33.79,45.78,432.84,383.91,False,False,False
2023-07-18,410.0,2046331,524,-127,76,473,,62.64,43.4,52.29,429.91,384.94,False,False,True
2023-07-19,407.0,4161157,-9,-72,-140,-221,,57.48,48.1,50.58,428.09,385.26,False,False,True
2023-07-20,410.5,2008922,275,-18,-32,225,,55.95,50.71,52.53,427.45,385.35,False,False,True
2023-07-21,398.5,3039519,434,-1424,75,-915,,44.18,48.54,45.86,426.88,384.57,False,False,False
2023-07-24,396.5,1863772,550,-488,2,64,,34.89,43.99,44.84,426.49,383.61,False,False,False
2023-07-25,388.5,2894044,444,-1092,-29,-677,,23.96,37.31,40.91,425.84,381.61,False,False,False
2023-07-26,384.5,1406905,262,-386,-68,-192,,16.3,30.31,39.07,423.29,380.21,False,False,False
2023-07-27,412.5,4621833,2359,-158,156,2358,,29.5,30.04,54.51,420.88,381.52,True,False,True
2023-07-28,421.5,3679179,1484,12,171,1667,,44.17,34.75,58.18,422.93,380.47,False,True,True
2023-07-31,409.0,1652747,-93,23,-282,-352,,45.79,38.43,51.92,421.49,381.06,False,False,True
2023-08-01,409.5,988993,91,1,-27,65,,50.29,42.38,52.14,421.62,381.03,False,False,True
2023-08-02,396.5,1455075,-243,-60,-96,-399,,43.22,42.66,46.17,421.31,380.59,False,False,False
2023-08-04,401.0,1206372,216,16,4,236,,41.99,42.44,48.37,420.56,380.54,False,False,False
2023-08-07,386.5,3357252,-1209,-238,-23,-1469,,29.93,38.27,42.36,420.77,380.08,False,False,False
2023-08-08,383.0,2467519,-442,7,-6,-441,,22.73,33.09,41.03,421.1,379.45,False,False,False
2023-08-09,379.0,1373663,-110,-252,-12,-374,,15.5,27.23,39.51,422.28,376.92,False,False,False
2023-08-10,371.0,1462320,-156,-127,-59,-342,,11.48,21.98,36.59,424.41,372.44,True,False,False
2023-08-11,363.0,2314064,-323,-423,14,-732,,7.65,17.2,33.89,427.12,366.23,True,False,False
2023-08-14,358.0,1343137,-131,135,-23,-19,,7.45,13.95,32.28,428.78,359.67,True,False,False
2023-08-15,362.0,1176292,-223,-56,53,-226,,10.21,12.7,34.94,429.74,355.06,True,False,False
2023-08-16,363.0,1110270,-147,-27,-18,-192,,13.27,12.89,35.62,428.63,351.47,True,True,False
2023-08-17,382.0,3087187,1096,-113,284,1268,,29.28,18.35,46.95,426.68,350.92,True,False,False
2023-08-18,376.5,1609006,-7,10,-86,-83,,41.11,25.94,44.5,423.91,350.29,False,False,False
2023-08-21,371.5,576293,-72,1,4,-67,,47.41,33.1,42.35,422.78,348.72,False,False,False
2023-08-22,373.0,722173,9,-56,2,-45,,53.64,39.94,43.24,421.66,347.49,False,False,False
2023-08-23,383.0,1183934,423,65,-88,400,,66.98,48.96,48.89,421.35,347.25,False,False,False
2023-08-24,391.0,1704251,523,120,65,708,,76.7,58.2,52.93,421.79,347.46,False,False,False
2023-08-25,385.5,978448,47,21,-24,44,,78.08,64.83,50.01,418.07,348.48,False,False,False
2023-08-28,381.0,1170555,-160,29,10,-121,,74.88,68.18,47.68,411.03,351.47,False,False,False
2023-08-29,387.5,1100496,-45,-4,20,-29,,78.05,71.47,51.21,407.15,353.2,False,False,False
2023-08-30,408.0,6123549,853,1194,496,2542,,80.77,74.57,60.3,406.74,353.46,False,False,False
2023-08-31,423.5,9589028,1140,986,99,2225,,84.57,77.9,65.52,413.73,349.17,False,False,True
2023-09-01,422.0,3473988,116,706,-161,661,,85.98,80.59,64.64,418.6,346.4,False,False,True
2023-09-04,427.5,2239745,182,434,-26,590,,90.05,83.74,66.43,425.88,343.22,False,False,True
2023-09-05,427.5,2593582,-597,365,90,-142,,90.98,86.16,66.43,432.33,341.22,False,False,True
2023-09-06,426.0,1839194,154,99,35,288,,89.93,87.41,65.38,437.74,340.51,False,False,True
2023-09-07,438.5,5402712,1107,658,375,2140,,91.53,88.79,69.68,445.03,339.97,False,False,True
2023-09-08,446.5,4569242,519,995,79,1593,,92.9,90.16,72.07,452.5,340.85,False,False,True
2023-09-11,441.5,3308180,-113,269,-131,25,,87.86,89.39,68.44,456.99,344.71,False,False,True
2023-09-12,441.0,2763390,171,182,87,440,,81.51,86.76,68.07,460.54,349.06,False,False,True
2023-09-13,443.5,1674680,150,94,-107,137,,77.42,83.65,68.97,463.47,354.18,False,False,True
2023-09-14,446.0,1738440,38,12,89,140,,76.82,81.37,69.89,467.55,356.5,False,False,True
2023-09-15,473.5,9597323,524,1061,299,1884,,78.68,80.48,77.69,476.15,357.6,False,False,True
2023-09-18,468.5,2991069,-407,363,-38,-82,,77.26,79.4,73.94,481.24,362.21,False,False,True
2023-09-19,467.0,1836748,46,129,-23,152,,75.5,78.1,72.8,484.57,368.28,False,False,True
2023-09-20,460.0,2009849,-297,204,-297,-390,,68.11,74.77,67.59,486.48,374.07,False,False,True
2023-09-21,454.5,1980530,108,181,-117,172,,59.69,69.75,63.72,487.44,379.46,False,False,True
2023-09-22,457.5,1761582,-143,-45,-12,-200,,55.99,65.16,64.9,487.04,387.06,False,False,True
2023-09-25,456.5,1363931,-328,20,54,-254,,52.18,60.83,64.15,483.92,397.73,False,False,True
2023-09-26,454.5,1241464,-100,35,-16,-81,,45.13,55.6,62.6,479.53,408.82,False,False,True
2023-09-27,466.5,2840106,-404,103,288,-13,,48.23,53.14,67.66,479.41,414.79,False,False,True
2023-09-28,456.0,3505055,-777,87,130,-561,,43.26,49.85,60.01,479.25,418.2,False,False,True
2023-10-02,466.5,1480811,46,8,116,170,,57.51,52.4,64.35,479.71,422.19,False,True,True
2023-10-03,471.0,4846410,174,721,309,1203,,61.15,55.32,66.05,480.99,425.26,False,False,True
2023-10-04,467.0,1773254,-329,283,-161,-207,,60.06,56.9,63.17,480.83,429.37,False,False,True
2023-10-05,466.0,2128286,-942,27,-34,-949,,58.46,57.42,62.43,479.28,434.92,False,False,True
2023-10-06,463.0,1514923,-18,-69,117,30,,52.41,55.75,60.17,478.82,437.83,False,False,True
2023-10-11,467.0,2728986,496,420,-250,666,,52.35,54.62,62.14,479.4,439.3,False,False,True
2023-10-12,470.0,2030550,-48,16,16,-16,,55.3,54.84,63.59,479.49,442.06,False,True,True
2023-10-13,478.5,4005550,725,661,102,1488,,64.47,58.05,67.41,480.52,444.78,False,False,True
2023-10-16,480.5,2177391,-123,246,-103,20,,71.74,62.61,68.25,481.67,447.33,False,False,True
2023-10-17,486.5,3987478,430,132,20,582,,76.47,67.23,70.7,484.06,448.99,False,False,True
2023-10-18,470.0,2592331,274,-398,-229,-353,,62.44,65.64,57.55,483.66,449.04,False,False,True
2023-10-19,490.0,3785826,1436,507,65,2008,,73.92,68.4,65.84,487.71,447.14,False,True,True
2023-10-20,485.0,2305728,417,50,26,493,,76.26,71.02,62.55,490.08,446.57,False,False,True
2023-10-23,472.5,2169801,281,-258,-46,-23,,64.6,68.88,55.14,490.41,447.49,False,False,True
2023-10-24,475.0,2008840,523,-3,-101,418,,59.47,65.74,56.25,490.46,449.49,False,False,True
2023-10-25,468.0,1845904,209,-287,-61,-139,,44.58,58.69,52.33,490.17,450.83,False,False,True
2023-10-26,455.0,2403992,612,-38,-288,286,,32.29,49.89,45.91,490.33,450.52,False,False,True
2023-10-27,458.0,2032823,398,-8,-137,253,,29.28,43.02,47.51,489.97,451.23,False,False,True
2023-10-30,458.0,1132259,73,-40,-19,14,,27.45,37.83,47.51,490.28,450.07,False,False,True
2023-10-31,465.5,3118288,168,615,49,832,,32.19,35.95,51.65,489.77,451.53,False,False,True
2023-11-01,466.5,1869683,-100,-8,-40,-148,,36.14,36.01,52.2,489.77,451.53,False,True,True
2023-11-02,480.5,2897303,863,-284,84,663,,51.18,41.07,59.11,490.74,451.51,False,False,True
2023-11-03,482.5,2036932,724,200,43,967,,62.87,48.34,60.0,492.05,451.75,False,False,True
2023-11-06,488.0,1637933,16,-64,152,104,,72.92,56.53,62.42,494.17,451.83,False,False,True
2023-11-07,497.0,2349519,114,54,292,460,,81.28,64.78,66.04,497.86,451.54,False,False,True
2023-11-08,470.0,9719250,-677,-1730,-170,-2577,,68.85,66.14,50.36,497.84,451.86,False,False,True
2023-11-09,485.5,5059513,2756,-278,24,2502,,69.07,67.12,56.71,498.96,452.29,False,False,True
2023-11-10,485.0,2525300,753,-312,-48,393,,67.98,67.4,56.46,499.64,452.26,False,False,True
2023-11-13,493.0,1851372,752,-72,-39,641,,74.27,69.69,59.55,501.4,451.75,False,False,True
2023-11-14,485.5,1578147,35,-90,-31,-85,,71.88,70.42,55.57,501.27,451.78,False,False,True
2023-11-15,479.5,3345679,684,-1324,-138,-778,,65.02,68.62,52.55,501.58,452.42,False,False,True
2023-11-16,472.0,2248574,463,-649,6,-180,,53.88,63.71,48.96,499.98,452.22,False,False,True
2023-11-17,479.0,1386214,351,41,-46,346,,52.58,60.0,52.24,499.36,452.24,False,False,True
2023-11-20,478.0,755441,14,-10,12,16,,52.45,57.48,51.73,499.6,452.55,False,False,True
2023-11-21,473.5,2199360,-188,-686,41,-833,,40.3,51.75,49.39,499.55,452.45,False,False,True
2023-11-22,470.0,1742004,-192,-208,73,-327,,33.42,45.64,47.58,499.53,452.67,False,False,True
2023-11-23,465.0,1524891,-454,-149,-70,-672,,23.37,38.22,45.05,498.51,454.69,False,False,True
2023-11-24,469.0,1608883,413,-215,12,210,,21.05,32.5,47.46,497.6,456.7,False,False,True
2023-11-27,459.0,1320876,-462,-53,-117,-632,,14.51,26.5,42.45,497.45,456.95,False,False,False
2023-11-28,479.5,2286603,559,525,-14,1070,,38.25,30.42,53.33,497.4,458.4,True,True,True
2023-11-29,477.5,1662672,-169,156,-70,-83,,50.83,37.22,52.29,497.21,459.69,False,False,True
2023-11-30,483.5,4544686,414,629,116,1160,,56.72,43.72,55.11,497.47,459.73,False,False,True
2023-12-01,494.0,3214808,210,158,18,385,,69.79,52.41,59.61,499.21,459.14,False,False,True
2023-12-04,490.5,1919131,-166,21,-11,-156,,71.63,58.82,57.54,499.6,459.0,False,False,True
2023-12-05,484.5,2560273,-420,-212,-81,-713,,68.14,61.93,54.07,497.39,459.96,False,False,True
2023-12-06,505.0,3264577,358,-12,356,702,,78.76,67.54,62.41,502.04,458.81,False,False,True
2023-12-07,500.0,2359897,119,60,-81,97,,81.63,72.24,59.57,504.39,457.91,False,False,True
2023-12-08,512.0,2716592,862,60,-8,915,,86.52,77.0,63.83,509.52,455.48,False,False,True
2023-12-11,519.0,2715054,377,175,-85,466,,88.29,80.76,66.07,515.11,452.49,False,False,True
2023-12-12,523.0,4557602,971,37,-81,927,,85.3,82.27,67.32,521.57,449.78,False,False,True
2023-12-13,540.0,3846196,908,68,-42,934,,86.87,83.8,72.03,531.86,445.54,False,False,True
2023-12-14,543.0,2314550,239,34,-110,163,,88.47,85.36,72.77,540.95,443.55,False,False,True
2023-12-15,525.0,2535452,-711,-126,-71,-908,,81.2,83.97,62.08,544.93,444.17,False,False,True
2023-12-18,520.0,1331150,72,-19,7,60,,72.24,80.06,59.47,547.63,445.67,False,False,True
2023-12-19,514.0,1411994,76,-56,-41,-22,,60.28,73.47,56.4,548.99,448.36,False,False,True
2023-12-20,511.0,1363258,16,-74,-148,-206,,46.57,64.5,54.88,549.44,452.01,False,False,True
2023-12-21,519.0,1800729,-469,80,141,-248,,41.65,56.89,58.13,549.73,457.12,False,False,True
2023-12-22,515.0,1848101,-283,103,-33,-214,,35.35,49.71,55.96,549.32,462.13,False,False,True
2023-12-25,510.0,820977,-77,0,-22,-99,,27.35,42.25,53.28,545.92,470.63,False,False,True
2023-12-26,516.0,922787,194,64,54,312,,26.57,37.03,56.0,545.33,474.87,False,False,True
2023-12-27,524.0,1581429,425,73,13,511,,34.38,36.14,59.4,544.61,480.24,False,False,True
2023-12-28,523.0,1084478,-189,153,-45,-80,,41.67,37.99,58.78,543.84,484.96,False,True,True
2023-12-29,520.0,1539323,-235,70,-64,-229,,43.4,39.79,56.89,543.6,487.8,False,False,True
2024-01-02,514.0,1533066,-352,238,11,-103,,38.31,39.3,53.21,542.16,491.59,False,False,True
2024-01-03,498.5,3692535,-232,-225,-62,-519,,31.57,36.72,45.09,539.66,495.49,False,False,True
2024-01-04,498.5,2122183,124,183,-23,284,,27.07,33.51,45.09,540.29,494.21,False,False,True
2024-01-05,499.5,1260460,232,57,67,356,,25.41,30.81,45.71,540.34,494.11,False,False,True
2024-01-08,497.0,1054691,132,37,-17,152,,22.37,28.0,44.36,541.22,491.73,False,False,True
2024-01-09,495.0,983472,33,6,36,75,,18.79,24.93,43.26,541.77,488.78,False,False,True
2024-01-10,494.0,1066620,270,-19,66,318,,15.63,21.83,42.69,541.68,485.97,True,False,True
2024-01-11,489.0,2560263,-431,-312,-52,-795,,16.08,19.91,39.86,538.37,484.18,True,False,False
2024-01-12,482.0,1516916,408,-697,-14,-303,,12.14,17.32,36.24,533.98,482.47,True,False,False
2024-01-15,516.0,4577925,575,570,5,1150,,33.62,22.75,56.77,532.6,482.95,True,True,True
2024-01-16,520.0,2813331,171,505,-163,513,,50.78,32.1,58.47,532.6,482.95,False,False,True
2024-01-17,513.0,1550049,-207,42,-109,-275,,57.26,40.49,54.44,532.5,482.95,False,False,True
2024-01-18,508.0,1484812,-194,106,166,78,,58.03,46.33,51.71,532.3,482.85,False,False,True
2024-01-19,516.0,1225190,108,43,85,236,,64.22,52.3,55.56,531.89,482.96,False,False,True
2024-01-22,534.0,4297147,404,180,150,734,,69.28,57.96,62.75,535.42,481.33,False,False,True
2024-01-23,540.0,2203537,392,131,-119,404,,75.6,63.84,64.8,540.41,479.34,False,False,True
2024-01-24,539.0,2099316,188,56,-146,98,,77.25,68.31,64.16,544.15,477.9,False,False,True
2024-01-25,539.0,1248657,330,0,-45,285,,77.71,71.44,64.16,546.76,476.79,False,False,True
2024-01-26,521.0,2100035,-167,-383,7,-543,,64.23,69.04,53.3,546.54,476.81,False,False,True
2024-01-29,526.0,1021264,153,-51,-17,85,,58.5,65.53,55.55,547.24,476.71,False,False,True
2024-01-30,520.0,1287227,-47,-297,-61,-405,,50.77,60.61,52.3,547.72,476.83,False,False,True
2024-01-31,528.0,2202081,254,-1,28,281,,46.85,56.02,56.0,549.23,478.27,False,False,True
2024-02-01,538.0,1273444,285,25,19,329,,49.42,53.82,60.16,552.02,479.43,False,False,True
2024-02-02,539.0,1012258,250,-130,-50,70,,52.14,53.26,60.57,554.57,480.83,False,False,True
2024-02-05,537.0,797967,-33,6,-59,-85,,51.93,52.82,59.28,556.18,483.22,False,False,True
2024-02-15,544.0,3270978,150,-216,130,64,,57.48,54.37,62.3,558.23,486.07,False,True,True
2024-02-16,537.0,1495843,-267,-217,20,-464,,54.51,54.42,57.69,558.38,490.22,False,False,True
2024-02-19,556.0,2890667,646,-107,298,837,,67.92,58.92,65.21,560.26,495.04,False,False,True
2024-02-20,556.0,1647852,100,-114,-70,-84,,76.86,64.9,65.21,558.49,504.21,False,False,True
2024-02-21,573.0,3730022,163,359,145,667,,82.19,70.66,70.63,566.11,502.29,False,False,True
2024-02-22,609.0,6262584,1130,626,88,1845,,88.13,76.48,78.33,584.15,493.15,False,False,True
2024-02-23,615.0,4824939,267,562,154,983,,87.37,80.11,79.31,598.97,488.53,False,False,True
2024-02-26,598.0,4749740,490,-22,339,807,,81.14,80.46,69.74,605.82,490.68,False,False,True
2024-02-27,624.0,5755901,1053,252,-64,1241,,83.3,81.4,74.76,618.31,488.99,False,False,True
2024-02-29,628.0,2718429,13,-1,10,22,,86.01,82.94,75.43,630.25,486.45,False,False,True
2024-03-01,623.0,2066466,-444,80,-11,-375,,86.14,84.01,72.81,639.36,485.64,False,False,True
2024-03-04,626.0,2153153,67,11,-84,-7,,84.86,84.29,73.41,647.84,485.86,False,False,True
2024-03-05,619.0,2322300,829,-87,-313,429,,81.02,83.2,69.57,653.93,487.77,False,False,True
2024-03-06,629.0,1815420,566,-41,74,600,,80.17,82.19,71.84,659.72,492.78,False,False,True
2024-03-07,611.0,3549725,622,-237,-475,-90,,67.02,77.13,62.78,661.83,499.17,False,False,True
2024-03-08,598.0,3351941,959,-303,-36,620,,50.24,68.17,57.18,660.85,507.95,False,False,True
2024-03-11,605.0,4266133,307,-216,50,141,,42.93,59.75,59.28,660.37,516.13,False,False,True
2024-03-12,615.0,3114188,851,-29,44,866,,44.34,54.62,62.15,661.08,523.12,False,False,True
2024-03-13,590.0,5641902,-1170,197,-239,-1212,,33.45,47.56,52.25,658.98,530.32,False,False,True
2024-03-14,586.0,3288783,641,-52,73,662,,28.1,41.07,50.85,655.65,538.55,False,False,True
2024-03-15,587.0,1296932,38,-34,-37,-32,,25.83,35.99,51.2,652.51,545.99,False,False,True
2024-03-18,606.0,2250891,-417,6,45,-365,,34.71,35.57,57.42,647.2,558.2,False,False,True
2024-03-19,609.0,2550636,-57,121,6,69,,42.27,37.8,58.33,644.08,566.62,False,True,True
2024-03-20,601.0,2132606,-84,39,-173,-218,,45.16,40.25,54.98,638.75,576.45,False,False,True
2024-03-21,661.0,6776670,768,428,231,1426,,63.44,47.98,69.25,647.17,576.83,False,False,True
2024-03-22,653.0,8747498,542,-640,443,345,,67.86,54.61,66.23,653.81,574.59,False,False,True
2024-03-25,680.0,3952630,-453,200,283,30,,77.07,62.09,70.85,666.8,568.1,False,False,True
2024-03-26,663.0,5215809,-448,172,-316,-592,,75.9,66.7,64.84,673.12,568.28,False,False,True
2024-03-27,678.0,2584391,643,28,91,762,,78.92,70.77,67.46,681.77,565.03,False,False,True
2024-03-28,690.0,4127290,-168,377,-54,154,,81.9,74.48,69.42,692.04,560.96,False,False,True
2024-03-29,708.0,3296932,-81,112,79,109,,86.16,78.37,72.14,705.68,555.82,False,False,True
2024-04-01,699.0,1495720,-46,-211,112,-145,,86.35,81.03,68.85,715.24,553.56,False,False,True
2024-04-02,709.0,2728780,45,-25,-18,2,,85.77,82.61,70.46,725.91,551.89,False,False,True
2024-04-03,713.0,1635260,630,27,-40,617,,86.85,84.02,71.11,736.01,550.19,False,False,True
2024-04-08,709.0,2070112,-145,-118,87,-175,,84.66,84.24,69.47,744.07,551.93,False,False,True
2024-04-09,725.0,2819490,106,-2,178,281,,87.64,85.37,72.22,753.25,555.45,False,False,True
2024-04-10,739.0,3651530,369,162,-114,417,,87.93,86.22,74.39,763.95,558.15,False,False,True
2024-04-11,721.0,4209797,220,135,-63,291,,77.37,83.27,67.13,770.17,562.53,False,False,True
2024-04-12,748.0,5864542,348,-72,-17,258,,72.06,79.54,71.61,777.66,570.84,False,False,True
2024-04-15,741.0,1975130,-174,210,-100,-64,,65.77,74.95,68.98,780.68,583.32,False,False,True
2024-04-16,715.0,3930364,475,-10,-355,110,,50.36,66.75,60.16,777.26,599.54,False,False,True
2024-04-17,750.0,3849446,1254,116,-207,1163,,53.5,62.33,66.39,779.54,611.66,False,False,True
2024-04-18,756.0,2162336,11,80,-9,82,,57.89,60.85,67.33,780.46,625.44,False,False,True
2024-04-19,710.0,4729961,-923,-177,1,-1100,,45.04,55.58,54.67,769.27,647.53,False,False,True
2024-04-22,662.0,5299636,-678,8,-116,-786,,30.3,47.15,45.13,769.16,647.74,False,False,True
2024-04-23,662.0,2558861,-253,-85,-118,-455,,21.99,38.77,45.13,767.99,649.81,False,False,True
2024-04-24,688.0,3355038,672,-130,264,806,,23.12,33.55,50.55,767.67,650.93,False,False,True
2024-04-25,696.0,2246539,56,160,226,441,,27.95,31.69,52.12,765.55,656.35,False,False,True
2024-04-26,710.0,2480382,-98,202,87,191,,35.46,32.94,54.82,764.92,660.18,False,True,True
2024-04-29,713.0,1574699,71,56,-77,50,,41.37,35.75,55.4,764.98,662.42,False,False,True
2024-04-30,703.0,2160542,211,-76,-160,-25,,42.26,37.92,52.95,764.9,662.0,False,False,True
2024-05-02,701.0,1777456,-220,25,-50,-245,,46.21,40.69,52.46,764.89,662.21,False,False,True
2024-05-03,710.0,2012338,-132,146,12,26,,56.27,45.88,54.53,764.92,662.28,False,False,True
2024-05-06,720.0,1513237,-267,11,74,-182,,67.61,53.12,56.78,765.35,662.55,False,False,True
2024-05-07,720.0,2541715,176,-72,71,175,,68.6,58.28,56.78,765.91,663.09,False,False,True
2024-05-08,724.0,1507782,175,-126,45,94,,70.86,62.48,57.75,765.82,663.08,False,False,True
2024-05-09,688.0,4108856,-280,-582,40,-822,,47.24,57.4,47.42,763.2,660.6,False,False,True
2024-05-10,693.0,1918864,169,75,26,270,,36.34,50.38,48.79,762.28,658.72,False,False,True
2024-05-13,624.0,2306783,-578,-384,102,-860,,24.23,41.66,35.17,765.93,642.67,False,False,False
2024-05-14,585.0,21941013,-3981,-2725,1566,-5141,,20.3,34.54,30.06,775.59,617.41,False,False,False
2024-05-15,588.0,7724728,-1276,-318,252,-1341,,18.24,29.11,30.9,782.3,598.0,False,False,False
2024-05-16,589.0,5312075,-288,-339,161,-466,,17.06,25.09,31.19,780.18,584.02,True,False,False
2024-05-17,581.0,4699482,-243,-649,103,-789,,14.76,21.65,30.09,774.83,571.87,True,False,False
2024-05-20,584.0,2915491,95,-733,68,-570,,13.98,19.09,31.07,774.43,559.67,True,False,False
2024-05-21,584.0,3832368,-1279,-561,254,-1585,,13.46,17.22,31.07,776.78,549.52,True,False,False
2024-05-22,577.0,3436184,-298,-906,209,-995,,12.41,15.61,29.93,778.89,538.91,True,False,False
2024-05-23,569.0,2953547,-704,-59,-141,-904,,11.55,14.26,28.64,778.54,527.36,True,False,False
2024-05-24,574.0,1994229,-132,-311,32,-411,,15.85,14.79,30.65,775.45,518.25,True,True,False
2024-05-27,592.0,3028308,-233,-72,117,-187,,31.78,20.45,37.5,768.17,513.73,True,False,False
2024-05-28,622.0,6504579,-633,-214,143,-705,,51.87,30.93,46.9,759.2,513.6,False,False,False
2024-05-29,611.0,3279884,-566,132,-137,-572,,59.45,40.43,44.27,750.94,512.66,False,False,False
2024-05-30,601.0,2628731,-289,91,-126,-324,,59.21,46.69,41.97,742.04,511.56,False,False,False
2024-05-31,595.0,2188477,-513,129,-109,-493,,55.88,49.75,40.6,730.12,511.98,False,False,False
2024-06-03,609.0,2800293,189,-109,84,164,,61.06,53.52,45.09,714.17,516.83,False,False,False
2024-06-04,588.0,5143115,-1763,-54,29,-1788,,53.4,53.48,40.18,695.0,522.8,False,False,False
2024-06-05,583.0,2847172,439,-104,20,354,,45.66,50.87,39.09,669.34,534.36,False,False,False
2024-06-06,582.0,2497434,-82,-5,28,-60,,32.52,44.76,38.87,650.93,542.17,False,False,False
2024-06-07,593.0,1864133,342,129,62,533,,31.4,40.31,42.8,621.49,561.61,False,False,False
2024-06-11,605.0,2391159,-291,420,-25,105,,40.19,40.27,46.83,617.23,563.97,False,False,False
2024-06-12,614.0,2774766,93,196,60,348,,57.5,46.01,49.69,620.49,563.61,False,True,False
2024-06-13,625.0,5028422,590,457,-60,987,,62.29,51.44,53.01,625.83,561.97,False,False,False
2024-06-14,630.0,2032485,-600,20,-47,-627,,68.09,56.99,54.48,631.61,560.29,False,False,False
2024-06-17,633.0,2407659,-65,242,-153,23,,73.52,62.5,55.39,637.08,560.02,False,False,False
2024-06-18,633.0,1613316,334,49,-69,314,,77.14,67.38,55.39,641.8,560.2,False,False,False
2024-06-19,614.0,3820551,-169,-4,-197,-371,,69.65,68.14,48.34,642.87,562.13,False,False,False
2024-06-20,624.0,1505899,254,5,73,331,,69.03,68.44,51.82,644.44,565.26,False,False,False
2024-06-21,610.0,2746153,-521,-105,150,-476,,56.44,64.44,47.04,642.74,571.06,False,False,False
2024-06-24,611.0,2255072,282,-11,7,278,,45.56,58.15,47.42,641.09,576.41,False,False,False
2024-06-25,599.0,2356737,-457,16,-27,-468,,36.55,50.95,43.47,640.82,577.38,False,False,False
2024-06-26,602.0,1205827,-181,-143,93,-230,,32.54,44.81,44.71,639.37,576.83,False,False,False
2024-06-27,594.0,1639420,-749,-119,59,-808,,24.84,38.15,42.06,639.1,575.4,False,False,False
2024-06-28,617.0,2870177,-45,64,191,210,,34.51,36.94,51.04,640.05,576.05,False,False,False
2024-07-01,610.0,1503364,22,-57,-80,-115,,37.29,37.06,48.57,640.21,577.39,False,True,False
2024-07-02,608.0,1071449,-373,0,5,-368,,42.45,38.86,47.86,640.16,577.34,False,False,False
2024-07-03,621.0,1899722,-109,-32,162,21,,59.67,45.8,52.71,640.66,580.14,False,False,False
2024-07-04,628.0,2460414,-63,-70,-23,-157,,71.49,54.36,55.14,640.97,584.33,False,False,False
2024-07-05,618.0,2956492,-124,-716,44,-796,,71.24,59.99,51.11,638.87,590.03,False,False,False
2024-07-08,613.0,2408308,-258,-270,89,-438,,66.66,62.21,49.17,637.72,593.18,False,False,False
2024-07-09,611.0,2638094,-252,-382,-45,-678,,61.94,62.12,48.39,637.58,593.92,False,False,False
2024-07-10,611.0,766204,194,-30,-50,114,,58.79,61.01,48.39,637.52,593.68,False,False,False
2024-07-11,610.0,1560788,6,6,29,41,,51.02,57.68,47.94,636.44,593.26,False,False,False
2024-07-12,595.0,2559682,-1077,15,-16,-1078,,34.94,50.1,41.73,635.19,591.01,False,False,False
2024-07-15,599.0,1161852,-69,85,-155,-139,,28.7,42.97,43.82,632.24,590.56,False,False,False
2024-07-16,617.0,2182351,727,200,-131,796,,40.75,42.23,52.14,629.04,592.16,False,False,False
2024-07-17,603.0,3461607,-288,36,-459,-711,,36.69,40.38,46.39,628.72,591.38,False,False,False
2024-07-18,595.0,2039646,-591,20,78,-493,,28.85,36.54,43.44,627.21,589.99,False,False,False
2024-07-19,576.0,2703453,-754,4,-218,-968,,19.23,30.77,37.36,630.51,583.29,False,False,False
2024-07-22,555.0,3275984,-169,-36,-246,-451,,18.5,26.68,32.03,637.08,571.12,True,False,False
2024-07-23,559.0,2184188,256,-107,-37,112,,19.53,24.3,33.96,640.75,563.45,True,False,False
2024-07-26,532.0,2823892,56,-167,-101,-212,,17.53,22.04,28.14,648.37,548.83,True,False,False
2024-07-29,516.0,3390251,718,-456,-325,-63,,13.38,19.15,25.37,656.71,532.69,True,False,False
2024-07-30,514.0,2745492,145,-262,31,-87,,12.09,16.8,25.03,660.26,518.84,True,False,False
2024-07-31,513.0,2025477,156,-131,92,117,,10.97,14.86,24.86,662.46,506.94,True,False,False
2024-08-01,524.0,1625488,-130,-80,40,-170,,14.8,14.84,30.61,661.94,499.06,True,False,False
2024-08-02,492.5,3112898,-459,-192,-250,-902,,10.02,13.23,24.76,662.08,486.07,True,False,False
2024-08-05,443.5,4092414,-38,-61,-572,-671,,6.68,11.05,18.76,666.65,463.05,True,False,False
2024-08-06,453.0,3778174,-48,7,22,-19,,10.49,10.86,22.67,666.67,446.53,True,False,False
2024-08-07,474.0,2127925,-304,77,32,-195,,20.56,14.1,30.63,662.25,437.05,True,True,False
2024-08-08,469.0,1357070,-244,-6,28,-222,,25.8,18.0,29.84,656.76,428.34,False,False,False
2024-08-09,482.0,1459100,-83,38,-57,-102,,34.68,23.56,34.56,648.59,423.61,False,False,False
2024-08-12,490.5,1782782,-87,30,32,-25,,43.35,30.15,37.51,638.71,421.54,False,False,False
2024-08-13,499.0,1606924,-265,84,19,-161,,51.87,37.39,40.41,630.27,420.38,False,False,False
2024-08-14,504.0,1979944,-160,-15,-7,-181,,64.04,46.28,42.11,619.93,421.22,False,False,False
2024-08-15,513.0,6456501,-2283,-5,68,-2219,,72.21,54.92,45.14,603.76,426.99,False,False,False
2024-08-16,560.0,4673420,622,95,-34,683,,80.49,63.44,57.63,594.43,432.02,False,False,False
2024-08-19,560.0,2308754,0,-43,-158,-202,,85.26,70.72,57.63,586.54,436.41,False,False,False
2024-08-20,555.0,2098697,69,-158,-119,-208,,86.47,75.97,56.06,582.2,438.65,False,False,False
2024-08-21,528.0,4899600,-736,-134,-724,-1593,,76.21,76.05,48.37,578.29,439.86,False,False,False
2024-08-22,532.0,1764260,347,-11,-39,296,,70.88,74.33,49.48,573.83,441.62,False,False,False
2024-08-23,534.0,2460197,-359,-179,-15,-553,,65.72,71.46,50.05,574.09,441.56,False,False,False
2024-08-26,530.0,1303247,-155,-124,-10,-289,,58.46,67.13,48.85,575.44,441.61,False,False,False
2024-08-27,536.0,1291987,-208,-9,21,-196,,56.65,63.63,50.76,577.64,441.61,False,False,False
2024-08-28,542.0,1210762,-89,16,-15,-88,,54.76,60.68,52.66,580.61,441.54,False,False,False
2024-08-29,540.0,963417,-19,-103,8,-115,,52.19,57.85,51.94,582.4,441.35,False,False,False
2024-08-30,532.0,1247711,-548,19,4,-525,,45.25,53.65,49.05,584.3,443.4,False,False,False
2024-09-02,521.0,1235192,-27,-110,23,-114,,35.72,47.67,45.32,579.92,455.53,False,False,False
2024-09-03,516.0,1161524,-144,-7,22,-129,,23.82,39.72,43.7,575.15,466.6,False,False,False
2024-09-04,487.0,2765809,-493,-146,-45,-684,,20.91,33.45,35.7,573.71,469.34,False,False,False
2024-09-05,490.0,1022012,-174,1,-36,-209,,20.42,29.11,36.98,571.02,474.13,False,False,False
2024-09-06,495.5,830319,182,-215,-13,-46,,22.72,26.98,39.38,569.64,476.86,False,False,False
2024-09-09,494.5,631702,123,-9,17,131,,23.78,25.91,39.09,569.28,477.62,False,False,False
2024-09-10,484.5,1052961,-210,-12,-28,-249,,19.75,23.86,36.21,570.6,474.85,False,False,False
2024-09-11,484.5,988735,78,21,-18,81,,17.12,21.61,36.21,571.97,471.53,True,False,False
2024-09-12,509.0,1280722,406,12,20,437,,29.62,24.28,47.24,571.94,471.16,True,True,False
2024-09-13,497.0,1611257,-333,-134,5,-462,,33.28,27.28,43.29,566.5,470.3,False,False,False
2024-09-16,487.0,1541461,-294,-327,22,-599,,32.63,29.06,40.27,560.58,468.92,False,False,False
2024-09-18,478.5,1776738,-824,509,-288,-603,,23.27,27.13,37.85,555.36,466.49,False,False,False
2024-09-19,487.0,1662616,-516,557,14,55,,25.96,26.74,41.63,553.77,463.98,False,False,False
2024-09-20,486.0,1166512,-370,212,12,-146,,26.76,26.75,41.31,551.2,461.95,False,True,False
2024-09-23,496.0,2218894,-416,-182,52,-546,,37.24,30.25,45.77,547.59,461.76,False,False,False
2024-09-24,496.5,1076019,-372,49,29,-294,,44.73,35.07,45.99,544.33,461.67,False,False,False
2024-09-25,503.0,1683192,128,-3,10,135,,56.19,42.11,48.91,539.66,463.04,False,False,False
2024-09-26,513.0,2509855,-19,-18,62,24,,62.54,48.92,53.1,533.66,466.14,False,False,False
2024-09-27,507.0,1120058,-301,-2,-26,-329,,62.66,53.5,50.43,526.54,469.96,False,False,False
2024-09-30,494.0,1221884,-191,71,-33,-154,,53.8,53.6,45.12,519.78,472.92,False,False,False
2024-10-01,484.5,1557269,-357,-246,-86,-690,,41.36,49.52,41.67,515.42,473.63,False,False,False
2024-10-04,477.5,1892690,-275,-368,7,-636,,28.26,42.44,39.29,512.22,472.98,False,False,False
2024-10-07,489.0,1104955,130,15,8,153,,27.43,37.44,44.87,512.22,473.18,False,False,False
2024-10-08,489.0,960785,-44,24,3,-17,,26.88,33.92,44.87,512.21,473.09,False,False,False
2024-10-09,491.5,1373677,259,0,6,265,,28.23,32.02,46.12,511.96,472.94,False,False,False
2024-10-11,482.0,1591534,-306,-92,-15,-413,,22.6,28.88,42.21,511.86,471.79,False,False,False
2024-10-14,473.0,1885049,-500,-32,43,-489,,16.4,24.72,38.85,512.77,469.73,False,False,False
2024-10-15,479.5,1307989,528,-69,-28,431,,20.7,23.38,42.41,512.96,469.04,True,False,False
2024-10-16,476.0,874540,-90,-89,-10,-189,,20.02,22.26,41.02,510.57,468.13,False,False,False
2024-10-17,481.0,759712,25,-9,20,36,,25.21,23.24,43.85,509.76,467.34,False,True,False
2024-10-18,474.0,995605,-289,0,20,-269,,20.76,22.42,40.9,510.08,465.72,False,False,False
2024-10-21,488.0,1057049,749,-11,27,765,,33.61,26.15,48.39,510.11,466.64,False,True,False
2024-10-22,487.0,993463,95,36,25,157,,41.05,31.12,47.92,510.11,466.64,False,False,False
2024-10-23,502.0,2339338,836,-4,140,973,,55.37,39.2,54.95,511.71,466.64,False,False,False
2024-10-24,483.0,2349366,-1499,-4,-10,-1513,,48.02,42.14,46.41,510.98,466.07,False,False,False
2024-10-25,487.0,588060,-17,0,39,22,,46.68,43.66,48.23,510.19,465.91,False,False,False
2024-10-28,479.0,839541,-319,-2,-3,-324,,38.68,42.0,44.94,508.17,465.53,False,False,False
2024-10-29,468.0,1792682,-751,46,-29,-734,,28.11,37.37,40.81,503.68,465.52,False,False,False
2024-10-30,471.5,647589,152,-1,-31,120,,23.78,32.84,42.61,499.59,466.06,False,False,False
2024-11-01,474.0,1071474,52,6,-3,56,,25.57,30.42,43.93,498.17,465.48,False,False,False
2024-11-04,466.5,745743,-147,-1,-76,-224,,21.56,27.47,40.9,498.58,463.27,False,False,False
2024-11-05,462.0,1058811,-379,-24,-3,-406,,15.76,23.57,39.15,499.7,460.6,False,False,False
2024-11-06,473.5,945949,175,-1,22,196,,21.9,23.01,45.55,498.67,460.08,True,False,False
2024-11-07,473.5,1214988,-168,0,8,-160,,30.12,25.38,45.55,497.51,459.69,False,True,False
2024-11-08,466.0,1722244,-737,-41,18,-760,,26.98,25.91,42.19,496.01,458.64,False,False,False
2024-11-11,438.5,4073077,-444,-156,96,-504,,24.32,25.38,32.69,500.49,449.81,False,False,False
2024-11-12,419.0,3801376,-1525,-52,12,-1565,,16.21,22.32,27.89,508.14,436.76,False,False,False
2024-11-13,415.5,2960251,-254,-79,61,-273,,11.08,18.58,27.12,512.88,425.62,True,False,False
2024-11-14,404.0,3525296,90,-9,-8,73,,7.84,15.0,24.71,517.95,413.35,True,False,False
2024-11-15,418.0,2143267,518,-11,-5,502,,12.03,14.01,32.57,518.37,406.63,True,False,False
2024-11-18,432.0,2759312,-689,1481,-44,747,,21.17,16.4,39.39,517.6,403.2,True,True,False
2024-11-19,435.5,4063932,-2022,2187,-3,162,,28.85,20.55,40.99,514.45,401.1,False,False,False
2024-11-20,446.5,3450993,-1371,1922,-125,426,,39.24,26.78,45.85,510.91,400.59,False,False,False
2024-11-21,464.0,3384514,-1222,2106,-64,820,,59.49,37.68,52.54,504.75,402.95,False,False,False
2024-11-22,471.0,4185774,-1336,2419,-51,1032,,72.99,49.45,54.94,502.98,403.52,False,False,False
2024-11-25,460.5,2628926,-974,354,35,-584,,76.85,58.58,50.79,499.22,404.63,False,False,False
2024-11-26,454.0,1134576,-4,-22,23,-3,,76.23,64.47,48.36,496.24,405.11,False,False,False
2024-11-27,454.5,1314082,-95,334,-34,205,,75.56,68.17,48.56,494.88,405.12,False,False,False
2024-11-28,449.5,1627480,-371,294,1,-76,,70.44,68.92,46.58,492.63,405.17,False,False,False
2024-11-29,461.5,1906924,-474,924,-7,443,,74.02,70.62,51.68,490.83,405.72,False,False,False
2024-12-02,468.0,2936731,-789,908,64,183,,77.42,72.89,54.23,491.05,405.65,False,False,False
2024-12-03,465.5,2609822,-605,-63,28,-640,,69.28,71.68,53.07,491.49,405.56,False,False,False
2024-12-04,452.0,2594509,-517,-84,47,-554,,54.85,66.07,47.2,488.83,406.07,False,False,False
2024-12-05,450.0,1326805,-394,5,33,-356,,43.9,58.68,46.38,485.83,406.72,False,False,False
2024-12-06,446.0,1532334,-217,-13,71,-159,,33.93,50.43,44.71,483.73,406.82,False,False,False
2024-12-09,453.5,1010458,37,116,23,176,,32.29,44.39,48.46,484.51,407.54,False,False,False
2024-12-10,452.5,960737,17,-13,1,5,,30.53,39.77,47.99,484.09,411.31,False,False,False
2024-12-11,448.0,956415,84,-10,20,94,,21.9,33.81,45.85,482.41,416.24,False,False,False
2024-12-12,468.5,2822742,77,1138,17,1232,,32.04,33.22,55.58,478.93,426.17,False,False,False
2024-12-13,466.0,4241492,-1351,1124,-116,-343,,36.87,34.44,54.29,476.36,433.54,False,True,False
2024-12-16,465.0,2686686,-1088,1188,-73,27,,42.17,37.01,53.76,475.5,437.7,False,False,False
2024-12-17,479.0,3738156,-1113,1895,-20,762,,58.67,44.23,59.73,477.46,440.09,False,False,True
2024-12-18,475.0,3162263,-1610,1585,-82,-107,,65.96,51.48,57.45,479.29,441.11,False,False,False
2024-12-19,468.0,3077212,-1882,1567,-96,-411,,64.35,55.77,53.59,479.74,441.06,False,False,False
2024-12-20,464.0,2678696,-1378,1568,-14,175,,58.58,56.71,51.46,478.83,441.27,False,False,False
2024-12-23,479.5,2936970,-965,1569,43,646,,69.94,61.12,58.36,481.7,440.3,False,False,False
2024-12-24,487.5,3884352,-423,1343,52,972,,74.86,65.7,61.41,486.22,439.13,False,False,False
2024-12-25,492.0,2309827,-757,1199,-20,422,,81.16,70.85,63.04,491.13,437.97,False,False,False
2024-12-26,495.0,2107437,-627,1262,-8,627,,86.46,76.05,64.14,495.67,437.98,False,False,False
2024-12-27,502.0,2237509,-211,1184,4,977,,90.97,81.03,66.62,501.55,436.15,False,False,True
2024-12-30,522.0,3965597,-483,2176,-39,1654,,93.98,85.34,72.48,511.96,431.14,False,False,True
2024-12-31,534.0,6519548,-707,3305,-47,2551,,92.24,87.64,75.28,523.94,426.01,False,False,True
2025-01-02,528.0,4122009,-1129,1521,-91,301,,88.57,87.95,71.37,531.85,425.7,False,False,True
2025-01-03,520.0,2699172,64,289,-36,317,,82.09,86.0,66.41,536.58,427.97,False,False,True
2025-01-06,519.0,2133302,-332,353,9,30,,76.12,82.71,65.79,539.77,432.08,False,False,True
2025-01-07,510.0,2222793,-1069,352,-45,-762,,64.08,76.5,60.37,541.35,436.15,False,False,True
2025-01-08,484.5,2798209,362,-234,24,151,,43.0,65.33,48.24,540.18,440.52,False,False,True
2025-01-09,480.0,2027613,220,-81,31,171,,30.89,53.85,46.47,537.97,445.93,False,False,True
2025-01-10,471.0,1425616,-192,-76,-11,-279,,20.59,42.77,43.06,537.84,446.31,False,False,False
2025-01-13,440.5,2727019,-1047,59,-3,-991,,13.73,33.09,33.96,540.84,440.76,False,False,False
2025-01-14,452.5,1546139,-28,-5,17,-16,,13.52,26.57,39.39,541.86,438.49,True,False,False
2025-01-15,442.0,1343459,-234,-93,-156,-483,,9.59,20.91,36.56,544.17,432.48,True,False,False
2025-01-16,468.0,2102308,1069,-220,42,891,,16.87,19.56,46.76,544.26,431.69,True,False,False
2025-01-17,465.5,1240523,70,-37,-137,-104,,21.35,20.16,45.99,544.33,431.37,True,True,False
2025-01-20,470.0,738271,59,-8,11,63,,31.95,24.09,47.66,544.16,432.14,False,False,False
2025-01-21,471.5,1013724,287,-75,-66,146,,43.05,30.41,48.23,544.13,431.37,False,False,False
2025-01-22,473.0,1164162,410,-187,-39,184,,52.25,37.69,48.83,543.79,430.26,False,False,False
2025-02-03,462.5,1519224,109,-4,-41,64,,53.88,43.09,44.89,543.3,427.8,False,False,False
2025-02-04,475.0,1192905,341,-77,18,281,,65.79,50.66,50.05,542.3,426.8,False,False,True
2025-02-05,475.5,1403707,318,-237,44,126,,68.42,56.58,50.26,540.51,425.94,False,False,True
2025-02-06,491.0,1856317,918,-281,63,700,,78.53,63.9,56.14,536.15,427.2,False,False,True
2025-02-07,488.5,807712,208,-82,-9,118,,82.07,69.96,55.01,528.17,430.63,False,False,True
2025-02-10,491.5,1197211,288,-173,8,123,,86.84,75.58,56.15,521.15,434.0,False,False,True
2025-02-11,504.0,2337120,1155,-486,173,842,,91.23,80.8,60.63,517.57,435.98,False,False,True
2025-02-12,504.0,1554238,426,-194,-3,229,,90.73,84.11,60.63,514.0,438.05,False,False,True
2025-02-13,527.0,4661316,1537,-117,279,1699,,90.27,86.16,67.68,518.63,435.12,False,False,True
2025-02-14,534.0,2687900,1147,19,-19,1147,,92.6,88.31,69.47,528.26,430.44,False,False,True
2025-02-17,541.0,2325221,463,68,207,738,,94.13,90.25,71.19,538.55,426.25,False,False,True
2025-02-18,524.0,1827537,-134,-55,-11,-200,,85.94,88.81,62.05,543.88,426.22,False,False,True
2025-02-19,541.0,4623859,999,394,22,1415,,86.65,88.09,66.66,550.04,430.11,False,False,True
2025-02-20,538.0,1539926,88,162,-22,229,,85.63,87.27,65.15,555.22,433.48,False,False,True
2025-02-21,535.0,1456984,-76,109,6,39,,82.23,85.59,63.61,557.18,440.82,False,False,True
2025-02-24,539.0,1110668,335,-148,-15,172,,81.55,84.24,64.81,561.42,443.68,False,False,True
2025-02-25,579.0,6461085,1229,830,209,2268,,85.62,84.7,74.02,573.58,442.87,False,True,True
2025-02-26,552.0,3526835,-1230,273,-55,-1012,,73.48,80.96,62.19,577.88,446.77,False,False,True
2025-02-27,559.0,3906901,664,-21,-9,634,,68.43,76.79,63.8,582.46,450.94,False,False,True
2025-03-03,552.0,2275273,-24,304,-42,237,,61.18,71.58,60.99,584.83,456.47,False,False,True
2025-03-04,545.0,1548205,-160,101,-47,-106,,51.7,64.96,58.23,583.6,465.95,False,False,True
2025-03-05,546.0,2726791,-137,43,75,-19,,44.35,58.09,58.52,582.92,473.73,False,False,True
2025-03-06,538.0,1399052,-50,-331,-55,-435,,34.5,50.22,55.23,580.15,482.75,False,False,True
2025-03-07,563.0,4687119,412,317,47,776,,43.37,47.94,62.35,581.76,488.34,False,False,True
2025-03-10,596.0,14046761,4690,893,-164,5419,,58.59,51.49,69.3,589.27,491.58,False,True,True
2025-03-11,567.0,9006655,1927,457,25,2409,,55.27,52.75,59.0,588.59,499.81,False,False,True
2025-03-12,575.0,8058420,2074,-1597,-25,451,,56.75,54.08,60.73,589.91,505.59,False,False,True
2025-03-13,573.0,5731279,1203,-910,47,340,,56.82,54.99,60.05,589.39,513.01,False,False,True
2025-03-14,605.0,9235072,-3,4284,68,4349,,71.21,60.4,66.54,598.46,511.74,False,False,True
2025-03-17,594.0,3778362,-307,99,-49,-257,,73.31,64.7,62.76,603.57,512.63,False,False,True
2025-03-18,595.0,2426058,24,15,20,59,,75.12,68.18,62.97,608.36,513.24,False,False,True
2025-03-19,593.0,2904272,137,-1,-55,81,,75.5,70.62,62.23,610.56,517.94,False,False,True
2025-03-20,600.0,1751317,221,-1,-22,197,,75.33,72.19,63.83,614.78,519.62,False,False,True
2025-03-21,589.0,2217385,-457,58,18,-380,,67.58,70.65,59.56,616.19,523.31,False,False,True
2025-03-24,571.0,1890709,10,-72,-45,-107,,45.85,62.38,53.27,615.01,528.09,False,False,True
2025-03-25,564.0,2022557,409,-168,42,282,,31.25,52.01,51.01,613.68,531.92,False,False,True
2025-03-26,566.0,1452236,203,-187,41,57,,27.26,43.76,51.64,613.03,531.27,False,False,True
2025-03-27,568.0,1951876,-60,0,46,-14,,27.06,38.19,52.3,612.78,533.12,False,False,True
2025-03-28,560.0,1328080,-46,28,-100,-118,,22.72,33.04,49.4,612.76,533.24,False,False,True
2025-03-31,526.0,2121474,-39,84,-121,-76,,16.32,27.47,39.38,615.82,527.58,False,False,False
2025-04-01,532.0,1195210,-243,118,3,-122,,14.41,23.11,41.63,617.16,524.94,True,False,True
2025-04-02,556.0,2591918,280,221,139,640,,22.55,22.93,49.67,616.72,526.38,True,False,True
2025-04-07,501.0,168932,39,0,-50,-10,,15.03,20.29,37.07,622.96,516.44,False,False,False
2025-04-08,451.0,2703806,-731,87,-140,-784,,10.02,16.87,29.69,639.35,488.85,True,False,False
2025-04-09,406.0,4756108,-1048,-51,-75,-1173,,6.68,13.47,24.89,656.24,452.96,True,False,False
2025-04-10,446.5,1038978,-641,-1,28,-614,,12.44,13.13,35.07,660.85,436.3,True,False,False
2025-04-11,443.0,2736236,-33,-141,-31,-205,,15.68,13.98,34.63,662.89,421.06,True,True,False
2025-04-14,456.0,2862080,-47,-129,-24,-200,,21.14,16.37,37.73,661.94,410.31,True,False,False
2025-04-15,466.0,1733798,-106,254,61,209,,26.91,19.88,40.09,654.33,404.02,False,False,False
2025-04-16,455.5,1448215,-103,-112,-77,-292,,28.52,22.76,38.44,647.63,396.87,False,False,False
2025-04-17,433.0,3424210,-303,-1044,-201,-1548,,28.49,24.67,35.12,640.67,387.63,False,False,False
2025-04-18,435.0,2808059,-7,-528,-12,-547,,32.42,27.25,35.65,631.76,380.74,False,False,False
2025-04-21,426.5,1948273,518,-329,-45,144,,31.1,28.53,34.36,619.74,375.41,False,False,False
2025-04-22,419.5,1582126,13,-262,-12,-262,,26.6,27.89,33.29,608.04,370.16,False,False,False
2025-04-23,434.5,1440346,226,-120,3,108,,30.65,28.81,37.76,597.02,367.53,False,True,False
2025-04-24,435.5,2033688,-205,18,-33,-220,,30.15,29.26,38.06,585.61,366.09,False,False,False
2025-04-25,454.0,2905642,282,-40,33,275,,42.96,33.82,43.45,571.76,368.74,False,False,False
2025-04-28,443.5,2516455,-360,-648,83,-925,,45.99,37.88,41.26,555.02,373.03,False,False,False
2025-04-29,449.0,1959020,363,-592,3,-226,,53.37,43.04,42.88,537.58,379.37,False,False,False
2025-04-30,447.5,1291675,219,-229,-48,-57,,57.19,47.76,42.54,527.07,382.03,False,False,False
2025-05-02,454.5,1874880,469,-321,-36,112,,64.87,53.46,44.78,513.39,387.96,False,False,False
2025-05-05,437.0,2840326,80,-582,-51,-553,,57.16,54.7,40.52,483.3,406.15,False,False,False
2025-05-06,445.5,1743938,369,-255,-54,60,,53.53,54.31,43.34,470.03,413.87,False,False,False
2025-05-07,440.0,1162307,-252,-10,-13,-276,,45.64,51.42,41.95,469.17,413.63,False,False,False
2025-05-08,461.5,2987769,1465,-92,22,1395,,61.77,54.87,48.83,467.84,420.51,False,True,False
2025-05-09,462.0,1382795,59,-156,-10,-108,,73.02,60.92,48.99,469.91,419.99,False,False,False
2025-05-12,470.0,1540368,222,-68,6,160,,78.31,66.72,51.46,473.63,418.97,False,False,False
2025-05-13,493.0,2749800,654,15,37,706,,84.76,72.73,57.8,482.38,413.92,False,False,False
2025-05-14,494.5,2284581,9,-320,50,-261,,88.6,78.02,58.18,488.92,410.23,False,False,False
2025-05-15,489.0,3628890,1004,-1025,66,45,,84.61,80.22,56.17,494.33,408.17,False,False,False
2025-05-16,494.0,1567753,133,-69,-51,13,,83.84,81.43,57.61,500.47,408.13,False,False,False
2025-05-19,487.0,1839638,272,-406,-44,-178,,79.64,80.83,54.89,504.33,409.47,False,False,False
2025-05-20,504.0,3636952,770,-248,10,532,,80.58,80.75,59.84,510.37,411.18,False,False,False
2025-05-21,513.0,3084843,178,-276,67,-31,,81.22,80.9,62.21,516.27,414.63,False,True,False
2025-05-22,514.0,1185120,391,-199,9,201,,81.56,81.12,62.47,522.44,416.41,False,False,False
2025-05-23,502.0,1710358,-264,-133,-44,-441,,70.67,77.64,57.29,525.15,420.35,False,False,False
2025-05-26,495.5,1228793,224,-10,-68,146,,54.57,69.95,54.65,527.38,422.27,False,False,False
2025-05-27,491.5,2053698,14,-153,-114,-253,,40.33,60.08,53.03,528.12,426.33,False,False,False
2025-05-28,491.0,2129496,-81,-76,-2,-159,,30.39,50.18,52.81,528.76,429.89,False,False,False
2025-05-29,506.0,3036111,1497,-578,3,923,,36.93,45.76,58.19,530.67,433.83,False,False,False
2025-06-02,497.5,2310147,-330,101,-70,-300,,32.84,41.46,54.41,531.43,437.37,False,False,False
2025-06-03,506.0,3563408,-15,632,1,618,,37.87,40.26,57.39,530.12,445.58,False,False,False
2025-06-04,511.0,2180977,630,-504,21,147,,50.67,43.73,59.08,529.55,452.7,False,True,False
2025-06-05,530.0,4479008,310,9,261,580,,65.58,51.02,64.81,529.67,461.58,False,False,False
2025-06-06,535.0,2408761,510,-334,-44,131,,77.06,59.7,66.16,533.7,464.9,False,False,False
2025-06-09,536.0,2911168,825,-476,-45,303,,79.9,66.43,66.43,536.42,469.58,False,False,False
2025-06-10,544.0,2453135,702,-561,-5,136,,81.47,71.44,68.64,541.1,472.3,False,False,False
2025-06-11,541.0,2557608,819,-915,30,-67,,80.98,74.62,66.86,546.08,472.12,False,False,False
2025-06-12,542.0,2287828,1269,-715,2,556,,81.17,76.8,67.17,550.55,472.4,False,False,False
2025-06-13,526.0,2197972,712,-800,31,-57,,72.39,75.33,57.99,551.41,475.24,False,False,False
2025-06-16,531.0,1498542,778,-682,30,126,,65.62,72.1,59.84,552.9,477.45,False,False,False
2025-06-17,526.0,1341440,-8,49,-37,4,,56.79,66.99,57.13,552.69,481.56,False,False,False
2025-06-18,536.0,2126409,89,196,26,311,,54.53,62.84,60.94,554.68,482.77,False,False,False
2025-06-19,516.0,2459453,-1088,95,4,-989,,37.21,54.29,51.16,554.75,483.0,False,False,False
2025-06-20,507.0,1732334,-70,-189,3,-256,,28.58,45.72,47.47,554.74,482.31,False,False,False
2025-06-23,513.0,1079226,126,-53,-2,71,,29.31,40.25,50.06,554.56,483.59,False,False,False
2025-06-24,518.0,1932785,644,-879,-8,-243,,33.0,37.83,52.17,553.92,486.48,False,False,False
2025-06-25,521.0,1295049,196,-211,-15,-29,,38.67,38.11,53.44,552.57,490.78,False,True,False
2025-06-26,515.0,2012600,-768,192,-19,-595,,38.82,38.35,50.54,550.44,495.31,False,False,False
2025-06-27,505.0,1536943,-424,-156,-89,-669,,31.68,36.12,46.06,550.52,495.13,False,False,False
2025-06-30,503.0,1285355,103,4,-20,87,,25.47,32.57,45.2,549.83,496.37,False,False,False
2025-07-01,490.5,3359752,1254,-1949,-127,-823,,17.96,27.7,40.13,551.89,492.76,False,False,False
2025-07-02,487.5,4746052,2189,-2607,36,-382,,13.22,22.87,39.01,554.27,488.03,True,False,False
2025-07-03,494.0,1109141,257,-30,-4,223,,15.48,20.41,42.76,554.3,484.4,True,False,True
2025-07-04,478.0,2466896,-954,-3,-117,-1074,,10.32,17.05,36.76,555.18,477.82,True,False,False
2025-07-07,473.5,1481863,539,-588,2,-47,,8.96,14.35,35.26,555.37,471.38,True,False,False
2025-07-08,471.5,1860858,246,-477,-11,-243,,10.78,13.16,34.58,553.11,466.39,True,False,False
2025-07-09,486.0,1678619,75,-161,-12,-99,,22.22,16.18,43.09,548.97,465.03,True,True,False
2025-07-10,493.0,1557281,225,-104,-5,116,,37.03,23.13,46.7,543.53,465.57,False,False,True
2025-07-11,492.0,861154,112,-82,-66,-36,,48.27,31.51,46.25,540.85,464.85,False,False,True
2025-07-14,493.5,709625,221,50,-5,266,,56.97,40.0,47.07,536.76,465.19,False,False,True
2025-07-15,495.0,1160480,-235,30,26,-179,,70.31,50.1,47.93,533.28,465.57,False,False,True
2025-07-16,504.0,2852077,131,30,-15,146,,74.2,58.14,52.88,527.12,468.53,False,False,True
2025-07-17,510.0,1041996,160,-20,28,168,,80.8,65.69,55.89,526.15,468.9,False,False,True
2025-07-18,509.0,918552,-17,-10,18,-9,,84.54,71.97,55.26,526.41,468.84,False,False,True
2025-07-21,507.0,657511,61,32,-7,85,,84.63,76.19,53.94,525.55,469.1,False,False,True
2025-07-22,498.0,1058778,-66,144,-24,54,,71.89,74.76,48.36,522.83,469.82,False,False,True
2025-07-23,519.0,2461207,792,41,119,952,,80.22,76.58,59.02,522.35,470.1,False,True,True
2025-07-24,523.0,1594982,147,8,13,168,,80.61,77.92,60.69,524.17,469.08,False,False,True
2025-07-25,521.0,667478,-28,100,-16,56,,78.94,78.26,59.39,526.86,467.99,False,False,True
2025-07-28,525.0,959760,175,103,-4,274,,80.56,79.03,61.18,530.38,466.67,False,False,True
2025-07-29,523.0,3690385,17,257,73,347,0.09,72.66,76.91,59.76,533.56,466.74,False,False,True
2025-07-30,536.0,1934376,407,232,65,705,-0.08,75.89,76.57,65.38,539.02,466.13,False,False,True
2025-07-31,530.0,1164473,-206,-4,-33,-243,0.02,74.12,75.75,61.14,542.55,466.2,False,False,True
2025-08-01,525.0,1524807,-95,10,113,28,-0.02,69.68,73.73,57.77,543.84,469.61,False,False,True
2025-08-04,525.0,1017359,-77,274,-36,161,-0.02,65.9,71.12,57.77,543.76,474.84,False,False,True
2025-08-05,529.0,474836,149,-5,-3,141,-0.02,60.6,67.61,59.82,542.73,481.62,False,False,True
2025-08-06,523.0,543572,-34,46,-1,12,-0.01,50.81,62.01,55.47,542.3,485.75,False,False,True
2025-08-07,523.0,672781,144,16,-15,145,-0.0,44.29,56.11,55.47,542.24,488.81,False,False,True
2025-08-08,532.0,1725435,646,-218,42,469,0.01,49.32,53.84,60.47,542.78,492.27,False,False,True
2025-08-11,520.0,1462570,-544,21,-9,-532,0.04,40.66,49.45,52.07,541.43,496.27,False,False,True
2025-08-12,542.0,3223277,792,42,124,957,0.35,58.29,52.4,62.39,543.11,499.29,False,True,True
2025-08-13,535.0,1777700,26,104,-35,95,-0.27,58.16,54.32,58.1,543.9,501.6,False,False,True
2025-08-14,546.0,1725097,70,28,163,261,0.14,67.72,58.78,62.47,547.21,501.89,False,False,True
2025-08-15,492.0,8432720,-4572,-145,137,-4580,0.23,45.43,54.33,40.28,549.83,497.57,False,False,False
2025-08-18,483.0,4112494,-1186,-253,64,-1375,0.08,32.57,47.08,37.87,553.59,491.41,False,False,False
2025-08-19,470.0,3842357,-1866,-175,36,-2005,0.13,21.71,38.62,34.64,558.68,483.52,False,False,False
2025-08-20,478.0,2861960,-58,-91,1,-147,0.0,19.18,32.14,38.14,561.29,476.81,False,False,False
2025-08-21,474.0,2488610,-557,-50,39,-568,0.04,15.92,26.74,37.07,563.33,469.87,True,False,False
2025-08-22,473.0,1011879,27,-183,21,-135,-0.02,13.36,22.28,36.79,564.75,463.65,True,False,False
2025-08-25,479.5,1014715,-158,-85,-13,-256,-0.02,14.2,19.59,39.94,564.48,459.37,True,False,False
2025-08-26,482.0,1504222,-144,-204,39,-310,0.09,15.97,18.38,41.15,563.79,455.96,True,False,False
2025-08-27,484.5,1047135,-294,-13,47,-259,0.01,21.47,19.41,42.4,560.88,453.72,True,True,False
2025-08-28,485.0,789306,-94,24,-2,-72,0.1,36.15,24.99,42.67,558.4,451.7,False,False,False
2025-08-29,489.0,1780872,-47,-44,60,-31,-0.01,48.06,32.68,44.83,556.19,450.31,False,False,False
2025-09-01,483.0,1151073,11,-29,-29,-47,0.07,49.75,38.37,42.25,553.79,448.51,False,False,False
2025-09-02,480.0,805741,-181,14,-17,-184,0.04,43.86,40.2,40.98,550.44,446.96,False,False,False
2025-09-03,482.0,685077,148,8,36,191,-0.02,42.45,40.95,42.23,547.58,445.72,False,False,False
2025-09-04,480.5,1009396,-13,-31,60,16,0.02,36.81,39.57,41.52,544.36,444.69,False,False,False
2025-09-05,528.0,6183079,1388,-104,586,1871,0.24,57.87,45.67,62.81,543.55,445.1,False,True,True
2025-09-08,539.0,6914631,636,92,-18,710,-0.16,64.96,52.1,65.9,547.25,443.3,False,False,True
2025-09-09,550.0,4473925,583,50,128,761,-0.1,74.19,59.46,68.71,549.26,442.09,False,False,True
2025-09-10,605.0,11123021,-455,206,529,280,0.6,82.79,67.24,78.31,569.96,428.39,False,False,True
2025-09-11,586.0,8102145,312,158,-69,401,-0.01,82.22,72.23,70.29,579.4,422.95,False,False,True
2025-09-12,624.0,9674653,1119,585,48,1752,0.44,84.22,76.23,75.66,603.14,412.41,False,False,True
2025-09-15,664.0,13228551,-469,853,567,951,0.76,87.44,79.96,79.8,634.12,399.53,False,False,True
2025-09-16,688.0,14713092,142,1385,-291,1236,0.25,89.1,83.01,81.8,665.44,390.01,False,False,True
2025-09-17,688.0,3618022,125,-1,244,369,0.18,90.13,85.38,81.8,691.16,385.29,False,False,True
2025-09-18,722.0,4550613,-500,19,863,383,0.37,92.08,87.62,84.35,720.87,380.38,False,False,True
2025-09-19,722.0,2973393,-136,-36,563,392,0.03,93.34,89.52,84.35,745.4,380.75,False,False,True
2025-09-22,737.0,2427223,512,16,459,987,0.19,95.0,91.35,85.39,769.45,382.45,False,False,True
2025-09-23,710.0,3662779,519,-8,230,741,-0.01,89.05,90.58,75.6,784.38,390.32,False,False,True
2025-09-24,695.0,4556166,924,-73,143,994,0.15,79.67,86.94,70.75,794.26,401.49,False,False,True
2025-09-25,669.0,3102856,734,-44,-105,586,-0.25,61.45,78.44,63.18,798.37,415.78,False,False,True
2025-09-26,642.0,4045860,580,-92,-89,399,0.06,43.59,66.83,56.42,798.22,431.23,False,False,True
2025-09-30,706.0,3875057,-7,-127,359,226,0.05,50.41,61.35,65.76,802.64,449.11,False,False,True
2025-10-01,724.0,3812558,69,-52,101,117,-0.06,60.21,60.97,67.85,805.91,470.24,False,False,True
2025-10-02,796.0,12968939,1507,1368,-778,2097,0.19,73.48,65.14,74.54,818.86,488.69,False,True,True
2025-10-03,829.0,14193229,133,659,-128,664,1.04,81.33,70.54,76.91,832.81,509.59,False,False,True
2025-10-07,874.0,16168414,-1489,1994,115,620,-0.28,84.65,75.24,79.69,859.37,517.63,False,False,True
2025-10-08,855.0,8650912,829,134,-288,675,-0.59,84.46,78.31,75.55,875.41,533.19,False,False,True
2025-10-09,882.0,9279594,717,502,-268,950,-0.4,87.75,81.46,77.35,893.39,548.41,False,False,True
2025-10-13,846.0,1643892,110,-23,9,95,-0.26,85.39,82.77,69.97,905.02,560.88,False,False,True
2025-10-14,781.0,2424551,-163,-44,42,-165,-0.3,72.44,79.33,59.01,901.28,584.12,False,False,True
2025-10-15,782.0,2389630,-44,-19,-169,-232,0.09,62.37,73.67,59.11,899.74,601.46,False,False,True
2025-10-16,860.0,1951217,512,-38,103,578,-0.29,65.27,70.87,66.42,911.33,609.47,False,False,True
2025-10-17,850.0,1819594,-660,-46,600,-106,0.01,64.32,68.69,64.82,920.46,616.54,False,False,True
2025-10-20,855.0,1645423,-626,69,354,-204,0.04,65.01,67.46,65.27,928.53,625.17,False,False,True
2025-10-21,868.0,1222831,41,-69,260,232,0.03,69.36,68.09,66.47,938.74,629.56,False,True,True
2025-10-22,869.0,1301745,-282,-153,256,-179,0.04,72.53,69.57,66.56,947.62,635.38,False,False,True
2025-10-23,880.0,1241595,-268,-51,233,-86,0.06,80.78,73.31,67.66,957.34,639.96,False,False,True
2025-10-27,968.0,1229253,-248,-22,442,172,0.08,87.19,77.93,74.77,981.45,641.65,False,False,True
2025-10-28,1025.0,11871616,1306,1425,324,3055,0.83,87.93,81.27,78.13,1013.66,642.44,False,False,True
2025-10-29,1045.0,7708160,-428,1225,-200,598,0.4,87.75,83.43,79.17,1040.62,653.08,False,False,True
2025-10-30,1110.0,12767236,-789,730,631,571,0.94,88.0,84.95,82.16,1072.7,667.8,False,False,True
2025-10-31,1065.0,7159856,-1300,11,586,-703,0.53,83.23,84.38,74.22,1092.98,683.42,False,False,True
2025-11-03,1110.0,6025584,42,180,22,244,0.4,84.72,84.49,76.65,1119.74,695.26,False,True,True
2025-11-04,1045.0,6515885,-97,142,111,156,-0.33,78.12,82.37,66.85,1133.86,706.04,False,False,True
2025-11-05,1085.0,10650132,1125,258,-645,738,-0.04,78.4,81.04,69.44,1154.24,711.26,False,False,True
2025-11-06,1160.0,10098778,-1026,916,-330,-440,0.46,81.76,81.28,73.6,1188.6,705.5,False,True,True
2025-11-07,1155.0,8887423,-1355,585,218,-552,0.26,81.37,81.31,72.89,1216.45,707.65,False,False,True
2025-11-10,1270.0,6259745,-425,237,312,125,0.99,87.58,83.4,78.14,1267.37,695.53,False,False,True
2025-11-11,1310.0,11365558,-541,143,-3,-401,-0.25,86.75,84.52,79.61,1318.25,691.05,False,False,True
2025-11-12,1315.0,7637803,-629,109,-345,-864,0.38,86.6,85.21,79.8,1355.53,707.17,False,False,True
2025-11-13,1315.0,13675415,165,133,-863,-565,0.24,85.14,85.19,79.8,1383.5,732.5,False,False,True
2025-11-14,1260.0,11110873,1813,-437,-805,570,-0.2,79.83,83.4,71.57,1401.42,754.58,False,False,True
2025-11-17,1290.0,9469104,179,-139,-311,-271,0.13,78.65,81.82,73.19,1417.93,782.07,False,False,True
2025-11-18,1195.0,10470854,2302,-389,-627,1286,-1.43,62.55,75.4,61.26,1415.54,818.46,False,False,True
2025-11-19,1120.0,11439110,2724,-1240,-1209,275,0.01,44.0,64.93,53.8,1404.2,855.0,False,False,True
2025-11-20,1180.0,14981616,336,-903,-75,-642,0.48,41.13,57.0,58.18,1391.38,898.92,False,False,True
2025-11-21,1065.0,1879460,-165,22,-59,-202,-0.53,27.42,47.14,48.65,1370.78,938.02,False,False,True
2025-11-24,1055.0,9408135,1309,-572,-89,648,-0.33,20.59,38.29,47.91,1362.48,955.02,False,False,True
2025-11-25,1100.0,10169135,-1308,-163,-27,-1498,0.64,20.21,32.26,51.47,1358.47,966.53,False,False,True
2025-11-26,1015.0,10622275,374,-827,-235,-687,-0.07,14.86,26.46,45.2,1361.17,960.83,False,False,True
2025-11-27,1055.0,5900353,-31,-375,55,-351,0.46,15.0,22.64,48.38,1362.84,953.66,True,False,True
2025-11-28,1120.0,8571825,-1409,410,46,-953,0.52,23.33,22.87,53.15,1361.75,960.25,True,True,True
2025-12-01,1105.0,5083416,-1338,79,51,-1209,0.32,33.98,26.57,51.96,1361.78,959.72,False,False,True
2025-12-02,1070.0,5662810,-852,-92,-37,-981,0.08,34.93,29.36,49.19,1360.29,963.71,False,False,True
2025-12-03,1070.0,5339615,-234,152,-56,-138,-0.05,37.87,32.2,49.19,1360.88,961.62,False,False,True
2025-12-04,1030.0,6433797,-827,-70,15,-882,0.21,31.5,31.96,45.93,1362.84,946.66,False,False,True
2025-12-05,1080.0,5383095,-14,365,-53,298,0.28,37.67,33.86,50.35,1361.75,940.25,False,True,True
2025-12-08,1155.0,9219076,-1243,405,48,-790,0.23,57.4,41.71,56.14,1348.47,942.03,False,False,True
2025-12-09,1155.0,5883253,-772,501,230,-41,0.09,66.55,49.99,56.14,1325.52,949.48,False,False,True
2025-12-10,1125.0,5308914,-759,176,111,-472,-0.36,66.59,55.52,53.26,1296.44,959.56,False,False,True
2025-12-11,1105.0,4638207,-737,54,15,-668,0.06,62.57,57.87,51.37,1261.23,973.77,False,False,True
2025-12-12,1125.0,5234059,392,289,70,751,-0.15,63.94,59.9,53.16,1238.04,983.46,False,False,True
2025-12-15,1125.0,6909475,-477,-47,467,-58,-0.4,64.85,61.55,53.16,1198.39,1006.61,False,False,True
2025-12-16,1045.0,9175636,-97,-1931,-177,-2204,0.18,49.29,57.46,45.4,1183.62,1006.38,False,False,True
2025-12-17,1095.0,8087147,3010,-1381,-332,1298,-0.03,48.49,54.47,50.28,1181.58,1005.92,False,False,True
2025-12-18,1080.0,11140357,41,-996,390,-564,-0.17,44.82,51.25,48.87,1166.74,1010.76,False,False,True
2025-12-19,1110.0,8234727,1240,-989,-127,125,-0.45,48.63,50.38,51.79,1168.7,1013.3,False,False,True
2025-12-22,1175.0,10484579,1748,-1261,427,914,0.84,63.74,54.83,57.45,1181.26,1012.74,False,True,True
2025-12-23,1175.0,9492969,-848,-1407,223,-2031,0.45,66.52,58.73,57.45,1191.96,1009.54,False,False,True
2025-12-24,1290.0,13753194,2638,-1368,626,1896,0.52,77.68,65.05,65.72,1230.75,998.25,False,False,True
2025-12-26,1310.0,9609091,242,-1558,445,-872,0.01,84.56,71.55,66.92,1269.13,985.37,False,False,True
2025-12-29,1340.0,7367525,308,17,36,361,-0.17,88.21,77.1,68.7,1308.95,967.55,False,False,True
2025-12-30,1340.0,6321906,-66,9,66,9,0.13,89.5,81.23,68.7,1342.08,957.92,False,False,True
2025-12-31,1450.0,14045797,751,-162,233,822,0.52,91.33,84.6,74.51,1399.16,938.84,False,False,True
2026-01-02,1445.0,7123038,-183,-563,233,-513,0.18,92.03,87.08,73.84,1443.62,931.88,False,False,True
2026-01-05,1470.0,8461031,-674,534,231,91,0.14,91.44,88.53,75.05,1483.54,935.96,False,False,True
2026-01-06,1615.0,11056130,336,115,439,890,0.58,94.3,90.45,80.65,1557.4,915.6,False,False,True
2026-01-07,1675.0,4143305,-552,-79,556,-75,0.2,91.56,90.82,82.41,1635.62,889.38,False,False,True
2026-01-08,1700.0,2629788,38,14,63,115,-0.17,90.47,90.71,83.1,1706.83,872.67,False,False,True
2026-01-09,1630.0,4363892,110,-96,43,58,-0.39,84.69,88.7,74.32,1750.81,879.19,False,False,True
2026-01-12,1775.0,3417286,-169,-90,28,-231,0.77,88.7,88.7,79.22,1818.04,878.96,False,True,True
2026-01-13,1770.0,2727206,-104,-26,-216,-347,0.33,89.59,89.0,78.66,1873.67,887.83,False,False,True
2026-01-14,1775.0,1605028,-117,-111,-71,-299,0.29,90.43,89.47,78.82,1920.67,905.83,False,False,True
2026-01-15,1795.0,1688507,38,-3,-71,-36,0.24,92.23,90.39,79.48,1954.42,947.08,False,False,True
2026-01-16,1890.0,2390443,-342,-42,-40,-423,0.51,92.97,91.25,82.32,2001.39,979.61,False,False,True
2026-01-19,1980.0,3193867,-377,2,-46,-421,0.27,92.28,91.59,84.51,2052.66,1018.34,False,False,True
2026-01-20,2005.0,3015991,-499,-37,47,-489,0.59,93.51,92.23,85.06,2097.27,1063.23,False,False,True
2026-01-21,1905.0,15309053,-1259,924,-1046,-1381,-0.18,82.66,89.04,73.73,2116.08,1117.42,False,False,True
2026-01-22,2055.0,10392553,566,913,-63,1416,-0.25,82.26,86.78,78.38,2151.19,1170.31,False,False,True
2026-01-23,2000.0,6185467,-423,3,83,-337,0.07,77.55,83.7,73.26,2176.37,1216.13,False,False,True
2026-01-26,2075.0,5960703,113,99,-65,147,0.01,79.27,82.23,75.6,2206.88,1262.12,False,False,True
2026-01-27,2120.0,5740165,-141,119,-38,-60,-0.15,82.07,82.17,76.91,2237.47,1309.53,False,False,True
2026-01-28,2285.0,8017187,475,-72,-33,369,0.28,88.04,84.13,80.94,2291.26,1350.24,False,True,True
2026-01-29,2305.0,8772872,-1560,171,-89,-1478,0.3,87.78,85.35,81.36,2347.36,1379.64,False,False,True
2026-01-30,2380.0,9071475,30,-60,147,117,0.51,87.17,85.95,82.9,2404.42,1416.08,False,False,True
2026-02-02,2145.0,8329865,-3015,-83,30,-3068,0.35,73.21,81.71,64.84,2402.48,1485.52,False,False,True
2026-02-03,1990.0,19179180,1811,-542,-647,622,-0.36,52.27,71.89,56.15,2394.47,1531.03,False,False,True
2026-02-04,2055.0,8591584,253,-98,72,227,0.43,42.39,62.06,58.66,2393.12,1570.38,False,False,True
2026-02-05,2020.0,7142212,1233,-233,-113,887,-0.4,33.61,52.58,56.78,2387.29,1608.21,False,False,True
2026-02-06,1895.0,16423553,-1205,-11,-273,-1489,0.12,26.28,43.81,50.55,2364.2,1657.8,False,False,True
2026-02-09,1925.0,7859091,-278,-177,-32,-488,-0.12,22.95,36.86,51.91,2356.65,1680.35,False,False,True
2026-02-10,1825.0,9261682,1002,-790,-243,-32,-0.25,16.79,30.17,47.24,2351.7,1690.8,False,False,True
2026-02-11,1855.0,5917356,488,-556,-124,-192,0.05,14.18,24.84,48.73,2344.91,1705.59,True,False,True
2026-02-23,1925.0,7137856,-471,339,-714,-846,0.3,18.48,22.72,52.13,2336.64,1726.86,True,False,True
2026-02-24,2070.0,5602337,270,443,89,803,-0.06,31.42,25.62,58.3,2338.57,1742.93,True,True,True
2026-02-25,1925.0,12114544,-4030,8,-93,-4114,0.02,35.89,29.04,51.19,2339.18,1736.82,False,False,True
2026-02-26,1890.0,7946745,1330,-740,-58,533,-0.66,34.84,30.98,49.62,2340.39,1724.11,False,False,True
2026-03-02,1920.0,4074937,268,110,5,383,-0.13,37.6,33.18,51.01,2339.91,1726.09,False,False,True
2026-03-03,1755.0,9407654,-964,-428,-494,-1886,-0.45,25.07,30.48,43.85,2348.78,1687.22,False,False,True
2026-03-04,1705.0,10169930,2346,-873,-368,1104,-0.42,23.38,28.11,41.93,2362.49,1644.01,False,False,True
2026-03-05,1800.0,5498158,-521,130,-111,-501,0.41,28.92,28.38,46.71,2358.11,1620.89,False,True,True
2026-03-06,1770.0,6432513,-140,-388,-193,-721,0.22,30.51,29.09,45.44,2347.69,1596.31,False,False,True
2026-03-09,1605.0,10909747,1367,-910,-585,-128,-2.4,21.02,26.4,39.13,2317.48,1558.52,False,False,False
2026-03-10,1745.0,6377674,750,-87,-83,579,0.48,25.92,26.24,45.98,2256.68,1563.32,False,False,True
2026-03-11,1890.0,7972922,-898,326,77,-495,0.67,45.37,32.62,52.01,2152.41,1618.59,False,True,True
2026-03-12,1810.0,5754686,-651,-11,36,-626,-0.15,50.72,38.65,48.77,2107.67,1629.83,False,False,True
2026-03-13,1800.0,4505099,-7,-212,-32,-251,-0.13,53.34,43.55,48.37,2092.92,1625.58,False,False,True
2026-03-16,1980.0,9430807,747,14,329,1090,0.46,68.89,52.0,55.52,2078.09,1632.91,False,False,True
2026-03-17,1945.0,11831183,-693,13,-107,-787,0.41,70.49,58.16,53.96,2065.0,1638.5,False,False,True
2026-03-18,1975.0,9084866,-784,-86,14,-856,0.83,73.11,63.14,55.12,2075.33,1636.17,False,False,True
2026-03-19,1960.0,6088969,-407,-167,253,-322,0.31,73.83,66.71,54.38,2079.94,1635.06,False,False,True
2026-03-20,1915.0,12050075,-150,-83,-69,-303,-0.85,68.27,67.23,52.11,2085.31,1638.69,False,False,True
2026-03-23,1800.0,5045051,96,-142,-173,-218,-0.11,49.68,61.38,46.75,2084.27,1634.23,False,False,True
2026-03-24,1685.0,12208269,1559,-744,-229,586,-0.73,37.83,53.53,42.08,2082.86,1611.64,False,False,False
2026-03-25,1725.0,4786230,-51,-72,29,-93,0.14,32.83,46.63,44.17,2046.7,1613.3,False,False,False
2026-03-26,1650.0,5954344,764,-429,31,365,-0.61,24.06,39.1,41.17,2042.27,1590.23,False,False,False
2026-03-27,1565.0,10893732,2553,-2250,29,332,-1.05,20.52,32.91,38.02,2049.23,1550.77,False,False,False
2026-03-30,1605.0,6975523,491,-202,-26,263,0.08,20.4,28.74,40.33,2041.24,1527.26,False,False,False
2026-03-31,1500.0,10488992,535,-73,-162,300,-0.45,15.15,24.21,36.49,2058.19,1484.81,False,False,False
2026-04-01,1650.0,5369842,-438,18,61,-359,0.47,21.31,23.24,44.62,2059.16,1478.34,True,False,False
2026-04-02,1555.0,8847475,-1619,-92,201,-1510,0.54,20.96,22.48,41.03,2061.65,1451.35,False,False,False
2026-04-07,1570.0,5165564,-20,-411,102,-329,0.18,22.77,22.58,41.83,2062.7,1430.3,False,True,False
2026-04-08,1725.0,8111753,-760,-98,68,-790,1.01,42.5,29.22,49.41,2061.87,1443.13,False,False,False
2026-04-09,1615.0,8632711,-2062,-255,-124,-2442,0.04,44.71,34.38,44.93,2061.44,1430.56,False,False,False
2026-04-10,1660.0,7911397,797,-36,90,850,0.07,52.65,40.47,47.05,2044.56,1424.44,False,False,False
2026-04-13,1720.0,8261907,-190,-30,29,-191,0.06,60.62,47.19,49.81,2038.05,1421.95,False,False,False
2026-04-14,1760.0,8601602,-394,200,244,50,0.14,66.44,53.6,51.63,2034.65,1421.35,False,False,False
2026-04-15,1630.0,12375738,-3737,-578,-274,-4589,-0.08,53.9,53.7,45.83,1995.81,1425.19,False,False,False
2026-04-16,1585.0,8821880,-494,-1386,121,-1759,-0.04,40.45,49.29,43.99,1960.41,1424.59,False,False,False
2026-04-17,1570.0,7629221,31,-1186,61,-1093,0.12,29.27,42.61,43.36,1909.75,1434.75,False,False,False
2026-04-20,1635.0,6892447,1326,-378,35,983,-0.09,28.87,38.03,46.89,1851.33,1460.67,False,False,False
2026-04-21,1765.0,10142085,335,-208,117,244,0.91,43.81,39.96,53.16,1810.66,1486.34,False,True,False
2026-04-22,1775.0,8779304,-109,-255,34,-330,0.22,54.94,44.95,53.62,1804.81,1489.69,False,False,False
2026-04-23,1705.0,11355236,-548,-199,-24,-771,0.15,52.01,47.3,49.97,1807.07,1489.43,False,False,False
2026-04-24,1680.0,7299247,-26,-242,62,-206,-0.26,47.49,47.37,48.69,1801.48,1490.52,False,False,False
2026-04-27,1835.0,10698419,1373,145,338,1857,0.82,60.38,51.7,56.16,1832.26,1478.24,False,False,False
2026-04-28,1970.0,13757275,-530,626,347,443,1.33,72.05,58.49,61.43,1896.29,1454.71,False,False,False
2026-04-29,2070.0,13474068,742,787,396,1926,0.15,81.05,66.01,64.81,1978.37,1419.13,False,False,True
2026-04-30,1900.0,15621511,-3338,352,-110,-3096,-0.83,72.58,68.2,55.86,1995.72,1441.78,False,False,False
2026-05-04,2010.0,8323380,1259,78,129,1466,-0.16,71.44,69.28,59.73,2040.42,1433.08,False,False,True
2026-05-05,2115.0,9355836,195,56,220,471,0.41,77.22,71.93,63.06,2099.53,1429.97,False,False,True
2026-05-06,2325.0,13302807,2479,864,336,3679,0.12,84.81,76.22,68.65,2207.68,1397.32,False,False,True
2026-05-07,2390.0,12419199,-319,275,122,78,-0.47,85.61,79.35,70.16,2316.29,1355.21,False,False,True
2026-05-08,2430.0,13334512,1070,297,-67,1301,-0.65,87.3,82.0,71.08,2413.17,1339.83,False,False,True
2026-05-11,2670.0,1793791,-114,0,147,32,0.12,91.53,85.18,75.88,2559.43,1294.57,False,False,True
2026-05-12,2725.0,15579331,-2247,647,-94,-1694,0.55,89.67,86.67,76.83,2694.45,1260.05,False,False,True
2026-05-13,2620.0,8872042,77,-531,-41,-495,-0.43,84.78,86.04,71.08,2784.2,1256.3,False,False,True
2026-05-14,2880.0,9894970,347,-236,123,234,-0.03,89.85,87.31,75.89,2913.85,1251.65,False,True,True
2026-05-15,2650.0,13037341,-2409,12,-445,-2842,-0.26,84.52,86.38,65.5,2969.29,1302.71,False,False,True
2026-05-18,2735.0,8642239,-509,-34,14,-529,-0.12,82.25,85.0,67.28,3023.82,1364.68,False,False,True
2026-05-19,2465.0,9028233,-2656,-96,-164,-2917,0.02,66.88,78.96,57.18,3029.8,1441.7,False,False,True
2026-05-20,2265.0,13617629,-144,-1169,-458,-1771,-0.45,46.38,68.1,51.06,3023.25,1498.25,False,False,True
2026-05-21,2335.0,7664579,-986,-426,161,-1251,0.13,35.42,57.21,52.96,3016.49,1561.01,False,False,True
2026-05-22,2430.0,6123057,-888,-6,92,-802,-0.03,33.14,49.18,55.48,3000.67,1649.33,False,False,True
2026-05-25,2480.0,8096588,-704,-317,17,-1004,-0.02,34.26,44.21,56.79,2971.02,1758.98,False,False,True
2026-05-26,2505.0,7287380,-734,-98,48,-784,0.12,36.33,41.58,57.47,2953.05,1843.95,False,False,True
2026-05-27,2480.0,10481063,-1996,-195,-84,-2275,0.08,37.0,40.06,56.52,2941.24,1906.76,False,False,True
2026-05-28,2450.0,7044737,699,-262,-44,392,-0.37,37.87,39.33,55.33,2932.67,1953.33,False,False,True
2026-05-29,2575.0,6552345,355,19,140,513,0.12,47.81,42.16,59.17,2896.95,2056.55,False,True,True
2026-06-01,2770.0,8835500,298,-37,112,373,0.39,62.02,48.78,64.32,2892.55,2136.95,False,False,True
2026-06-02,2820.0,10009778,-145,-85,79,-151,0.23,73.74,57.1,65.52,2901.39,2198.61,False,False,True
2026-06-03,2685.0,11235724,-2196,-448,-95,-2739,-0.47,72.78,62.33,59.68,2907.54,2228.46,False,False,True
2026-06-04,2580.0,7685081,73,-450,-62,-439,-0.03,65.35,63.33,55.53,2906.54,2248.46,False,False,True
2026-06-05,2450.0,11594291,293,-1454,-233,-1395,0.14,48.38,58.35,50.83,2905.77,2251.23,False,False,True
2026-06-08,2250.0,8510440,869,-569,-269,31,-0.92,34.64,50.45,44.57,2912.75,2202.25,False,False,True
2026-06-09,2360.0,5162628,-281,-275,34,-522,0.09,31.29,44.06,48.33,2895.77,2182.73,False,False,True
2026-06-10,2155.0,7107224,552,-209,-308,34,-0.82,21.81,36.64,42.53,2909.12,2122.88,False,False,True
2026-06-11,2200.0,6753337,255,43,-44,254,-0.33,20.56,31.28,44.12,2859.89,2104.11,False,False,True
2026-06-12,2310.0,4980683,-365,-172,72,-465,0.39,24.46,29.01,47.9,2841.66,2088.34,False,False,True
2026-06-15,2320.0,5876946,-905,2,-237,-1140,0.17,27.49,28.5,48.25,2803.61,2084.89,False,False,True
2026-06-16,2375.0,5629570,826,-542,35,319,-0.11,34.36,30.46,50.19,2800.27,2079.23,False,True,True
2026-06-17,2330.0,4549258,-762,-6,-325,-1094,0.23,38.69,33.2,48.58,2798.02,2087.98,False,False,True
2026-06-18,2530.0,8183771,708,72,254,1034,0.18,58.78,41.73,55.42,2805.98,2099.52,False,False,True
2026-06-22,2580.0,7476283,-901,-12,117,-796,0.5,67.6,50.35,56.96,2817.79,2102.71,False,False,True
2026-06-23,2430.0,6978030,-247,26,-58,-280,-0.34,65.29,55.33,51.24,2815.41,2100.09,False,False,True
2026-06-24,2500.0,7363059,528,52,-6,574,-0.16,67.57,59.41,53.58,2815.03,2099.97,False,False,True
2026-06-25,2475.0,6448623,-111,-98,13,-195,-0.01,61.5,60.1,52.61,2814.72,2099.78,False,False,True
2026-06-26,2310.0,5854397,174,19,-165,28,-0.23,43.16,54.46,46.6,2813.75,2086.75,False,False,True
2026-06-29,2340.0,2743681,261,23,34,318,-0.11,33.54,47.48,47.77,2800.21,2076.79,False,False,True
2026-06-30,2385.0,3020333,75,16,44,134,-0.11,31.02,41.99,49.55,2745.96,2092.54,False,False,True
2026-07-01,2270.0,5087135,-381,-183,-81,-645,0.1,21.88,35.29,45.3,2664.58,2118.92,False,False,True
2026-07-02,2240.0,4060875,-332,-21,-37,-391,0.14,21.13,30.57,44.23,2612.59,2126.41,False,False,False
2026-07-03,2295.0,3593631,706,-279,71,498,-0.09,24.65,28.6,46.71,2579.03,2131.47,False,False,True
2026-07-06,2290.0,4723607,-387,1,-25,-411,0.13,26.66,27.95,46.5,2568.19,2126.31,False,False,True
2026-07-07,2145.0,6249583,-1566,-13,-290,-1869,-0.02,18.44,24.78,40.96,2577.2,2106.8,False,False,False
2026-07-08,2140.0,3487244,82,-50,-57,-24,-0.05,16.64,22.07,40.78,2582.66,2079.34,True,False,False
2026-07-09,2220.0,3930655,752,1,5,758,-0.25,24.82,22.98,44.96,2577.89,2090.61,True,True,False
2026-07-13,2170.0,2918529,-130,-28,-91,-249,0.01,25.37,23.78,42.92,2580.21,2085.29,False,False,False
2026-07-14,2050.0,6739727,261,-169,-617,-525,-0.23,23.72,23.76,38.42,2597.68,2041.82,False,False,False
2026-07-15,2105.0,4837158,271,-269,-117,-115,0.04,26.57,24.7,41.45,2603.06,2014.94,False,True,False
2026-07-16,1980.0,5632950,-144,-824,34,-934,0.18,19.5,22.96,36.99,2615.9,1962.6,False,False,False
2026-07-17,1785.0,6919196,879,-301,-217,362,-0.82,13.0,19.64,31.33,2657.92,1866.08,True,False,False
2026-07-20,1735.0,4795731,421,13,-347,87,-0.24,11.4,16.9,30.06,2662.08,1782.42,True,False,False
2026-07-21,1855.0,2959336,75,-43,175,207,-0.02,17.12,16.97,36.7,2621.16,1750.84,True,True,False
2026-07-22,1915.0,4332586,-204,34,106,-64,0.08,24.3,19.42,39.77,2595.57,1724.93,True,False,False
2026-07-23,1920.0,3112781,11,5,60,76,-0.06,29.48,22.77,40.03,2548.15,1714.35,False,False,False
2026-07-24,1825.0,5070538,-843,7,-33,-869,0.11,28.71,24.75,36.77,2504.0,1693.5,False,False,False
2026-07-27,1820.0,4219816,287,-78,42,251,-0.19,28.05,25.85,36.6,2484.94,1663.56,False,False,False
2026-07-28,1650.0,4719999,-370,-22,-98,-489,-0.22,19.54,23.75,31.32,2471.81,1607.69,False,False,False
2026-07-29,1515.0,8834377,-192,-561,-341,-1094,-0.56,14.98,20.83,27.88,2456.24,1536.26,True,False,False
2026-07-30,1495.0,7250845,-217,390,-90,83,-0.13,13.02,18.22,27.4,2449.83,1465.17,True,False,False
2026-07-31,1640.0,1314412,-193,0,65,-128,-0.06,20.5,18.98,36.0,2420.47,1434.53,True,True,False
2026-08-03,1760.0,6127731,864,142,-141,865,-0.06,32.76,23.57,42.12,2367.09,1434.41,False,False,False
2026-08-04,1820.0,4588289,-287,59,-84,-312,0.02,45.65,30.93,44.95,2306.93,1447.57,False,False,False
2026-08-05,1845.0,3866831,-276,20,-269,-525,0.18,55.83,39.23,46.13,2273.11,1451.39,False,False,False
2026-08-06,2025.0,5665868,632,-56,203,779,-0.14,70.55,49.67,53.82,2253.99,1459.01,False,False,False
2026-08-07,2020.0,7008572,70,-718,103,-545,0.21,77.46,58.93,53.59,2214.45,1478.55,False,False,False
